# modern-frequency recovery set: wordfreq zh rank <= 80000, plus wanxiang weight>=1000, plus personal list
一万名	yiwanming
一万步	yiwanbu
一丈	yizhang
一丝	yisi
一个劲儿	yigejiner
一个包	yigebao
一个团	yigetuan
一个圈	yigequan
一个多	yigeduo
一个头	yigetou
一个集	yigeji
一中	yizhong
一中全会	yizhongquanhui
一为	yiwei
一九八	yijiuba
一九八九年	yijiubajiunian
一九四	yijiusi
一了百了	yiliaobailiao
一事	yishi
一二九	yierjiu
一二年	yiernian
一五	yiwu
一人之下	yirenzhixia
一介	yijie
一仗	yizhang
一任	yiren
一例	yili
一元化	yiyuanhua
一党制	yidangzhi
一关	yiguan
一具	yiju
一出戏	yichuxi
一击	yiji
一分一秒	yifenyimiao
一刻钟	yikezhong
一剑	yijian
一加	yijia
一动	yidong
一劫	yijie
一区	yiqu
一千一百	yiqianyibai
一千七百	yiqianqibai
一千三百	yiqiansanbai
一千两	yiqianliang
一千八百	yiqianbabai
一千六百	yiqianliubai
一千名	yiqianming
一千四百	yiqiansibai
一千次	yiqianci
一千零一夜	yiqianlingyiye
一半儿	yibaner
一卡通	yikatong
一去不复返	yiqubufufan
一变	yibian
一号线	yihaoxian
一向	yixiang
一吻	yiwen
一周年	yizhounian
一味	yiwei
一响	yixiang
一四	yisi
一团乱	yituanluan
一在	yizai
一城	yicheng
一堵	yidu
一声	yisheng
一夕	yixi
一夜间	yiyejian
一夫一妻制	yifuyiqizhi
一夫多妻	yifuduoqi
一夫多妻制	yifuduoqizhi
一字马	yizima
一季	yiji
一宗	yizong
一审判决	yishenpanjue
一家之主	yijiazhizhu
一尘不染	ycbr
一尝	yichang
一己	yiji
一席	yixi
一席话	yixihua
一幅	yifu
一年生	yiniansheng
一床	yichuang
一应	yiying
一建	yijian
一弹	yitan
一役	yiyi
一惊	yijing
一想	yixiang
一手遮天	yishouzhetian
一扫而空	yisaoerkong
一护	yihu
一报	yibao
一挥	yihui
一捆	yikun
一掌	yizhang
一探	yitan
一揽子	yilanzi
一支	yizhi
一数	yishu
一日千里	yiriqianli
一时	yishi
一时半会儿	yishibanhuier
一时期	yishiqi
一星	yixing
一景	yijing
一朝一夕	yizhaoyixi
一期	yiqi
一木	yimu
一枝花	yizhihua
一柱	yizhu
一树	yishu
一案	yian
一梦	yimeng
一棵	yike
一步一个脚印	yibuyigejiaoyin
一死	yisi
一段路	yiduanlu
一汽	yiqi
一派胡言	yipaihuyan
一游	yiyou
一滴	yidi
一点半	yidianban
一点钟	yidianzhong
一玩	yiwan
一百一十	yibaiyishi
一百七十	yibaiqishi
一百三十	yibaisanshi
一百九十	yibaijiushi
一百元	yibaiyuan
一百六十	yibailiushi
一百名	yibaiming
一百周年	yibaizhounian
一百四十	yibaisishi
一百天	yibaitian
一百岁	yibaisui
一百次	yibaici
一百米	yibaimi
一省	yisheng
一眨眼	yizhayan
一神教	yishenjiao
一程	yicheng
一章	yizhang
一笑置之	yixiaozhizhi
一等功	yidenggong
一箭	yijian
一箱	yixiang
一纸空文	yizhikongwen
一线天	yixiantian
一线希望	yixianxiwang
一线生机	yixianshengji
一而再	yierzai
一胎化	yitaihua
一致同意	yizhitongyi
一般见识	yibanjianshi
一色	yise
一英里	yiyingli
一袭	yixi
一览表	yilanbiao
一言堂	yiyantang
一记	yiji
一语	yiyu
一课	yike
一贯制	yiguanzhi
一走了之	yizouliaozhi
一辈	yibei
一遇	yiyu
一长	yichang
一间	yijian
一院制	yiyuanzhi
一隅	yiyu
一面倒	yimiandao
一题	yiti
一马当先	yimadangxian
一鸣	yiming
丁卯	dingmao
丁宁	dingning
丁当	dingdang
七一	qiyi
七分钟	qifenzhong
七十	qishi
七十一	qishiyi
七十七	qishiqi
七十万	qishiwan
七十六	qishiliu
七十岁	qishisui
七十年	qishinian
七台河市	qitaiheshi
七品	qipin
七处	qichu
七寸	qicun
七层	qiceng
七年级	qinianji
七座	qizuo
七点钟	qidianzhong
七种	qizhong
七言	qiyan
七道	qidao
七部	qibu
七间	qijian
七零八落	qilingbaluo
万万岁	wanwansui
万事如意	wanshiruyi
万人迷	wanrenmi
万以上	wanyishang
万众瞩目	wanzhongzhumu
万余元	wanyuyuan
万余名	wanyuming
万公斤	wangongjin
万公顷	wangongqing
万千瓦	wanqianwa
万华区	wanhuaqu
万博	wanbo
万卷	wanjuan
万县	wanxian
万吨级	wandunji
万多元	wanduoyuan
万多名	wanduoming
万头	wantou
万宁	wanning
万安县	wananxian
万山	wanshan
万州	wanzhou
万州区	wanzhouqu
万斤	wanjin
万民	wanmin
万港元	wangangyuan
万立方米	wanlifangmi
万米	wanmi
万维网	wanweiwang
万荣	wanrong
万贯	wanguan
万部	wanbu
万金	wanjin
万隆	wanlong
三万人	sanwanren
三万多	sanwanduo
三三两两	sansanliangliang
三上	sanshang
三个代表	sangedaibiao
三九	sanjiu
三亚市	sanyashi
三人行	sanrenxing
三八线	sanbaxian
三农	sannong
三匹	sanpi
三十一年	sanshiyinian
三十一日	sanshiyiri
三十三年	sanshisannian
三十二年	sanshiernian
三十五年	sanshiwunian
三十位	sanshiwei
三十八年	sanshibanian
三十六年	sanshiliunian
三十名	sanshiming
三十四年	sanshisinian
三十天	sanshitian
三十日	sanshiri
三十里	sanshili
三千五百	sanqianwubai
三千名	sanqianming
三千年	sanqiannian
三卷	sanjuan
三原县	sanyuanxian
三叉	sancha
三叶虫	sanyechong
三周年	sanzhounian
三圈	sanquan
三字经	sanzijing
三官	sanguan
三寸	sancun
三对	sandui
三尺	sanchi
三层楼	sancenglou
三山	sanshan
三峡大坝	sanxiadaba
三峡工程	sanxiagongcheng
三峰	sanfeng
三废	sanfei
三弦	sanxian
三强	sanqiang
三思而后行	sansierhouxing
三房	sanfang
三批	sanpi
三招	sanzhao
三排	sanpai
三明市	sanmingshi
三星电子	sanxingdianzi
三星级	sanxingji
三星集团	sanxingjituan
三昧	sanmei
三更半夜	sangengbanye
三月初	sanyuechu
三权分立	sanquanfenli
三板	sanban
三枚	sanmei
三枝	sanzhi
三枪	sanqiang
三桥	sanqiao
三段论	sanduanlun
三民	sanmin
三民主义	sanminzhuyi
三水	sanshui
三江	sanjiang
三泽	sanze
三派	sanpai
三点式	sandianshi
三王	sanwang
三班	sanban
三百个	sanbaige
三百五十	sanbaiwushi
三百名	sanbaiming
三百块	sanbaikuai
三盘	sanpan
三相	sanxiang
三眼	sanyan
三秦	sanqin
三等功	sandenggong
三级片	sanjipian
三结合	sanjiehe
三缄其口	sanjianqikou
三网	sanwang
三聚氰胺	sanjuqingan
三股	sangu
三胞胎	sanbaotai
三艘	sansou
三色旗	sanseqi
三藩市	sanfanshi
三行	sanhang
三角地	sanjiaodi
三角裤	sanjiaoku
三路	sanlu
三通	santong
三镇	sanzhen
三门峡	sanmenxia
三门峡市	sanmenxiashi
三队	sandui
三阳	sanyang
三陪	sanpei
三顿	sandun
三鹿	sanlu
上万名	shangwanming
上下学	shangxiaxue
上下级	shangxiaji
上中下	shangzhongxia
上主	shangzhu
上人	shangren
上传者	shangchuanzhe
上佳	shangjia
上刻	shangke
上半叶	shangbanye
上卷	shangjuan
上合	shanghe
上吊自杀	shangdiaozisha
上告	shanggao
上呼吸道	shanghuxidao
上唇	shangchun
上垒	shanglei
上城	shangcheng
上家	shangjia
上山下乡	shangshanxiaxiang
上师	shangshi
上帝保佑	shangdibaoyou
上座部	shangzuobu
上弦	shangxian
上房	shangfang
上推	shangtui
上星期	shangxingqi
上杭	shanghang
上杭县	shanghangxian
上海东方	shanghaidongfang
上海博物馆	shanghaibowuguan
上海市委	shanghaishiwei
上海浦东	shanghaipudong
上海港	shanghaigang
上海申花	shanghaishenhua
上海站	shanghaizhan
上海银行	shanghaiyinhang
上海队	shanghaidui
上甘岭	shangganling
上盖	shanggai
上移	shangyi
上端	shangduan
上蔡	shangcai
上虞	shangyu
上规模	shangguimo
上议院	shangyiyuan
上访者	shangfangzhe
上门服务	shangmenfuwu
上集	shangji
上颌	shanghe
上颌骨	shanghegu
上饶	shangrao
上饶市	shangraoshi
上高县	shanggaoxian
下个星期	xiagexingqi
下位	xiawei
下半叶	xiabanye
下半生	xiabansheng
下周一	xiazhouyi
下品	xiapin
下唇	xiachun
下定	xiading
下属单位	xiashudanwei
下款	xiakuan
下能	xianeng
下腹	xiafu
下诺夫哥罗德	xianuofugeluode
下贱	xiajian
下载站	xiazaizhan
下野	xiaye
下院	xiayuan
下陷	xiaxian
下颚	xiae
不一	buyi
不下于	buxiayu
不中用	buzhongyong
不久以后	bujiuyihou
不亲	buqin
不人道	burendao
不以	buyi
不伤	bushang
不信任案	buxinrenan
不倒	budao
不倒翁	budaoweng
不值	buzhi
不共戴天	bugongdaitian
不分青红皂白	bufenqinghongzaobai
不利	buli
不力	buli
不只	buzhi
不可不	bukebu
不可同日而语	buketongrieryu
不向	buxiang
不响	buxiang
不在此限	buzaicixian
不夜城	buyecheng
不失时机	bushishiji
不好办	buhaoban
不实用	bushiyong
不容许	burongxu
不对头	buduitou
不属	bushu
不已	buyi
不帮	bubang
不彰	buzhang
不得人心	buderenxin
不得好死	budehaosi
不怕牺牲	bupaxisheng
不惜一切	buxiyiqie
不愧为	bukuiwei
不成文	buchengwen
不成比例	buchengbili
不支	buzhi
不攻自破	bgzp
不断前进	buduanqianjin
不时之需	bushizhixu
不明智	bumingzhi
不明飞行物	bumingfeixingwu
不是故意	bsgy
不来梅	bulaimei
不治之症	buzhizhizheng
不法	bufa
不法行为	bufaxingwei
不洁	bujie
不济	buji
不满情绪	bumanqingxu
不相容	buxiangrong
不相称	buxiangchen
不祥之兆	buxiangzhizhao
不离	buli
不穷	buqiong
不笨	buben
不算数	busuanshu
不结盟	bujiemeng
不绝于耳	bujueyuer
不肖	buxiao
不能允许	bunengyunxu
不自量力	buziliangli
不良少年	buliangshaonian
不良行为	buliangxingwei
不良贷款	buliangdaikuan
不莱梅	bulaimei
不蠢	buchun
不衰	bushuai
不见踪影	bujianzongying
不解之缘	bujiezhiyuan
不计	buji
不记	buji
不设防	bushefang
不试	bushi
不诚实	buchengshi
不详	buxiang
不语	buyu
不费吹灰之力	bufeichuihuizhili
不辞辛劳	bucixinlao
不达	buda
不醉	buzui
不长	buchang
不降	bujiang
不雅照	buyazhao
不顺心	bushunxin
不领情	bulingqing
不饱和	bubaohe
不香	buxiang
与世长辞	yushichangci
与会代表	yuhuidaibiao
与会者	yuhuizhe
与你同在	yunitongzai
与此相反	yucixiangfan
丑小鸭	chouxiaoya
丑态	choutai
丑行	chouxing
专一性	zhuanyixing
专书	zhuanshu
专事	zhuanshi
专修	zhuanxiu
专刊	zhuankan
专列	zhuanlie
专制主义	zhuanzhizhuyi
专员公署	zhuanyuangongshu
专家建议	zhuanjiajianyi
专户	zhuanhu
专才	zhuancai
专指	zhuanzhi
专断	zhuanduan
专款	zhuankuan
专治	zhuanzhi
专版	zhuanban
专班	zhuanban
专用线	zhuanyongxian
专用车	zhuanyongche
专程	zhuancheng
专署	zhuanshu
专设	zhuanshe
专责	zhuanze
专门从事	zhuanmencongshi
专门店	zhuanmendian
专集	zhuanji
专项资金	zhuanxiangzijin
专题会议	zhuantihuiyi
专题报告	zhuantibaogao
专题片	zhuantipian
专题讨论	zhuantitaolun
世事	shishi
世代相传	shidaixiangchuan
世俗化	shisuhua
世博会	shibohui
世博园	shiboyuan
世卫	shiwei
世孙	shisun
世情	shiqing
世族	shizu
世田谷	shitiangu
世田谷区	shitianguqu
世界之最	shijiezhizui
世界报	shijiebao
世界日报	shijieribao
世界杯赛	shijiebeisai
世界舞台	shijiewutai
世界贸易组织	shijiemaoyizuzhi
世界足球	shijiezuqiu
世界遗产	shijieyichan
世界闻名	shijiewenming
世祖	shizu
世贸中心	shimaozhongxin
世贸大楼	shimaodalou
世贸组织	shimaozuzhi
世间	shijian
世面	shimian
丘比特	qiubite
丘脑	qiunao
丘陵区	qiulingqu
丙烯	bingxi
丙烯酸	bingxisuan
业务收入	yewushouru
业务管理	yewuguanli
业务部	yewubu
业障	yezhang
丛中	congzhong
丛刊	congkan
丛林中	conglinzhong
东亚区	dongyaqu
东亚地区	dongyadiqu
东京都	dongjingdu
东倒西歪	dongdaoxiwai
东光	dongguang
东北亚	dongbeiya
东北侧	dongbeice
东北虎	dongbeihu
东北角	dongbeijiao
东北风	dongbeifeng
东升	dongsheng
东华门	donghuamen
东单	dongdan
东南西北	dnxb
东南角	dongnanjiao
东南风	dongnanfeng
东厂	dongchang
东吴大学	dongwudaxue
东城区	dongchengqu
东头	dongtou
东宁	dongning
东宝	dongbao
东川	dongchuan
东平	dongping
东平县	dongpingxian
东方明珠	dongfangmingzhu
东方红	dongfanghong
东方网	dongfangwang
东昌	dongchang
东来	donglai
东林党	donglindang
东柏林	dongbolin
东欧国家	dongouguojia
东段	dongduan
东沙岛	dongshadao
东流	dongliu
东海县	donghaixian
东海舰队	donghaijiandui
东渡	dongdu
东港	donggang
东湖	donghu
东瀛	dongying
东盟	dongmeng
东直门	dongzhimen
东站	dongzhan
东端	dongduan
东胜	dongsheng
东至	dongzhi
东莞市	dongguanshi
东莱	donglai
东营	dongying
东营市	dongyingshi
东西南北	dongxinanbei
东西向	dongxixiang
东西部	dongxibu
东西长	dongxichang
东路	donglu
东道	dongdao
东道国	dongdaoguo
东郊	dongjiao
东长安街	dongchanganjie
东门外	dongmenwai
东阿	donge
东非	dongfei
东麓	donglu
丝线	sixian
丝织品	sizhipin
丝质	sizhi
丢入	diuru
丢出	diuchu
丢面子	diumianzi
两万五千	liangwanwuqian
两万人	liangwanren
两万元	liangwanyuan
两万名	liangwanming
两个卄	lianggenian
两人于	liangrenyu
两伊	liangyi
两会	lianghui
两例	liangli
两元	liangyuan
两党制	liangdangzhi
两册	liangce
两列	lianglie
两则	liangze
两制	liangzhi
两区	liangqu
两千人	liangqianren
两千余	liangqianyu
两卷	liangjuan
两厢	liangxiang
两发	liangfa
两周年	liangzhounian
两回	lianghui
两国之间	liangguozhijian
两国人民	liangguorenmin
两国关系	liangguoguanxi
两国政府	liangguozhengfu
两国间	liangguojian
两姐妹	liangjiemei
两子	liangzi
两字	liangzi
两季	liangji
两学	liangxue
两尊	liangzun
两层楼	liangcenglou
两岸关系	lianganguanxi
两州	liangzhou
两席	liangxi
两年制	liangnianzhi
两性关系	liangxingguanxi
两房	liangfang
两手抓	liangshouzhua
两招	liangzhao
两晋	liangjin
两期	liangqi
两极化	liangjihua
两栋	liangdong
两栖动物	liangqidongwu
两检	liangjian
两江	liangjiang
两湖	lianghu
两班	liangban
两百多万	liangbaiduowan
两相	liangxiang
两票	liangpiao
两立	liangli
两站	liangzhan
两粒	liangli
两线	liangxian
两股	lianggu
两袖清风	liangxiuqingfeng
两趟	liangtang
两重	liangchong
两重天	liangchongtian
两重性	liangchongxing
两院	liangyuan
两院制	liangyuanzhi
两集	liangji
两面派	liangmianpai
两鬓	liangbin
严令	yanling
严刑拷打	yanxingkaoda
严厉打击	yanlidaji
严厉批评	yanlipiping
严惩不贷	yanchengbudai
严整	yanzheng
严明	yanming
严肃处理	yansuchuli
严肃性	yansuxing
严重威胁	yanzhongweixie
严重破坏	yanzhongpohuai
严防	yanfang
严阵以待	yanzhenyidai
丧偶	sangou
丧权辱国	sangquanruguo
丧气	sangqi
丧胆	sangdan
丧葬	sangzang
个人专辑	gerenzhuanji
个人卫生	gerenweisheng
个人崇拜	gerenchongbai
个人档案	gerendangan
个人空间	gerenkongjian
个人赛	gerensai
个人身份	gerenshenfen
个体经营	getijingying
个例	geli
中东国家	zhongdongguojia
中东地区	zddq
中东战争	zhongdongzhanzheng
中东欧	zhongdongou
中东部	zhongdongbu
中书令	zhongshuling
中书省	zhongshusheng
中亚地区	zhongyadiqu
中企	zhongqi
中位	zhongwei
中低收入	zhongdishouru
中保	zhongbao
中信	zhongxin
中元节	zhongyuanjie
中共中央	zhonggongzhongyang
中共党史	zhonggongdangshi
中共党员	zhonggongdangyuan
中兴	zhongxing
中兴通讯	zhongxingtongxun
中创	zhongchuang
中化	zhonghua
中北部	zhongbeibu
中医医院	zhongyiyiyuan
中医学院	zhongyixueyuan
中医师	zhongyishi
中午饭	zhongwufan
中华人民共和国	zhonghuarenmingongheguo
中华医学会	zhonghuayixuehui
中华电信	zhonghuadianxin
中华网	zhonghuawang
中华街	zhonghuajie
中华门	zhonghuamen
中南海	zhongnanhai
中南美洲	zhongnanmeizhou
中南部	zhongnanbu
中印关系	zhongyinguanxi
中叶	zhongye
中后	zhonghou
中国化	zhongguohua
中国史	zhongguoshi
中国崛起	zhongguojueqi
中国戏曲	zhongguoxiqu
中国文联	zhongguowenlian
中国日报	zhongguoribao
中国时报	zhongguoshibao
中国民航	zhongguominhang
中国海	zhongguohai
中国科协	zhongguokexie
中国空军	zhongguokongjun
中国联通	zglt
中国通	zhongguotong
中国邮政	zhongguoyouzheng
中坜	zhongli
中型企业	zhongxingqiye
中堂	zhongtang
中外合资	zhongwaihezi
中央党校	zhongyangdangxiao
中央公园	zhongyanggongyuan
中央军	zhongyangjun
中央军委	zhongyangjunwei
中央台	zhongyangtai
中央委员	zhongyangweiyuan
中央局	zhongyangju
中央日报	zhongyangribao
中央研究院	zhongyangyanjiuyuan
中央社	zhongyangshe
中央红军	zhongyanghongjun
中央纪委	zhongyangjiwei
中央苏区	zhongyangsuqu
中央邦	zhongyangbang
中奖率	zhongjianglv
中子	zhongzi
中字	zhongzi
中学校长	zhongxuexiaozhang
中学毕业	zhongxuebiye
中宣部	zhongxuanbu
中小城市	zhongxiaochengshi
中小学校	zhongxiaoxuexiao
中小板	zhongxiaoban
中山公园	zhongshangongyuan
中山堂	zhongshantang
中山市	zhongshanshi
中山陵	zhongshanling
中巴	zhongba
中市	zhongshi
中常	zhongchang
中平	zhongping
中庸之道	zhongyongzhidao
中建	zhongjian
中心主义	zhongxinzhuyi
中心区	zhongxinqu
中心医院	zhongxinyiyuan
中心地带	zhongxindidai
中心小学	zhongxinxiaoxue
中心广场	zhongxinguangchang
中心线	zhongxinxian
中心组	zhongxinzu
中指	zhongzhi
中提琴	zhongtiqin
中文网	zhongwenwang
中文网站	zhongwenwangzhan
中新	zhongxin
中新社	zhongxinshe
中新网	zhongxinwang
中日战争	zhongrizhanzheng
中时	zhongshi
中星	zhongxing
中楷	zhongkai
中油	zhongyou
中波	zhongbo
中海	zhonghai
中海油	zhonghaiyou
中港	zhonggang
中游	zhongyou
中澳	zhongao
中点	zhongdian
中牟	zhongmu
中症	zhongzheng
中盘	zhongpan
中看	zhongkan
中种	zhongzhong
中程	zhongcheng
中立国	zhongliguo
中立性	zhonglixing
中端	zhongduan
中等学校	zhongdengxuexiao
中等教育	zhongdengjiaoyu
中级	zhongji
中级法院	zhongjifayuan
中纪委	zhongjiwei
中纬度	zhongweidu
中组部	zhongzubu
中统	zhongtong
中美洲	zhongmeizhou
中职	zhongzhi
中联	zhonglian
中苏关系	zhongsuguanxi
中药材	zhongyaocai
中街	zhongjie
中西文化	zhongxiwenhua
中观	zhongguan
中视	zhongshi
中译	zhongyi
中试	zhongshi
中资企业	zhongziqiye
中车	zhongche
中过	zhongguo
中选会	zhongxuanhui
中通	zhongtong
中郎将	zhonglangjiang
中都	zhongdu
中野	zhongye
中间价	zhongjianjia
中间体	zhongjianti
中间派	zhongjianpai
中青年	zhongqingnian
中非	zhongfei
中非共和国	zhongfeigongheguo
中音	zhongyin
中高档	zhonggaodang
丰乳	fengru
丰产	fengchan
丰功伟绩	fenggongweiji
丰县	fengxian
丰台	fengtai
丰台区	fengtaiqu
丰城	fengcheng
丰年	fengnian
丰润	fengrun
丰硕	fengshuo
丰碑	fengbei
丰胸	fengxiong
丰衣足食	fengyizushi
丰裕	fengyu
丰顺县	fengshunxian
串流	chuanliu
串起	chuanqi
串门	chuanmen
临到	lindao
临危	linwei
临县	linxian
临头	lintou
临川	linchuan
临幸	linxing
临时政府	linshizhengfu
临检	linjian
临江	linjiang
临汾	linfen
临汾市	linfenshi
临沂	linyi
临沂市	linyishi
临沧	lincang
临河	linhe
临洮	lintao
临洮县	lintaoxian
临海	linhai
临海市	linhaishi
临清	linqing
临漳	linzhang
临潼	lintong
临行	linxing
临门	linmen
临阵脱逃	linzhentuotao
临颍县	linyingxian
丹东市	dandongshi
丹凤	danfeng
丹巴	danba
丹徒	dantu
丹斯里	dansili
丹江口	danjiangkou
丹江口市	danjiangkoushi
丹瑞	danrui
丹阳	danyang
丹麦语	danmaiyu
丹麦队	danmaidui
为人师表	weirenshibiao
为先	weixian
为免	weimian
为友	weiyou
为国捐躯	weiguojuanqu
为奴	weinu
为妻	weiqi
为师	weishi
为您服务	weininfuwu
为政	weizheng
为数不少	weishubushao
为数众多	weishuzhongduo
为期	weiqi
为民除害	weiminchuhai
为生	weisheng
为虎作伥	weihuzuochang
为防	weifang
为题	weiti
为食	weishi
为饵	we
主产	zhuchan
主产区	zhuchanqu
主任委员	zhurenweiyuan
主会场	zhuhuichang
主体工程	zhutigongcheng
主使	zhushi
主力舰	zhulijian
主办人	zhubanren
主办国	zhubanguo
主办权	zhubanquan
主办者	zhubanzhe
主动式	zhudongshi
主叫	zhujiao
主奴	zhunu
主客	zhuke
主客场	zhukechang
主客观	zhukeguan
主导者	zhudaozhe
主席台	zhuxitai
主席团	zhuxituan
主战	zhuzhan
主持者	zhuchizhe
主政者	zhuzhengzhe
主机板	zhujiban
主父	zhufu
主理	zhuli
主祭	zhuji
主罚	zhufa
主考	zhukao
主耶稣	zhuyesu
主裁判	zhucaipan
主角奖	zhujuejiang
主计	zhuji
主计处	zhujichu
主题乐园	zhutileyuan
主题歌	zhutige
丽人	liren
丽兹	lizi
丽塔	lita
丽水市	lishuishi
丽贝卡	libeika
举兵	jubing
举凡	jufan
举办地	jubandi
举国上下	juguoshangxia
举报人	jubaoren
举牌	jupai
举行仪式	juxingyishi
举行会谈	juxinghuitan
举重	juzhong
久已	jiuyi
义不容辞	yiburongci
义举	yiju
义乌	yiwu
义务人	yiwuren
义务兵	yiwubing
义务兵役制	yiwubingyizhi
义勇军	yiyongjun
义县	yixian
义士	yishi
义子	yizi
义愤	yifen
义母	yimu
义父	yifu
义理	yili
义肢	yizhi
之主	zhizhu
之义	zhiyi
之书	zhishu
之争	zhizheng
之事	zhishi
之于	zhiyu
之交	zhijiao
之位	zhiwei
之冠	zhiguan
之刃	zhiren
之剑	zhijian
之力	zhili
之势	zhishi
之友	zhiyou
之名	zhiming
之命	zhiming
之城	zhicheng
之塔	zhita
之境	zhijing
之士	zhishi
之声	zhisheng
之妙	zhimiao
之姿	zhizi
之宝	zhibao
之屋	zhiwu
之巅	zhidian
之影	zhiying
之役	zhiyi
之快	zhikuai
之恩	zhien
之恶	zhie
之意	zhiyi
之效	zhixiao
之敌	zhidi
之新	zhixin
之时	zhishi
之春	zhichun
之术	zhishu
之机	zhiji
之权	zhiquan
之极	zhiji
之树	zhishu
之水	zhishui
之江	zhijiang
之泉	zhiquan
之深	zhishen
之源	zhiyuan
之理	zhili
之福	zhifu
之称	zhicheng
之翼	zhiyi
之耻	zhichi
之职	zhizhi
之舞	zhiwu
之花	zhihua
之虞	zhiyu
之行	zhixing
之计	zhiji
之诉	zhisu
之语	zhiyu
之道	zhidao
乌克兰语	wukelanyu
乌兰	wulan
乌兰夫	wulanfu
乌兰察布	wulanchabu
乌兰巴托	wulanbatuo
乌兹别克	wuzibieke
乌兹别克斯坦	wuzibiekesitan
乌审旗	wushenqi
乌尔都语	wuerduyu
乌拉尔	wulaer
乌桓	wuhuan
乌江	wujiang
乌海市	wuhaishi
乌纱帽	wushamao
乌苏里江	wusulijiang
乌达	wuda
乌迪内	wudinei
乌鲁克	wuluke
乌鲁木齐	wulumuqi
乌鲁木齐市	wulumuqishi
乍看之下	zhakanzhixia
乐业	leye
乐善好施	leshanhaoshi
乐山市	leshanshi
乐平	leping
乐昌	lechang
乐清	yueqing
乐舞	yuewu
乐见	lejian
乐透	letou
乐陵	laoling
乔伊斯	qiaoyisi
乔姆斯基	qiaomusiji
乔帮主	qiaobangzhu
乔木	qiaomu
乔石	qiaoshi
乖孩子	guaihaizi
乘凉	chengliang
乘务	chengwu
乘势	chengshi
乘火车	chenghuoche
乘积	chengji
乘胜	chengsheng
乘胜追击	chengshengzhuiji
乘虚而入	chengxuerru
乘飞机	chengfeiji
乙二醇	yierchun
乙型肝炎	yixingganyan
乙炔	yique
乙烯基	yixiji
乙烷	yiwan
乙级	yiji
九一八事变	jiuyibashibian
九三	jiusan
九三学社	jiusanxueshe
九世	jiushi
九五	jiuwu
九五至尊	jiuwuzhizun
九亿	jiuyi
九华山	jiuhuashan
九品	jiupin
九宫	jiugong
九寨沟	jiuzhaigou
九尾	jiuwei
九尾狐	jiuweihu
九族	jiuzu
九月初	jiuyuechu
九条	jiutiao
九江市	jiujiangshi
九点半	jiudianban
九箱	jiuxiang
九门	jiumen
九间	jiujian
九零	jiuling
九项	jiuxiang
九龙	jiulong
九龙坡区	jiulongpoqu
乞儿	qier
习习	xixi
习仲勋	xizhongxun
习作	xizuo
习惯法	xiguanfa
习近平	xijinping
乡级	xiangji
乡试	xiangshi
乡贤	xiangxian
乡郊	xiangjiao
乡镇企业	xiangzhenqiye
乡长	xiangzhang
乡音	xiangyin
书体	shuti
书刊	shukan
书卷	shujuan
书市	shushi
书成	shucheng
书斋	shuzhai
书画家	shuhuajia
书社	shushe
书虫	shuchong
书记处	shujichu
书面形式	shumianxingshi
买主	maizhu
买买提	maimaiti
买者	maizhe
乱乱	luanluan
乱哄哄	luanhonghong
乱套	luantao
乱局	luanju
乱弹	luantan
乱成一团	luanchengyituan
乱打	luanda
乱放	luanfang
乱流	luanliu
乱舞	luanwu
乱讲	luanjiang
乱说话	luanshuohua
乳剂	ruji
乳名	ruming
乳品	rupin
乳晕	ruyun
乳母	rumu
争创	zhengchuang
争宠	zhengchong
争执	zhengzhi
争权夺利	zhengquanduoli
争霸战	zhengbazhan
争霸赛	zhengbasai
事不关己	shibuguanji
事业心	shiyexin
事中	shizhong
事事	shishi
事件真相	shijianzhenxiang
事件调查	shijiandiaocha
事例	shili
事先	shixian
事出	shichu
事务处	shiwuchu
事务局	shiwuju
事务部	shiwubu
事务部长	shiwubuzhang
事太多	shitaiduo
事宜	shiyi
事实根据	shishigenju
事故现场	shiguxianchang
事理	shili
事迹	shiji
事隔	shige
事项	shixiang
二个月	ergeyue
二中全会	erzhongquanhui
二十一岁	ershiyisui
二十一年	ershiyinian
二十一日	ershiyiri
二十七岁	ershiqisui
二十七年	ershiqinian
二十七日	ershiqiri
二十三岁	ershisansui
二十三日	ershisanri
二十九日	ershijiuri
二十二岁	ershiersui
二十二日	ershierri
二十五岁	ershiwusui
二十五日	ershiwuri
二十余	ershiyu
二十余年	ershiyunian
二十八宿	ershibaxiu
二十八年	ershibanian
二十八日	ershibari
二十六年	ershiliunian
二十六日	ershiliuri
二十分	ershifen
二十名	ershiming
二十周年	ershizhounian
二十四日	ershisiri
二十里	ershili
二千五百	erqianwubai
二卷	erjuan
二叠纪	erdieji
二号线	erhaoxian
二周	erzhou
二品	erpin
二大	erda
二天	ertian
二嫂	ersao
二孩	erhai
二尺	erchi
二日	erri
二期工程	erqigongcheng
二条	ertiao
二氯	erlv
二点	erdian
二环路	erhuanlu
二班	erban
二甲苯	erjiaben
二百年	erbainian
二等兵	erdengbing
二组	erzu
二至	erzhi
二路	erlu
二连	erlian
二选	erxuan
二重唱	erchongchang
二零一	erlingyi
二项	erxiang
于事无补	yushiwubu
于本周	yubenzhou
于柏林	yubolin
于洋	yuyang
云南大学	yndx
云南昆明	yunnankunming
云团	yuntuan
云图	yuntu
云天	yuntian
云岭	yunling
云州	yunzhou
云林	yunlin
云林县	yunlinxian
云梦	yunmeng
云梦县	yunmengxian
云浮市	yunfushi
云游	yunyou
云贵	yungui
云龙	yunlong
互信	huxin
互动式	hudongshi
互助组	huzhuzu
互市	hushi
互惠互利	huhuihuli
互相配合	huxiangpeihe
互联网络	hulianwangluo
互补性	hubuxing
互访	hufang
互通有无	hutongyouwu
五七	wuqi
五七干校	wuqiganxiao
五万元	wuwanyuan
五万多	wuwanduo
五中	wuzhong
五中全会	wuzhongquanhui
五五	wuwu
五人制	wurenzhi
五保	wubao
五保户	wubaohu
五凤	wufeng
五到	wudao
五十个	wushige
五十九	wushijiu
五十元	wushiyuan
五十名	wushiming
五十周年	wushizhounian
五十四	wushisi
五十步笑百步	wushibuxiaobaibu
五千元	wuqianyuan
五华	wuhua
五卷	wujuan
五原	wuyuan
五县	wuxian
五口	wukou
五台县	wutaixian
五台山	wutaishan
五周年	wuzhounian
五味	wuwei
五味子	wuweizi
五场	wuchang
五城	wucheng
五声	wusheng
五夜	wuye
五大洲	wudazhou
五大连池	wudalianchi
五寸	wucun
五小时	wuxiaoshi
五常	wuchang
五座	wuzuo
五彩缤纷	wucaibinfen
五成	wucheng
五星红旗	wuxinghongqi
五是	wushi
五更	wugeng
五月花	wuyuehua
五期	wuqi
五根	wugen
五款	wukuan
五洲	wuzhou
五点钟	wudianzhong
五环	wuhuan
五百名	wubaiming
五百里	wubaili
五福	wufu
五等	wudeng
五篇	wupian
五级	wuji
五花大绑	wuhuadabang
五角大厦	wujiaodasha
五路	wulu
五道	wudao
五里	wuli
五面	wumian
五音不全	wuyinbuquan
五项原则	wuxiangyuanze
井冈山	jinggangshan
井田	jingtian
井陉县	jingxingxian
亚丁	yading
亚丁湾	yadingwan
亚丝娜	yasina
亚利桑那州	yalisangnazhou
亚太区	yataiqu
亚太经合组织	yataijinghezuzhi
亚布力	yabuli
亚松森	yasongsen
亚欧	yaou
亚欧大陆	yaoudalu
亚洲区	yazhouqu
亚洲地区	yazhoudiqu
亚热带	yaredai
亚特兰	yatelan
亚的斯亚贝巴	yadisiyabeiba
亚硝酸	yaxiaosuan
亚纲	yagang
亚细亚	yaxiya
亚美	yamei
亚视	yashi
亚述人	yashuren
亚里士多德	yalishiduode
亚锦赛	yajinsai
亚非	yafei
亚马孙	yamasun
亚马逊河	yamaxunhe
些小	xiexiao
些微	xiewei
亟待解决	jidaijiejue
亡佚	wangyi
亡国奴	wangguonu
亡故	wanggu
亢进	kangjin
交互作用	jiaohuzuoyong
交会点	jiaohuidian
交叉路口	jiaochalukou
交回	jiaohui
交好	jiaohao
交尾	jiaowei
交感神经	jiaoganshenjing
交战国	jiaozhanguo
交换意见	jiaohuanyijian
交换条件	jiaohuantiaojian
交易中心	jiaoyizhongxin
交易会	jiaoyihui
交易商	jiaoyishang
交棒	jiaobang
交欢	jiaohuan
交汇	jiaohui
交汇点	jiaohuidian
交流中心	jiaoliuzhongxin
交流会	jiaoliuhui
交流活动	jiaoliuhuodong
交游	jiaoyou
交火	jiaohuo
交由	jiaoyou
交相	jiaoxiang
交行	jiaohang
交警部门	jiaojingbumen
交通不便	jiaotongbubian
交通厅	jiaotongting
交通堵塞	jiaotongduse
交通委	jiaotongwei
交通安全	jiaotonganquan
交通局	jiaotongju
交通拥堵	jiaotongyongdu
交通枢纽	jiaotongshuniu
交通流量	jiaotongliuliang
交通管制	jiaotongguanzhi
交通管理	jiaotongguanli
交通系统	jiaotongxitong
交通线	jiaotongxian
交通网	jiaotongwang
交通警察	jiaotongjingcha
交通设施	jiaotongsheshi
交通部长	jiaotongbuzhang
交通部门	jiaotongbumen
交通量	jiaotongliang
交际花	jiaojihua
亦庄	yizhuang
亦是	yishi
亦需	yixu
亦非	yifei
产业园	chanyeyuan
产业工人	chanyegongren
产业界	chanyejie
产业革命	chanyegeming
产学研	chanxueyan
产油国	chanyouguo
产经	chanjing
产销	chanxiao
亨廷顿	hengtingdun
享寿	xiangshou
享有盛誉	xiangyoushengyu
京九铁路	jingjiutielu
京兆	jingzhao
京兆尹	jingzhaoyin
京官	jingguan
京山	jingshan
京山县	jingshanxian
京师	jingshi
京师大学堂	jingshidaxuetang
京广线	jingguangxian
京广铁路	jingguangtielu
京报	jingbao
京族	jingzu
京沪铁路	jinghutielu
京沪高速铁路	jinghugaosutielu
京津冀	jingjinji
京畿	jingji
京畿道	jingjidao
京都府	jingdufu
亭子	tingzi
亲临	qinlin
亲临现场	qinlinxianchang
亲兵	qinbing
亲子鉴定	qinzijianding
亲征	qinzheng
亲戚关系	qinqiguanxi
亲政	qinzheng
亲族	qinzu
亲水	qinshui
亲热	qinre
亲率	qinshuai
亲笔签名	qinbiqianming
亲缘	qinyuan
亲自出马	qinzichuma
亳州市	bozhoushi
人上	renshang
人不愿	renbuyuan
人不知	renbuzhi
人事处	renshichu
人事局	renshiju
人人皆知	renrenjiezhi
人人自危	renrenziwei
人伤	renshang
人伦	renlun
人体实验	rentishiyan
人体摄影	rentisheying
人写	renxie
人力车	renliche
人去楼空	renquloukong
人口数	renkoushu
人口普查	renkoupucha
人口比例	renkoubili
人口稠密	renkouchoumi
人口统计	renkoutongji
人吃人	renchiren
人后	renhou
人命	renming
人因	renyin
人墙	renqiang
人大代表	rendadaibiao
人好	renhao
人学	renxue
人居	renju
人工岛	rengongdao
人工流产	rengongliuchan
人工湖	rengonghu
人干	rengan
人性	renxing
人性论	renxinglun
人手不足	renshoubuzu
人才辈出	rencaibeichu
人文学院	renwenxueyuan
人文科学	renwenkexue
人日	renri
人杰	renjie
人格化	rengehua
人武部	renwubu
人母	renmu
人氏	renshi
人民代表	renmindaibiao
人民党	renmindang
人民公仆	renmingongpu
人民公社	renmingongshe
人民团体	renmintuanti
人民大会堂	renmindahuitang
人民大学	renmindaxue
人民广场	renminguangchang
人民政协	renminzhengxie
人民检察院	renminjianchayuan
人民武装	renminwuzhuang
人民阵线	renminzhenxian
人物画	renwuhua
人知	renzhi
人类史上	renleishishang
人类学家	renleixuejia
人财物	rencaiwu
人身自由	renshenziyou
人车	renche
人造卫星	renzaoweixing
人间地狱	renjiandiyu
人间天堂	renjiantiantang
人面	renmian
人马座	renmazuo
亿万	yiwan
亿万人民	yiwanrenmin
亿万富豪	yiwanfuhao
亿亩	yimu
亿人次	yirenci
亿件	yijian
亿余元	yiyuyuan
亿光年	yiguangnian
亿千瓦时	yiqianwashi
亿多元	yiduoyuan
亿斤	yijin
亿桶	yitong
亿立方米	yilifangmi
亿颗	yike
什刹海	shichahai
什叶派	shiyepai
仁厚	renhou
仁寿	renshou
仁波切	renboqie
仅只	jinzhi
仅是	jinshi
仆从	pucong
今世	jinshi
今夏	jinxia
今天天气	jintiantianqi
今年初	jinnianchu
今年底	jinniandi
今敏	jinmin
介乎	jiehu
介休	jiexiu
介质	jiezhi
仍存	rengcun
仍属	rengshu
仍应	rengying
从严	congyan
从严治党	congyanzhidang
从今天起	congjintianqi
从优	congyou
从何说起	congheshuoqi
从北	congbei
从商	congshang
从天	congtian
从宽	congkuan
从江	congjiang
从简	congjian
从良	congliang
从速	congsu
仓皇	canghuang
他常	tachang
他称	tacheng
他讲	tajiang
仗势欺人	zhangshiqiren
付印	fuyin
付托	futuo
付诸实施	fuzhushishi
仙丹	xiandan
仙人	xianren
仙器	xianqi
仙居县	xianjuxian
仙山	xianshan
仙桃	xiantao
仙桃市	xiantaoshi
仙气	xianqi
仙游	xianyou
仙游县	xianyouxian
仙界	xianjie
仙草	xiancao
仡佬族	gelaozu
代之以	daizhiyi
代发	daifa
代总理	daizongli
代总统	daizongtong
代替品	daitipin
代理权	dailiquan
代用	daiyong
代管	daiguan
代行	daixing
代表人	daibiaoren
代表制	daibiaozhi
代表处	daibiaochu
代表大会	daibiaodahui
代议	daiyi
代议制	daiyizhi
令人不安	lingrenbuan
令人吃惊	lingrenchijing
令人担心	lingrendanxin
令人担忧	lingrendanyou
令人激动	lingrenjidong
令人瞩目	lingrenzhumu
令人讨厌	lingrentaoyan
令人遗憾	lingrenyihan
令人钦佩	lingrenqinpei
令人难忘	lingrennanwang
令人高兴	lingrengaoxing
令人鼓舞	lingrenguwu
令吉	lingji
令牌	lingpai
令狐	linghu
令行	lingxing
以上者	yishangzhe
以不	yibu
以人	yiren
以作	yizuo
以保	yibao
以其	yiqi
以利	yili
以利于	yiliyu
以备	yibei
以大	yida
以德	yide
以暴制暴	yibaozhibao
以期	yiqi
以权谋私	yiquanmousi
以死	yisi
以示	yishi
以至	yizhi
以致	yizhi
以色列国	yiselieguo
以达	yida
仪仗	yizhang
仪仗队	yizhangdui
仪器	yiqi
仪容	yirong
仪征	yizheng
仪礼	yili
仰慕者	yangmuzhe
仰泳	yangyong
仲裁庭	zhongcaiting
件事	jianshi
价值量	jiazhiliang
价廉	jialian
价格下降	jiagexiajiang
价格指数	jiagezhishu
任上	renshang
任人唯亲	renrenweiqin
任免	renmian
任内	rennei
任弼时	renbishi
任教于	renjiaoyu
任满	renman
任组长	renzuzhang
任贤齐	renxianqi
任达华	rendahua
份文件	fenwenjian
仿冒	fangmao
仿制	fangzhi
仿古	fanggu
企业化	qiyehua
企业法人	qiyefaren
企业界	qiyejie
企求	qiqiu
伉俪	kangli
伊人	yiren
伊利诺伊	yilinuoyi
伊利诺伊州	yilinuoyizhou
伊夫	yifu
伊始	yishi
伊宁	yining
伊宁市	yiningshi
伊川	yichuan
伊拉克人	yilakeren
伊斯坦堡	yisitanbao
伊斯坦布尔	yisitanbuer
伊春市	yichunshi
伊朗人	yilangren
伊朗政府	yilangzhengfu
伊朗核	yilanghe
伊比利亚	yibiliya
伊犁	yili
伊能静	yinengjing
伊莎贝拉	yishabeila
伊藤博文	yitengbowen
伊达	yida
伊里奇	yiliqi
伍廷芳	wutingfang
伎俩	jiliang
伏尔加	fuerjia
伏尔加格勒	fuerjiagele
伏特加酒	futejiajiu
伏龙芝	fulongzhi
休伊特	xiuyite
休宁	xiuning
休宁县	xiuningxian
休息区	xiuxiqu
休止符	xiuzhifu
休班	xiuban
众将	zhongjiang
众志成城	zhongzhichengcheng
众怒	zhongnu
众星	zhongxing
众议员	zhongyiyuan
众院	zhongyuan
优先发展	youxianfazhan
优品	youpin
优子	youzi
优异成绩	youyichengji
优步	youbu
优生学	youshengxue
优秀奖	youxiujiang
优秀教师	youxiujiaoshi
优胜者	youshengzhe
优质产品	youzhichanpin
优质服务	youzhifuwu
优香	youxiang
伙伴关系	huobanguanxi
伙同	huotong
会像	huixiang
会党	huidang
会受	huishou
会后	huihou
会向	huixiang
会员单位	huiyuandanwei
会员国	huiyuanguo
会员大会	huiyuandahui
会宁	huining
会展中心	huizhanzhongxin
会徽	huihui
会想	huixiang
会昌	huichang
会理	huili
会盟	huimeng
会社	huishe
会签	huiqian
会籍	huiji
会要	huiyao
会计系	kuaijixi
会议厅	huiyiting
会通	huitong
会馆	huiguan
伟大事业	weidashiye
伟大成就	weidachengjiu
伟大领袖	weidalingxiu
传动系统	chuandongxitong
传动轴	chuandongzhou
传声筒	chuanshengtong
传奇性	chuanqixing
传媒大学	chuanmeidaxue
传布	chuanbu
传情	chuanqing
传感	chuangan
传扬	chuanyang
传播方式	cbfs
传播者	chuanbozhe
传法	chuanfa
传热	chuanre
传略	zhuanlve
传统习俗	chuantongxisu
传统美德	chuantongmeide
传统节日	chuantongjieri
传送带	chuansongdai
传道	chuandao
传闻中	chuanwenzhong
伤及	shangji
伤患	shanghuan
伤感情	shangganqing
伤重	shangzhong
伤风败俗	shangfengbaisu
伦勃朗	lunbolang
伦巴第	lunbadi
伦德尔	lundeer
伦敦大学	lundundaxue
伦比	lunbi
伦理片	lunlipian
伦琴	lunqin
伪娘	weiniang
伫立	zhuli
伯内特	boneite
伯力	boli
伯恩斯坦	boensitan
伯爵夫人	bojuefuren
伯罗奔尼撒	boluobennisa
伯顿	bodun
伯颜	boyan
估计值	gujizhi
伸冤	shenyuan
伸展台	shenzhantai
伸开	shenkai
伸张正义	shenzhangzhengyi
伸手不见五指	shenshoubujianwuzhi
伸直	shenzhi
伸舌头	shenshetou
伸过来	shenguolai
伺服器	sifuqi
伺机	siji
似地	sidi
伽蓝	qielan
但仅	danjin
但别	danbie
但应	danying
但须	danxu
位址	weizhi
位处	weichu
位移	weiyi
位阶	weijie
低利	dili
低声下气	dishengxiaqi
低密度	dimidu
低洼	diwa
住宅楼	zhuzhailou
住客	zhuke
住屋	zhuwu
住店	zhudian
住建	zhujian
住民	zhumin
住满	zhuman
佐治亚	zuozhiya
佐科威	zuokewei
体坛	titan
体察	ticha
体弱	tiruo
体性	tixing
体操队	ticaodui
体细胞	tixibao
体育中心	tiyuzhongxin
体育产业	tiyuchanye
体育场馆	tiyuchangguan
体育局	tiyuju
体育新闻	tiyuxinwen
体育用品	tiyuyongpin
体育界	tiyujie
体育部	tiyubu
体育频道	tiyupindao
体腔	tiqiang
体认	tiren
体院	tiyuan
体验版	tiyanban
体魄	tipo
何先生	hexiansheng
何地	hedi
何塞	hesai
何应钦	heyingqin
何患无辞	hehuanwuci
何日	heri
何时何地	heshihedi
何时能	heshineng
何润东	herundong
何韵诗	heyunshi
何须	hexu
何香凝	hexiangning
余万元	yuwanyuan
余党	yudang
余孽	yunie
余庆	yuqing
余文乐	yuwenle
余款	yukuan
余种	yuzhong
余粮	yuliang
余脉	yumai
余裕	yuyu
余部	yubu
余项	yuxiang
佛事	foshi
佛光	foguang
佛兰德	folande
佛堂	fotang
佛塔	fota
佛学院	foxueyuan
佛寺	fosi
佛山市	foshanshi
佛得角	fodejiao
佛教协会	fojiaoxiehui
佛牌	fopai
佛珠	fozhu
佛罗里达州	foluolidazhou
佛道	fodao
佛门	fomen
作何	zuohe
作保	zuobao
作品展	zuopinzhan
作孽	zuonie
作家协会	zuojiaxiehui
作弄	zuonong
作战部	zuozhanbu
作曲者	zuoquzhe
你们好	nimenhao
你够	nigou
你老	nilao
佣工	yonggong
佤族	wazu
佩兰	peilan
佩刀	peidao
佩尼亚	peiniya
佩特拉	peitela
佩雷拉	peileila
佳丽	jiali
佳佳	jiajia
佳品	jiapin
佳木斯	jiamusi
佳木斯市	jiamusishi
佳肴	jiayao
佳音	jiayin
使之	shizhi
使它	shita
使用费	shiyongfei
使领馆	shilingguan
使馆	shiguan
侗族	dongzu
供应国	gongyingguo
供应者	gongyingzhe
供水系统	gongshuixitong
供热	gongre
供用	gongyong
供电局	gongdianju
供电系统	gongdianxitong
供给制	gongjizhi
供认不讳	gongrenbuhui
供过于求	gongguoyuqiu
供选择	gongxuanze
供销社	gongxiaoshe
依仗	yizhang
依依	yiyi
依依不舍	yiyibushe
依兰县	yilanxian
依存度	yicundu
依序	yixu
依法处理	yifachuli
依法治国	yifazhiguo
依附	yifu
侦测器	zhenceqi
侦缉	zhenji
侧壁	cebi
侧目	cemu
侧线	cexian
侨务	qiaowu
侨居	qiaoju
侨民	qiaomin
侨汇	qiaohui
侨眷	qiaojuan
侨联	qiaolian
侨胞	qiaobao
侮辱性	wuruxing
侯佩岑	houpeicen
侵华	qinhua
便成	biancheng
便民	bianmin
便用	bianyong
便衣警察	bianyijingcha
促请	cuqing
促进会	cujinhui
俄克拉荷马州	ekelahemazhou
俄共	egong
俄式	eshi
俄方	efang
俄罗斯族	eluosizu
俄罗斯联邦	eluosilianbang
俄联邦	elianbang
俊朗	junlang
俊杰	junjie
俊秀	junxiu
俏丽	qiaoli
俏佳人	qiaojiaren
俚俗	lisu
保修期	baoxiuqi
保健室	baojianshi
保健食品	baojianshipin
保利	baoli
保卫国家	baoweiguojia
保卫处	baoweichu
保卫者	baoweizhe
保卫部	baoweibu
保外就医	baowaijiuyi
保安员	baoanyuan
保安团	baoantuan
保安局	baoanju
保安队	baoandui
保定市	baodingshi
保密局	baomiju
保密性	baomixing
保山	baoshan
保山市	baoshanshi
保康	baokang
保康县	baokangxian
保德	baode
保护主义	baohuzhuyi
保护地	baohudi
保护局	baohuju
保护层	baohuceng
保护意识	baohuyishi
保护膜	baohumo
保持警惕	baochijingti
保温材料	baowencailiao
保甲	baojia
保留地	baoliudi
保皇	baohuang
保皇党	baohuangdang
保皇派	baohuangpai
保税区	baoshuiqu
保藏	baocang
保证书	baozhengshu
保释	baoshi
保释金	baoshijin
保险业务	baoxianyewu
保障人权	baozhangrenquan
保障局	baozhangju
保障性	baozhangxing
俞正声	yuzhengsheng
信上	xinshang
信不过	xinbuguo
信义	xinyi
信仰者	xinyangzhe
信仰自由	xinyangziyou
信任投票	xinrentoupiao
信佛	xinfo
信口雌黄	xinkoucihuang
信号弹	xinhaodan
信号源	xinhaoyuan
信实	xinshi
信德省	xindesheng
信息产业	xinxichanye
信息学	xinxixue
信息工程	xinxigongcheng
信息库	xinxiku
信息战	xinxizhan
信息网络	xinxiwangluo
信息部	xinxibu
信报	xinbao
信源	xinyuan
信用社	xinyongshe
信笺	xinjian
信访局	xinfangju
信阳市	xinyangshi
修业	xiuye
修正主义	xiuzhengzhuyi
修水	xiushui
修理费	xiulifei
修订本	xiudingben
修辞学	xiucixue
修造	xiuzao
修道	xiudao
修配	xiupei
俯仰	fuyang
俾路支	biluzhi
倍加	beijia
倍率	beilv
倒地不起	daodibuqi
候审	houshen
候机楼	houjilou
候补委员	houbuweiyuan
候车室	houcheshi
倚仗	yizhang
倚重	yizhong
借势	jieshi
借重	jiezhong
倡导者	changdaozhe
倡议书	changyishu
倩影	qianying
倪萍	niping
债款	zhaikuan
值守	zhishou
值得一提的是	zhideyitideshi
值得纪念	zhidejinian
值机	zhiji
值班室	zhibanshi
倾倒	qingdao
倾吐	qingtu
倾国倾城	qingguoqingcheng
倾巢而出	qingchaoerchu
倾角	qingjiao
偃师	yanshi
假冒伪劣	jiamaoweilie
假山	jiashan
假意	jiayi
假戏真做	jiaxizhenzuo
假日办	jiariban
假日酒店	jiarijiudian
假消息	jiaxiaoxi
假药	jiayao
假面具	jiamianju
偏东	piandong
偏南	piannan
偏左	pianzuo
偏狭	pianxia
偏西	pianxi
偏食	pianshi
做买卖	zuomaimai
做会	zuohui
做强	zuoqiang
做活	zuohuo
做点事	zuodianshi
做爱时	zuoaishi
停刊	tingkan
停办	tingban
停学	tingxue
停尸间	tingshijian
停火协议	tinghuoxieyi
停赛	tingsai
停靠在	tingkaozai
停飞	tingfei
停驶	tingshi
健一	jianyi
健力宝	jianlibao
健将	jianjiang
健康检查	jiankangjiancha
健行	jianxing
偶像崇拜	ouxiangchongbai
偶发	oufa
偷渡客	touduke
偷猎	toulie
偷税	toushui
偷鸡摸狗	toujimogou
偿债	changzhai
偿还债务	changhuanzhaiwu
傀儡政权	kuileizhengquan
傅作义	fuzuoyi
储运	chuyun
催人泪下	cuirenleixia
催情	cuiqing
傲视	aoshi
傻事	shashi
像在	xiangzai
像头	xiangtou
像样	xiangyang
像章	xiangzhang
僧众	sengzhong
僧尼	sengni
僵尸	jiangshi
僵直	jiangzhi
儿科医生	erkeyisheng
儿童剧	ertongju
儿童教育	ertongjiaoyu
儿童文学	ertongwenxue
儿童节	ertongjie
元世祖	yuanshizu
元丰	yuanfeng
元华	yuanhua
元大都	yuandadu
元始	yuanshi
元宵节	yuanxiaojie
元月	yuanyue
元氏	yuanshi
元顺帝	yuanshundi
充任	chongren
充分运用	chongfenyunyong
充满热情	chongmanreqing
充电站	chongdianzhan
充耳不闻	chongerbuwen
先下手为强	xianxiashouweiqiang
先主	xianzhu
先于	xianyu
先决	xianjue
先出	xianchu
先声	xiansheng
先得	xiande
先想	xianxiang
先期	xianqi
先烈	xianlie
先由	xianyou
先觉	xianjue
先试	xianshi
先贤	xianxian
先进集体	xianjinjiti
先遣	xianqian
先锋队	xianfengdui
先驱报	xianqubao
先验	xianyan
光化学	guanghuaxue
光大银行	guangdayinhang
光山	guangshan
光山县	guangshanxian
光敏	guangmin
光明日报	guangmingribao
光明网	guangmingwang
光机	guangji
光柱	guangzhu
光栅	guangshan
光火	guanghuo
光热	guangre
光片	guangpian
光电子	guangdianzi
光绪帝	guangxudi
光缆	guanglan
光耀	guangyao
光谱仪	guangpuyi
光谱学	guangpuxue
克什克腾旗	keshiketengqi
克己	keji
克拉玛依	kelamayi
克拉苏	kelasu
克洛维	keluowei
克莱德	kelaide
克莱恩	kelaien
克莱蒙	kelaimeng
克虏伯	kelubo
克里	keli
克里克	kelike
克里奥尔	keliaoer
克里姆林	kelimulin
克里姆林宫	kelimulingong
克里斯托弗	kelisituofu
克雷格	keleige
克鲁斯	kelusi
克鲁格	keluge
免检	mianjian
免疫学	mianyixue
免疫性	mianyixing
免罪	mianzui
免试	mianshi
免费软件	mianfeiruanjian
兔唇	tuchun
兔女郎	tunvlang
兔肉	turou
党专政	dangzhuanzheng
党中央	dangzhongyang
党代会	dangdaihui
党代表	dangdaibiao
党务	dangwu
党卫队	dangweidui
党史	dangshi
党员干部	dangyuanganbu
党和国家	dangheguojia
党和政府	danghezhengfu
党团	dangtuan
党外	dangwai
党委委员	dangweiweiyuan
党工委	danggongwei
党建	dangjian
党徒	dangtu
党徽	danghui
党性	dangxing
党总支	dangzongzhi
党支部	dangzhibu
党政军	dangzhengjun
党政机关	dangzhengjiguan
党校	dangxiao
党章	dangzhang
党籍	dangji
党纲	danggang
党组	dangzu
党组书记	dangzushuji
党组织	dangzuzhi
党群	dangqun
党课	dangke
党费	dangfei
党部	dangbu
党项	dangxiang
党风	dangfeng
党风廉政	dangfenglianzheng
党魁	dangkui
入仕	rushi
入内	runei
入列	rulie
入团	rutuan
入境者	rujingzhe
入川	ruchuan
入时	rushi
入江	rujiang
入海口	ruhaikou
入港	rugang
入球	ruqiu
入神	rushen
入秋	ruqiu
入籍	ruji
入网	ruwang
入药	ruyao
入藏	ruzang
入赘	ruzhui
入选者	ruxuanzhe
入阁	ruge
入队	rudui
全为	quanwei
全乡	quanxiang
全会	quanhui
全传	quanzhuan
全体人员	quantirenyuan
全免费	quanmianfei
全名是	quanmingshi
全唐诗	quantangshi
全团	quantuan
全国人大	quanguorenda
全国妇联	quanguofulian
全国政协	quanguozhengxie
全封闭	quanfengbi
全局性	quanjuxing
全属	quanshu
全心投入	quanxintouru
全日	quanri
全时	quanshi
全智贤	quanzhixian
全本	quanben
全权代表	quanquandaibiao
全权负责	quanquanfuze
全毁	quanhui
全民投票	quanmintoupiao
全然不同	quanranbutong
全球中文	quanqiuzhongwen
全球华人	quanqiuhuaren
全球排名	quanqiupaiming
全球通	quanqiutong
全舰	quanjian
全裸	quanluo
全讯网	quanxunwang
全面实施	quanmianshishi
全面推行	quanmiantuixing
全面落实	quanmianluoshi
全顺	quanshun
全高清	quangaoqing
八七	baqi
八丈	bazhang
八九岁	bajiusui
八五	bawu
八仙	baxian
八八	baba
八分钟	bafenzhong
八十七	bashiqi
八十三	bashisan
八十九	bashijiu
八十四	bashisi
八十岁	bashisui
八十年	bashinian
八卦掌	baguazhang
八卷	bajuan
八号	bahao
八名	baming
八块	bakuai
八宝	babao
八宝山	babaoshan
八座	bazuo
八日	bari
八旬	baxun
八景	bajing
八条	batiao
八点钟	badianzhong
八股	bagu
八荒	bahuang
八达岭	badaling
公主岭	gongzhuling
公主岭市	gongzhulingshi
公事包	gongshibao
公交公司	gongjiaogongsi
公交线路	gongjiaoxianlu
公交车站	gongjiaochezhan
公人	gongren
公使	gongshi
公使馆	gongshiguan
公信	gongxin
公债	gongzhai
公共事业	gonggongshiye
公共事务	gonggongshiwu
公共关系	gonggongguanxi
公共安全	gonggonganquan
公共广播	gonggongguangbo
公共建筑	gonggongjianzhu
公共政策	gonggongzhengce
公共汽车	gonggongqiche
公共秩序	gonggongzhixu
公共行政	gonggongxingzheng
公共频道	gonggongpindao
公关部	gongguanbu
公函	gonghan
公制	gongzhi
公历	gongli
公厘	gongli
公司党委	gongsidangwei
公司总裁	gongsizongcai
公吨	gongdun
公听会	gongtinghui
公子哥	gongzige
公安人员	gonganrenyuan
公安分局	gonganfenju
公安厅	gonganting
公安县	gonganxian
公安局长	gonganjuzhang
公安系统	gonganxitong
公安部队	gonganbudui
公室	gongshi
公尺	gongchi
公开化	gongkaihua
公开招标	gongkaizhaobiao
公愤	gongfen
公房	gongfang
公推	gongtui
公权	gongquan
公正性	gongzhengxing
公民投票	gongmintoupiao
公爵夫人	gongjuefuren
公牛队	gongniudui
公狗	gonggou
公猪	gongzhu
公用事业	gongyongshiye
公用电话	gongyongdianhua
公益广告	gongyiguanggao
公益性	gongyixing
公益活动	gongyihuodong
公益金	gongyijin
公示	gongshi
公祭	gongji
公私合营	gongsiheying
公粮	gongliang
公营	gongying
公视	gongshi
公论	gonglun
公证处	gongzhengchu
公诸于世	gongzhuyushi
公路桥	gongluqiao
公路网	gongluwang
公车上	gongcheshang
六中全会	liuzhongquanhui
六五	liuwu
六分钟	liufenzhong
六十八	liushiba
六十六	liushiliu
六十年	liushinian
六只	liuzhi
六号	liuhao
六品	liupin
六块	liukuai
六小时	liuxiaoshi
六尺	liuchi
六层	liuceng
六届	liujie
六度	liudu
六方	liufang
六方会谈	liufanghuitan
六日	liuri
六朝	liuchao
六本木	liubenmu
六根	liugen
六楼	liulou
六点钟	liudianzhong
六爷	liuye
六盘山	liupanshan
六盘水	liupanshui
六盘水市	liupanshuishi
六艺	liuyi
六角	liujiao
六零	liuling
六项	liuxiang
六颗	liuke
兮兮	xixi
兰亭序	lantingxu
兰伯特	lanbote
兰州市	lanzhoushi
兰溪市	lanxishi
兰登	landeng
兰芝	lanzhi
共事	gongshi
共产主义者	gongchanzhuyizhe
共同利益	gongtongliyi
共同市场	gongtongshichang
共同开发	gongtongkaifa
共同性	gongtongxing
共同社	gongtongshe
共和军	gonghejun
共和制	gonghezhi
共妻	gongqi
共收录	gongshoulu
共治	gongzhi
共生	gongsheng
共管	gongguan
共聚物	gongjuwu
共融	gongrong
共识	gongshi
共进午餐	gongjinwucan
共青团	gongqingtuan
共青团员	gongqingtuanyuan
关东军	guandongjun
关云长	guanyunchang
关入	guanru
关原	guanyuan
关山	guanshan
关帝庙	guandimiao
关涉	guanshe
关淑怡	guanshuyi
关禁闭	guanjinbi
关系人	guanxiren
关系法	guanxifa
关系紧张	guanxijinzhang
兴中会	xingzhonghui
兴亡	xingwang
兴办	xingban
兴县	xingxian
兴味	xingwei
兴国	xingguo
兴国县	xingguoxian
兴城	xingcheng
兴奋不已	xfby
兴学	xingxue
兴宁	xingning
兴安县	xinganxian
兴安盟	xinganmeng
兴山	xingshan
兴山县	xingshanxian
兴旺	xingwang
兴旺发达	xingwangfada
兴风作浪	xingfengzuolang
兵丁	bingding
兵临	binglin
兵制	bingzhi
兵员	bingyuan
兵哥	bingge
兵戎相见	bingrongxiangjian
兵源	bingyuan
兵种	bingzhong
兵站	bingzhan
其余部分	qiyubufen
其子	qizi
其意	qiyi
其成	qicheng
其是	qishi
其父	qifu
其罪	qizui
其职	qizhi
具名	juming
典型性	dianxingxing
典狱	dianyu
典籍	dianji
典藏	diancang
养心	yangxin
养殖业	yangzhiye
养猪场	yangzhuchang
养羊	yangyang
养蜂	yangfeng
养鸡场	yangjichang
兼任	jianren
兼容并蓄	jianrongbingxu
兼差	jianchai
兼收	jianshou
兼用	jianyong
兼管	jianguan
兼营	jianying
兽医学	shouyixue
兽性	shouxing
兽用	shouyong
兽药	shouyao
冀东	jidong
冀中	jizhong
冀南	jinan
冀望	jiwang
冀鲁豫	jiluyu
内亚	neiya
内内	neinei
内务部长	neiwubuzhang
内参	neican
内圈	neiquan
内城	neicheng
内外交困	neiwaijiaokun
内家	neijia
内布拉斯加	neibulasijia
内布拉斯加州	neibulasijiazhou
内政部长	neizhengbuzhang
内江	neijiang
内江市	neijiangshi
内海	neihai
内涝	neilao
内湖	neihu
内燃	neiran
内燃机车	neiranjiche
内生	neisheng
内皮	neipi
内省	neixing
内窥镜	neikuijing
内膜	neimo
内蒙古自治区	neimengguzizhiqu
内设	neishe
内质网	neizhiwang
内部消息	neibuxiaoxi
内部资料	neibuziliao
内销	neixiao
内镜	neijing
内阁会议	neigehuiyi
内阁制	neigezhi
内阁总理	neigezongli
内陆国	neiluguo
内陆地区	neiludiqu
内面	neimian
内黄	neihuang
冈山	gangshan
冈本	gangben
冈比亚	gangbiya
冉冉升起	ranranshengqi
册立	celi
再创	zaichuang
再向	zaixiang
再想	zaixiang
再拜	zaibai
再犯	zaifan
再生能源	zaishengnengyuan
再生资源	zaishengziyuan
再而三	zaiersan
再融资	zairongzi
再试一次	zaishiyici
再进	zaijin
再长	zaizhang
冒名顶替	maomingdingti
冒汗	maohan
冒雨	maoyu
写实主义	xieshizhuyi
写封信	xiefengxin
写本	xieben
写真集	xiezhenji
军乐队	junyuedui
军事冲突	junshichongtu
军事化	junshihua
军事史	junshishi
军事学	junshixue
军事学院	junshixueyuan
军事手段	junshishouduan
军事援助	junshiyuanzhu
军事政变	junshizhengbian
军事法院	junshifayuan
军事演习	junshiyanxi
军事管制	junshiguanzhi
军事装备	junshizhuangbei
军事训练	junshixunlian
军事顾问	junshiguwen
军兵种	junbingzhong
军分区	junfenqu
军品	junpin
军售	junshou
军委主席	junweizhuxi
军委会	junweihui
军属	junshu
军帽	junmao
军心	junxin
军报	junbao
军机处	junjichu
军械	junxie
军械库	junxieku
军港	jungang
军演	junyan
军界	junjie
军统	juntong
军职	junzhi
军规	jungui
军车	junche
军转	junzhuan
军长	junzhang
军靴	junxue
农业区	nongyequ
农业局	nongyeju
农业机械	nongyejixie
农业税	nongyeshui
农业部长	nongyebuzhang
农业银行	nongyeyinhang
农事	nongshi
农产	nongchan
农人	nongren
农会	nonghui
农作	nongzuo
农具	nongju
农副产品	nongfuchanpin
农区	nongqu
农园	nongyuan
农地	nongdi
农垦	nongken
农奴制	nongnuzhi
农委会	nongweihui
农学家	nongxuejia
农安	nongan
农工	nonggong
农工党	nonggongdang
农工商	nonggongshang
农忙	nongmang
农技	nongji
农机	nongji
农村土地	nongcuntudi
农牧	nongmu
农牧业	nongmuye
农牧民	nongmumin
农用	nongyong
农田水利	nongtianshuili
农科	nongke
农科院	nongkeyuan
农艺	nongyi
农贸	nongmao
农资	nongzi
农闲	nongxian
冠上	guanshang
冠亚军	guanyajun
冠军杯	guanjunbei
冠县	guanxian
冠王	guanwang
冤假错案	yuanjiacuoan
冥河	minghe
冬宫	donggong
冬春	dongchun
冬暖夏凉	dongnuanxialiang
冬雨	dongyu
冯友兰	fengyoulan
冯国璋	fengguozhang
冯绍峰	fengshaofeng
冰茶	bingcha
冰释	bingshi
冲印	chongyin
冲垮	chongkua
冲积	chongji
冲积平原	chongjipingyuan
冲绳县	chongshengxian
冲绳岛	chongshengdao
决一死战	jueyisizhan
决不允许	juebuyunxu
决口	juekou
决定书	juedingshu
决死	juesi
决然	jueran
决算	juesuan
决胜局	jueshengju
决议案	jueyian
决赛圈	juesaiquan
冶炼厂	yelianchang
冷冷	lengleng
冷却剂	lengqueji
冷却器	lengqueqi
冷却塔	lengqueta
冷却水	lengqueshui
冷却系统	lengquexitong
冷感	lenggan
冷月	lengyue
冷柜	lenggui
冷死	lengsi
冷气团	lengqituan
冷眼旁观	lengyanpangguan
冷遇	lengyu
冷链	lenglian
冻疮	dongchuang
冻醒	dongxing
净值	jingzhi
净增	jingzeng
净身	jingshen
净重	jingzhong
凄苦	qiku
准予	zhunyu
准军事	zhunjunshi
准决赛	zhunjuesai
准备就绪	zhunbeijiuxu
准尉	zhunwei
准点	zhundian
准绳	zhunsheng
凉亭	liangting
凉介	liangjie
凉凉	liangliang
凉山	liangshan
凉席	liangxi
凉茶	liangcha
凌云	lingyun
凌虐	lingnve
凌迟	lingchi
凌霄	lingxiao
减值	jianzhi
减到	jiandao
减员	jianyuan
减损	jiansun
减脂	jianzhi
减至	jianzhi
减薪	jianxin
减让	jianrang
减轻负担	jianqingfudan
减速器	jiansuqi
凑钱	couqian
凛冽	linlie
凝成	ningcheng
凝神	ningshen
几世纪	jishiji
几件	jijian
几内亚比绍	jineiyabishao
几刀	jidao
几十名	jishiming
几千名	jiqianming
几幅	jifu
几度	jidu
几拳	jiquan
几支	jizhi
几斤	jijin
几时	jishi
几月	jiyue
几期	jiqi
几架	jijia
几棵	jike
几滴	jidi
几点钟	jidianzhong
几百万年	jibaiwannian
几百名	jibaiming
几粒	jili
几艘	jisou
几英里	jiyingli
几起	jiqi
几辆	jiliang
几里	jili
几间	jijian
几项	jixiang
凡尔纳	fanerna
凡尔赛宫	fanersaigong
凤凰卫视	fenghuangweishi
凤凰山	fenghuangshan
凤凰网	fenghuangwang
凤台	fengtai
凤城	fengcheng
凤尾	fengwei
凤山县	fengshanxian
凤阳	fengyang
凤阳县	fengyangxian
凭藉	pingjie
凯旋门	kaixuanmen
凯末尔	kaimoer
凶嫌	xiongxian
凶宅	xiongzhai
凶徒	xiongtu
凶暴	xiongbao
凶案	xiongan
凹凸不平	aotubuping
出世	chushi
出京	chujing
出人命	churenming
出人意表	churenyibiao
出使	chushi
出入境	churujing
出口商	chukoushang
出口商品	chukoushangpin
出口处	chukouchu
出口量	chukouliang
出口额	chukoue
出品人	chupinren
出土文物	chutuwenwu
出境游	chujingyou
出声	chusheng
出席会议	chuxihuiyi
出庭作证	chutingzuozheng
出拳	chuquan
出殡	chubin
出气筒	chuqitong
出海口	chuhaikou
出港	chugang
出版发行	chubanfaxing
出版局	chubanju
出版界	chubanjie
出版者	chubanzhe
出生入死	chushengrusi
出生证明	chushengzhengming
出笼	chulong
出血热	chuxiere
出警	chujing
出让金	churangjin
出超	chuchao
出门时	chumenshi
出阵	chuzhen
出鞘	chuqiao
出首	chushou
击伤	jishang
击出	jichu
击剑	jijian
击球手	jiqiushou
函授	hanshou
函电	handian
凿井	zaojing
刀枪不入	daoqiangburu
刀柄	daobing
刀鞘	daoqiao
刁蛮	diaoman
分中心	fenzhongxin
分会场	fenhuichang
分光	fenguang
分册	fence
分则	fenze
分团	fentuan
分子式	fenzishi
分忧	fenyou
分散式	fensanshi
分析仪	fenxiyi
分析化学	fenxihuaxue
分析器	fenxiqi
分枝	fenzhi
分水	fenshui
分社	fenshe
分离主义	fenlizhuyi
分秒	fenmiao
分类学	fenleixue
分系统	fenxitong
分裂主义	fenliezhuyi
分设	fenshe
分赃	fenzang
分送	fensong
分选	fenxuan
分院	fenyuan
切下来	qiexialai
切中	qiezhong
切尔诺贝利	qieernuobeili
切沃	qiewo
切诺基	qienuoji
切身利益	qieshenliyi
切除术	qiechushu
刊印	kanyin
刑事拘留	xingshijuliu
刑事警察	xingshijingcha
刑事诉讼法	xingshisusongfa
刑律	xinglv
刑案	xingan
刑满	xingman
刑讯逼供	xingxunbigong
刑责	xingze
划一	huayi
划拨	huabo
划片	huapian
划界	huajie
划转	huazhuan
列宁主义	lieningzhuyi
列支敦士登	liezhidunshideng
列治文	liezhiwen
列车员	liecheyuan
列阵	liezhen
刘云山	liuyunshan
刘伯承	liubocheng
刘伯温	liubowen
刘先生	liuxiansheng
刘公岛	liugongdao
刘华清	liuhuaqing
刘嘉玲	liujialing
刘国梁	liuguoliang
刘姓	liuxing
刘少奇	liushaoqi
刘志丹	liuzhidan
刘志军	liuzhijun
刘恺威	liukaiwei
刘晓庆	liuxiaoqing
刘杰	liujie
刘涛	liutao
刘渊	liuyuan
刘若英	liuruoying
刚强	gangqiang
刚果共和国	gangguogongheguo
刚果民主共和国	gangguominzhugongheguo
刚烈	ganglie
刚说	gangshuo
刚过去	gangguoqu
创业园	chuangyeyuan
创业家	chuangyejia
创业投资	chuangyetouzi
创举	chuangju
创伤	chuangshang
创刊号	chuangkanhao
创制	chuangzhi
创办人	chuangbanren
创办者	chuangbanzhe
创始者	chuangshizhe
创客	chuangke
创建人	chuangjianren
创建者	chuangjianzhe
创新力	chuangxinli
创新奖	chuangxinjiang
创新者	chuangxinzhe
创汇	chuanghui
创纪录	chuangjilu
初九	chujiu
初体验	chutiyan
初六	chuliu
初具规模	chujuguimo
初吻	chuwen
初夏	chuxia
初夜	chuye
初探	chutan
初时	chushi
初潮	chuchao
初相	chuxiang
初等	chudeng
初等教育	chudengjiaoyu
初级中学	chujizhongxue
初见成效	chujianchengxiao
初试	chushi
初速	chusu
初音	chuyin
删剪	shanjian
删节	shanjie
判明	panming
判案	panan
判罪	panzui
判读	pandu
利亚人	liyaren
利兹联	lizilian
利器	liqi
利基	liji
利多	liduo
利奥波德	liaobode
利害关系	lhgx
利尿	liniao
利川	lichuan
利川市	lichuanshi
利己	liji
利己主义	lijizhuyi
利息率	lixilv
利民	limin
利沃夫	liwofu
利用网络	liyongwangluo
利群	liqun
利雅得	liyade
利雅德	liyade
别为	biewei
别介意	biejieyi
别傻了	bieshale
别具	bieju
别动队	biedongdui
别去了	biequle
别号	biehao
别吵	biechao
别哭	bieku
别开生面	biekaishengmian
别当	biedang
别恋	bielian
别拦	bielan
别死	biesi
别烦	biefan
别玩	biewan
别生气	bieshengqi
别老是	bielaoshi
别装	biezhuang
别跑	biepao
别逗	biedou
别错过	biecuoguo
别闹	bienao
别难过	bienanguo
刮起	guaqi
到户	daohu
到来之际	daolaizhiji
到案	daoan
制冷剂	zhilengji
制动器	zhidongqi
制售	zhishou
制宪	zhixian
制宪会议	zhixianhuiyi
制度化	zhiduhua
制度性	zhiduxing
制式	zhishi
制成品	zhichengpin
制海权	zhihaiquan
制程	zhicheng
制空权	zhikongquan
制糖	zhitang
制糖业	zhitangye
制药厂	zhiyaochang
制衣厂	zhiyichang
券门	quanmen
刻石	keshi
剂型	jixing
剃光头	tiguangtou
削平	xiaoping
前一刻	qianyike
前三位	qiansanwei
前值	qianzhi
前列腺癌	qianliexianai
前半部	qianbanbu
前委	qianwei
前导	qiandao
前所未闻	qiansuoweiwen
前日	qianri
前殿	qiandian
前秦	qianqin
前置	qianzhi
前肢	qianzhi
前胸	qianxiong
前震	qianzhen
前首相	qianshouxiang
剑侠	jianxia
剑南	jiannan
剑士	jianshi
剑山	jianshan
剑气	jianqi
剑芒	jianmang
剑道	jiandao
剑阁	jiange
剧名	juming
剧社	jushe
剧种	juzhong
剩的	shengde
剪接	jianjie
剪纸	jianzhi
剪贴	jiantie
副主编	fuzhubian
副产物	fuchanwu
副会长	fuhuizhang
副区长	fuquzhang
副厅长	futingzhang
副县长	fuxianzhang
副司令	fusiling
副司令员	fusilingyuan
副司长	fusizhang
副处长	fuchuzhang
副委员长	fuweiyuanzhang
副所长	fusuozhang
副政委	fuzhengwei
副检察长	fujianchazhang
副油箱	fuyouxiang
副理事长	fulishizhang
副省长	fushengzhang
副研究员	fuyanjiuyuan
副组长	fuzuzhang
副经理	fujingli
副职	fuzhi
副董事长	fudongshizhang
副行长	fuhangzhang
副议长	fuyizhang
副部级	fubuji
副队长	fuduizhang
副食	fushi
割包皮	gebaopi
割成	gecheng
割腕	gewan
割除	gechu
剿共	jiaogong
力争上游	lizhengshangyou
力作	lizuo
力促	licu
力克	like
力帆	lifan
力强	liqiang
力战	lizhan
劝诱	quanyou
劝进	quanjin
劝酒	quanjiu
劝降	quanxiang
办事机构	banshijigou
办公会议	bangonghuiyi
办公厅	bangongting
办公处	bangongchu
办公大楼	bangongdalou
办刊	bankan
办实事	banshishi
办证	banzheng
办起	banqi
加利福尼亚	jialifuniya
加利福尼亚州	jialifuniyazhou
加利西亚	jialixiya
加力	jiali
加图	jiatu
加封	jiafeng
加工业	jiagongye
加工区	jiagongqu
加布里	jiabuli
加开	jiakai
加德满都	jiademandu
加把劲	jiabajin
加拿大籍	jianadaji
加挂	jiagua
加收	jiashou
加料	jialiao
加时	jiashi
加氢	jiaqing
加油机	jiayouji
加热器	jiareqi
加蓬	jiapeng
加装	jiazhuang
加诸	jiazhu
加里曼丹	jialimandan
加里波第	jialibodi
加香	jiaxiang
加龙省	jialongsheng
务实	wushi
务工人员	wugongrenyuan
劣等	liedeng
劣迹	lieji
动力源	dongliyuan
动员令	dongyuanling
动员会	dongyuanhui
动态图	dongtaitu
动手做	dongshouzuo
动物学家	dongwuxuejia
动物性	dongwuxing
动物界	dongwujie
动物群	dongwuqun
动画短片	donghuaduanpian
动粗	dongcu
动脉瘤	dongmailiu
动脉硬化	dongmaiyinghua
动荡不安	dongdangbuan
动车组	dongchezu
动迁	dongqian
助产	zhuchan
助产士	zhuchanshi
助人为乐	zhurenweile
助阵	zhuzhen
努力实现	nulishixian
努比亚	nubiya
劫机者	jiejizhe
劲舞团	jinwutuan
劳务费	laowufei
劳动党	laodongdang
劳动局	laodongju
劳动强度	laodongqiangdu
劳动改造	laodonggaizao
劳动模范	laodongmofan
劳动部	laodongbu
劳动部门	laodongbumen
劳基法	laojifa
劳工局	laogongju
劳工法	laogongfa
劳工部	laogongbu
劳改犯	laogaifan
劳改营	laogaiying
劳教	laojiao
劳教所	laojiaosuo
劳民伤财	laominshangcai
劳苦	laoku
势利	shili
势力	shili
勃兰特	bolante
勃兰登堡	bolandengbao
勃发	bofa
勃朗特	bolangte
勇夺	yongduo
勇敢的人	yongganderen
勇闯	yongchuang
勒死	leisi
勒沃库森	lewokusen
募兵制	mubingzhi
募股	mugu
勤于	qinyu
勤俭节约	qinjianjieyue
勤务员	qinwuyuan
勤学	qinxue
勤恳	qinken
勤政	qinzheng
勿扰	wurao
包产	baochan
包产到户	baochandaohu
包公	baogong
包头市	baotoushi
包覆	baofu
包销	baoxiao
包间	baojian
包青天	baoqingtian
匆促	congcu
匈牙利人	xiongyaliren
匈牙利语	xiongyaliyu
匍匐	pufu
化为乌有	huaweiwuyou
化为灰烬	huaweihuijin
化妆水	huazhuangshui
化学变化	huaxuebianhua
化学工业	huaxuegongye
化学式	huaxueshi
化学性	huaxuexing
化学系	huaxuexi
化生	huasheng
化险为夷	huaxianweiyi
北一女	beiyinv
北九州	beijiuzhou
北京中医药大学	beijingzhongyiyaodaxue
北京人民大会堂	beijingrenmindahuitang
北京军区	beijingjunqu
北京医院	beijingyiyuan
北京国安	beijingguoan
北京外国语大学	beijingwaiguoyudaxue
北京市委	beijingshiwei
北京师范大学	beijingshifandaxue
北京政府	beijingzhengfu
北京站	beijingzhan
北京警方	beijingjingfang
北京邮电大学	beijingyoudiandaxue
北京队	beijingdui
北伐军	beifajun
北伐战争	beifazhanzheng
北关	beiguan
北军	beijun
北加州	beijiazhou
北卡罗来纳	beikaluolaina
北卡罗来纳州	beikaluolainazhou
北卡罗莱纳州	beikaluolainazhou
北原	beiyuan
北向	beixiang
北向南	beixiangnan
北城	beicheng
北大荒	beidahuang
北大西洋公约组织	beidaxiyanggongyuezuzhi
北川	beichuan
北庭	beiting
北戴河	beidaihe
北斗七星	beidouqixing
北斗星	beidouxing
北斗神拳	beidoushenquan
北方四岛	beifangsidao
北方邦	beifangbang
北条	beitiao
北江	beijiang
北河	beihe
北洋政府	beiyangzhengfu
北洋水师	beiyangshuishi
北海岸	beihaian
北海舰队	beihaijiandui
北港	beigang
北湖	beihu
北电	beidian
北疆	beijiang
北碚区	beibeiqu
北线	beixian
北美地区	beimeidiqu
北街	beijie
北路	beilu
北辰	beichen
北部湾	beibuwan
北野	beiye
北镇	beizhen
北青报	beiqingbao
北领地	beilingdi
北高加索	beigaojiasuo
北麓	beilu
区中	quzhong
区公所	qugongsuo
区域化	quyuhua
区域合作	quyuhezuo
区外	quwai
区委书记	quweishuji
区政府	quzhengfu
区段	quduan
区级	quji
区长	quzhang
医书	yishu
医务	yiwu
医学中心	yixuezhongxin
医学奖	yixuejiang
医学家	yixuejia
医学杂志	yixuezazhi
医学科	yixueke
医师	yishi
医治	yizhi
医治无效	yizhiwuxiao
医疗卫生	yiliaoweisheng
医疗系统	yiliaoxitong
医病	yibing
医药卫生	yiyaoweisheng
医院院长	yiyuanyuanzhang
匾额	biane
匿名信	nimingxin
匿藏	nicang
十一五	shiyiwu
十一号	shiyihao
十一届	shiyijie
十一岁	shiyisui
十一日	shiyiri
十七	shiqi
十七世纪	shiqishiji
十七个	shiqige
十七日	shiqiri
十万个	shiwange
十万元	shiwanyuan
十万八千里	shiwanbaqianli
十三万	shisanwan
十三个	shisange
十三亿	shisanyi
十三名	shisanming
十三姨	shisanyi
十三届	shisanjie
十三岁	shisansui
十三日	shisanri
十两	shiliang
十九岁	shijiusui
十九日	shijiuri
十二万	shierwan
十二五	shierwu
十二名	shierming
十二宫	shiergong
十二届	shierjie
十二指肠	shierzhichang
十二生肖	shiershengxiao
十五个	shiwuge
十五位	shiwuwei
十五名	shiwuming
十五天	shiwutian
十五届	shiwujie
十人	shiren
十亿美元	shiyimeiyuan
十件	shijian
十余	shiyu
十余万	shiyuwan
十余个	shiyuge
十佳	shijia
十八个	shibage
十八九岁	shibajiusui
十八日	shibari
十八禁	shibajin
十公尺	shigongchi
十六世纪	shiliushiji
十六个	shiliuge
十六名	shiliuming
十六大	shiliuda
十六日	shiliuri
十几	shiji
十名	shiming
十四个	shisige
十四届	shisijie
十四日	shisiri
十国集团	shiguojituan
十堰	shiyan
十多人	shiduoren
十多名	shiduoming
十多天	shiduotian
十多岁	shiduosui
十字	shizi
十字路	shizilu
十家	shijia
十小时	shixiaoshi
十届	shijie
十年寒窗	shinianhanchuang
十强	shiqiang
十指	shizhi
十数	shishu
十月初	shiyuechu
十点钟	shidianzhong
十种	shizhong
十秒钟	shimiaozhong
十部	shibu
十里	shili
十项	shixiang
千万个	qianwange
千万元	qianwanyuan
千万年	qianwannian
千万美元	qianwanmeiyuan
千个	qiange
千亿元	qianyiyuan
千件	qianjian
千余	qianyu
千公顷	qiangongqing
千叶县	qianyexian
千吨	qiandun
千呼万唤	qianhuwanhuan
千姿百态	qianzibaitai
千家万户	qianjiawanhu
千尺	qianchi
千岁	qiansui
千岛湖	qiandaohu
千张	qianzhang
千户	qianhu
千手	qianshou
千斤	qianjin
千日	qianri
千玺	qianxi
千瓦	qianwa
千瓦时	qianwashi
千种	qianzhong
千美元	qianmeiyuan
千里马	qianlima
千金小姐	qianjinxiaojie
千龙网	qianlongwang
升值	shengzhi
升力	shengli
升官发财	sgfc
升格	shengge
升班马	shengbanma
升级换代	shengjihuandai
升腾	shengteng
升至	shengzhi
升降台	shengjiangtai
升限	shengxian
午前	wuqian
午餐时间	wucanshijian
半世纪	banshiji
半圆	banyuan
半圆形	banyuanxing
半块	bankuai
半坡	banpo
半夏	banxia
半夜三更	banyesangeng
半封建	banfengjian
半山	banshan
半工半读	bangongbandu
半左右	banzuoyou
半年报	bannianbao
半开	bankai
半日	banri
半月刊	banyuekan
半条	bantiao
半瓶	banping
半空中	bankongzhong
半裸	banluo
半身不遂	banshenbusui
半身像	banshenxiang
半边天	banbiantian
华东地区	huadongdiqu
华东师范大学	huadongshifandaxue
华东野战军	huadongyezhanjun
华中师范大学	huazhongshifandaxue
华为公司	huaweigongsi
华亭	huating
华亭县	huatingxian
华人华侨	huarenhuaqiao
华人社区	huarenshequ
华侨城	huaqiaocheng
华侨大学	huaqiaodaxue
华北军区	huabeijunqu
华南地区	huanandiqu
华南虎	huananhu
华县	huaxian
华国锋	huaguofeng
华夏银行	huaxiayinhang
华容县	huarongxian
华彩	huacai
华星	huaxing
华春莹	huachunying
华晨	huachen
华洋	huayang
华润	huarun
华盖	huagai
华罗庚	hualuogeng
华能	huaneng
华航	huahang
华表	huabiao
华诞	huadan
华里	huali
华雷斯	hualeisi
华龙网	hualongwang
协会主席	xiehuizhuxi
协会会员	xiehuihuiyuan
协办	xieban
协理	xieli
协约	xieyue
协议书	xieyishu
协进会	xiejinhui
卑尔根	beiergen
卑诗	beishi
卑诗省	beishisheng
卑鄙无耻	beibiwuchi
卒业	zuye
卓尔	zhuoer
卓然	zhuoran
卓绝	zhuojue
卓越贡献	zhuoyuegongxian
单上	danshang
单产	danchan
单位制	danweizhi
单列	danlie
单县	shanxian
单双	danshuang
单周	danzhou
单晶	danjing
单曲榜	danqubang
单极	danji
单枞	dancong
单程票	danchengpiao
单管	danguan
单级	danji
单肩	danjian
单轨	dangui
卖主	maizhu
卖座	maizuo
卖房	maifang
卖春	maichun
卖淫	maiyin
卖淫罪	maiyinzui
卖艺	maiyi
卖花	maihua
南丁格尔	nandinggeer
南中国海	nanzhongguohai
南丰	nanfeng
南京军区	nanjingjunqu
南京城	nanjingcheng
南京市	nanjingshi
南京路	nanjinglu
南充市	nanchongshi
南加州	nanjiazhou
南北向	nanbeixiang
南华	nanhua
南华早报	nanhuazaobao
南原	nanyuan
南县	nanxian
南口	nankou
南台	nantai
南向	nanxiang
南城	nancheng
南大门	nandamen
南头	nantou
南奥塞梯	nanaosaiti
南宁市	nanningshi
南山区	nanshanqu
南岭	nanling
南巡	nanxun
南平市	nanpingshi
南康	nankang
南开区	nankaiqu
南投	nantou
南投市	nantoushi
南方局	nanfangju
南方电网	nanfangdianwang
南昌县	nanchangxian
南昌市	nanchangshi
南昌起义	nanchangqiyi
南条	nantiao
南汇	nanhui
南江	nanjiang
南池子	nanchizi
南沙	nansha
南沙群岛	nanshaqundao
南泥湾	nanniwan
南派	nanpai
南浔	nanxun
南海区	nanhaiqu
南湾	nanwan
南漳县	nanzhangxian
南澳大利亚	nanaodaliya
南疆	nanjiang
南皮	nanpi
南移	nanyi
南站	nanzhan
南线	nanxian
南缘	nanyuan
南联盟	nanlianmeng
南苑	nanyuan
南行	nanxing
南路	nanlu
南郊	nanjiao
南部非洲	nanbufeizhou
南阳市	nanyangshi
南院	nanyuan
南雄	nanxiong
南非政府	nanfeizhengfu
南风	nanfeng
南麓	nanlu
南齐	nanqi
博伊尔	boyier
博友	boyou
博古	bogu
博彩业	bocaiye
博洛尼亚	boluoniya
博物院	bowuyuan
博罗	boluo
博罗县	boluoxian
博美	bomei
博讯	boxun
博鳌	boao
卜辞	buci
占星术	zhanxingshu
占领军	zhanlingjun
占领者	zhanlingzhe
卡宾	kabin
卡宾枪	kabinqiang
卡尔曼	kaerman
卡巴斯基	kabasiji
卡扎菲	kazhafei
卡文	kawen
卡比	kabi
卡特尔	kateer
卡纳塔克邦	kanatakebang
卡翠娜	kacuina
卡耐基	kanaiji
卡萨布兰卡	kasabulanka
卡达尔	kadaer
卡通人物	katongrenwu
卡通片	katongpian
卢克索	lukesuo
卢塞恩	lusaien
卢安达	luanda
卢武铉	luwuxuan
卢氏县	lushixian
卢沟桥	lugouqiao
卢泰愚	lutaiyu
卢湾区	luwanqu
卢瑟福	lusefu
卢萨卡	lusaka
卢龙	lulong
卤代烃	ludaiting
卤化	luhua
卤化物	luhuawu
卧病在床	wobingzaichuang
卫国战争	weiguozhanzheng
卫士	weishi
卫尉	weiwei
卫戍	weishu
卫星城	weixingcheng
卫星电视	weixingdianshi
卫星电话	weixingdianhua
卫校	weixiao
卫理公会	weiligonghui
卫生厅	weishengting
卫生员	weishengyuan
卫生学	weishengxue
卫生局	weishengju
卫生所	weishengsuo
卫生系统	weishengxitong
卫生署	weishengshu
卫生设施	weishengsheshi
卫生部长	weishengbuzhang
卫生院	weishengyuan
卫辉	weihui
印军	yinjun
印刷术	yinshuashu
印加人	yinjiaren
印尼政府	yinnizhengfu
印尼盾	yinnidun
印尼语	yinniyu
印巴	yinba
印度半岛	yindubandao
印度尼西亚	yindunixiya
印度斯坦	yindusitan
印度河	yinduhe
印度语	yinduyu
印方	yinfang
印欧语	yinouyu
印痕	yinhen
印第安纳	yindianna
印第安纳州	yindiannazhou
印行	yinxing
危亡	weiwang
危及	weiji
危城	weicheng
危房	weifang
危机重重	weijichongchong
危险品	weixianpin
即以	jiyi
即会	jihui
即位	jiwei
即发	jifa
即席	jixi
即日起	jiriqi
即是	jishi
即期	jiqi
即食	jishi
却成	quecheng
卵巢癌	luanchaoai
卵形	luanxing
卵细胞	luanxibao
卷上	juanshang
卷帘门	juanlianmen
厄立特里亚	eliteliya
厅堂	tingtang
历久	lijiu
历史使命	lishishiming
历史唯物主义	lishiweiwuzhuyi
历史文物	lishiwenwu
历史课	lishike
历数	lishu
历险记	lixianji
厉以宁	liyining
厉声	lisheng
厉行	lixing
压力锅	yaliguo
压实	yashi
压延	yayan
压缩空气	yasuokongqi
压路机	yaluji
压迫者	yapozhe
厌世	yanshi
厌食	yanshi
厚礼	houli
厚薄	houbo
原乡	yuanxiang
原住	yuanzhu
原则性	yuanzexing
原址	yuanzhi
原子序数	yuanzixushu
原子量	yuanziliang
原审	yuanshen
原封	yuanfeng
原平	yuanping
原式	yuanshi
原形	yuanxing
原教旨	yuanjiaozhi
原教旨主义	yuanjiaozhizhuyi
原料药	yuanliaoyao
原核	yuanhe
原水	yuanshui
原油价格	yuanyoujiage
原油期货	yuanyouqihuo
原煤	yuanmei
原爆	yuanbao
原物	yuanwu
原班人马	ybrm
原田	yuantian
原由	yuanyou
原石	yuanshi
原站	yuanzhan
原籍	yuanji
原订	yuanding
厦门市	xiamenshi
厨师	chushi
厨神	chushen
去想	quxiang
去死吧	qusiba
县上	xianshang
县乡	xianxiang
县人	xianren
县内	xiannei
县县	xianxian
县境	xianjing
县尉	xianwei
县属	xianshu
县市	xianshi
县市区	xianshiqu
县府	xianfu
县志	xianzhi
县政府	xianzhengfu
县立	xianli
参与性	canyuxing
参事室	canshishi
参众两院	canzhongliangyuan
参天	cantian
参展商	canzhanshang
参政	canzheng
参政会	canzhenghui
参政员	canzhengyuan
参政议政	canzhengyizheng
参杂	canza
参知政事	canzhizhengshi
参考消息	cankaoxiaoxi
参观者	canguanzhe
参议	canyi
参议会	canyihui
参访	canfang
参谋总长	canmouzongzhang
参谋部	canmoubu
参赛国	cansaiguo
参赛队	cansaidui
参赞	canzan
参选人	canxuanren
参院	canyuan
又一	youyi
又与	youyu
又以	youyi
又名	youming
又是	youshi
叉车	chache
及时雨	jishiyu
及第	jidi
及至	jizhi
友谊	youyi
双人舞	shuangrenwu
双全	shuangquan
双十	shuangshi
双卡	shuangka
双发	shuangfa
双叶	shuangye
双周	shuangzhou
双唇	shuangchun
双喜	shuangxi
双城记	shuangchengji
双声	shuangsheng
双头	shuangtou
双子座	shuangzizuo
双年展	shuangnianzhan
双座	shuangzuo
双开	shuangkai
双循环	shuangxunhuan
双性人	shuangxingren
双拳	shuangquan
双数	shuangshu
双料	shuangliao
双方同意	shuangfangtongyi
双曲线	shuangquxian
双月刊	shuangyuekan
双杠	shuanggang
双枪	shuangqiang
双桥	shuangqiao
双桨	shuangjiang
双椒	shuangjiao
双江	shuangjiang
双流	shuangliu
双环	shuanghuan
双生	shuangsheng
双簧	shuanghuang
双翼	shuangyi
双联	shuanglian
双螺旋	shuangluoxuan
双规	shuanggui
双轨	shuanggui
双轨制	shuangguizhi
双轮	shuanglun
双轴	shuangzhou
双边关系	shuangbianguanxi
双边贸易	shuangbianmaoyi
双重国籍	shuangchongguoji
双门	shuangmen
双鞋	shuangxie
双频	shuangpin
双鱼座	shuangyuzuo
双鸭山	shuangyashan
双龙	shuanglong
反倾销	fanqingxiao
反党	fandang
反冲	fanchong
反击战	fanjizhan
反叛者	fanpanzhe
反右	fanyou
反坦克	fantanke
反坦克炮	fantankepao
反客为主	fankeweizhu
反对党	fanduidang
反封建	fanfengjian
反帝	fandi
反应器	fanyingqi
反应炉	fanyinglu
反抗者	fankangzhe
反斗	fandou
反方	fanfang
反日	fanri
反服贸	fanfumao
反比	fanbi
反民主	fanminzhu
反法西斯战争	fanfaxisizhanzheng
反潜机	fanqianji
反犹	fanyou
反犹太	fanyoutai
反美	fanmei
反腐败	fanfubai
反诉	fansu
反贪局	fantanju
反邪教	fanxiejiao
发信人	faxinren
发出通知	fachutongzhi
发函	fahan
发声明	fashengming
发奋	fafen
发奖	fajiang
发射机	fasheji
发射架	fashejia
发射管	fasheguan
发展前途	fazhanqiantu
发展局	fazhanju
发展期	fazhanqi
发展署	fazhanshu
发展观	fazhanguan
发展部	fazhanbu
发布命令	fabumingling
发式	fashi
发情	faqing
发情期	faqingqi
发推	fatui
发梦	fameng
发热量	fareliang
发牌	fapai
发现者	faxianzhe
发生地	fashengdi
发生爆炸	fashengbaozha
发电机组	fadianjizu
发神经	fashenjing
发祥地	faxiangdi
发稿	fagao
发端	faduan
发育期	fayuqi
发行权	faxingquan
发行股票	faxinggupiao
发表演说	fabiaoyanshuo
发表谈话	fabiaotanhua
发言者	fayanzhe
发运	fayun
发还	fahuan
发送者	fasongzhe
发送至	fasongzhi
发配	fapei
发骚	fasao
发高烧	fagaoshao
叔侄	shuzhi
取保	qubao
取保候审	qubaohoushen
取信	quxin
取名字	qumingzi
取材自	qucaizi
取法	qufa
取消资格	quxiaozige
取货	quhuo
取道	qudao
取食	qushi
受其	shouqi
受刑人	shouxingren
受到破坏	shoudaopohuai
受到重视	sdzs
受制于人	shouzhiyuren
受奖	shoujiang
受惠者	shouhuizhe
受托	shoutuo
受约束	shouyueshu
受聘	shoupin
受让	shourang
受访	shoufang
受贿案	shouhuian
受贿罪	shouhuizui
受降	shouxiang
受难者	shounanzhe
变乱	bianluan
变冷	bianleng
变型	bianxing
变声	biansheng
变天	biantian
变奏曲	bianzouqu
变幻莫测	bhmc
变性人	bianxingren
变性手术	bianxingshoushu
变换器	bianhuanqi
变流器	bianliuqi
变电	biandian
变电所	biandiansuo
变电站	biandianzhan
变质	bianzhi
变质岩	bianzhiyan
变频器	bianpinqi
叙事诗	xushishi
叙利亚人	xuliyaren
叙说	xushuo
口传	kouchuan
口授	koushou
口服液	koufuye
口活	kouhuo
口爆	koubao
口耳	kouer
口误	kouwu
口说	koushuo
口蹄疫	koutiyi
古代史	gudaishi
古典舞	gudianwu
古吉拉特	gujilate
古吉拉特邦	gujilatebang
古国	guguo
古塔	guta
古墓群	gumuqun
古巨基	gujuji
古巴人	gubaren
古庙	gumiao
古德曼	gudeman
古拉格	gulage
古文化	guwenhua
古旧	gujiu
古月	guyue
古村	gucun
古村落	gucunluo
古来	gulai
古根海姆	gugenhaimu
古桥	guqiao
古猿	guyuan
古玩	guwan
古生代	gushengdai
古生物	gushengwu
古生物学	gushengwuxue
古田	gutian
古田县	gutianxian
古称	gucheng
古色古香	guseguxiang
古董店	gudongdian
古装剧	guzhuangju
古铜色	gutongse
古雅	guya
句型	juxing
句容	jurong
另一人	lingyiren
另一回事	lingyihuishi
另个	lingge
另据	lingju
另行通知	lingxingtongzhi
另设	lingshe
另辟	lingpi
只准	zhizhun
只愿	zhiyuan
只手	zhishou
只消	zhixiao
只点	zhidian
只知	zhizhi
只限	zhixian
叫住	jiaozhu
叫到	jiaodao
叫卖	jiaomai
叫床	jiaochuang
叫座	jiaozuo
叫道	jiaodao
叫骂	jiaoma
召妓	zhaoji
召集人	zhaojiren
叮咛	dingning
可买	kemai
可亲	keqin
可伦坡	kelunpo
可信赖	kexinlai
可免	kemian
可入	keru
可再生	kezaisheng
可判	kepan
可回收	kehuishou
可塑	kesu
可多	keduo
可怜兮兮	kelianxixi
可数	keshu
可歌可泣	kegekeqi
可溶性	kerongxing
可编程	kebiancheng
可耕地	kegengdi
可至	kezhi
可视	keshi
可追溯	kezhuisu
可退	ketui
台东	taidong
台东县	taidongxian
台中县	taizhongxian
台中市	taizhongshi
台军	taijun
台办	taiban
台北人	taibeiren
台北市	taibeishi
台南市	tainanshi
台基	taiji
台山市	taishanshi
台州市	taizhoushi
台当局	taidangju
台徽	taihui
台湾同胞	taiwantongbao
台湾大学	taiwandaxue
台湾岛	taiwandao
台湾海峡	taiwanhaixia
台湾独立	taiwanduli
台籍	taiji
台网	taiwang
史丹利	shidanli
史努比	shinubi
史可法	shikefa
史地	shidi
史官	shiguan
史家	shijia
史密森	shimisen
史瑞克	shiruike
史籍	shiji
史考特	shikaote
史蒂文森	shidiwensen
史观	shiguan
史诗	shishi
史话	shihua
史达林	shidalin
史迪威	shidiwei
史迹	shiji
右一	youyi
右丞相	youchengxiang
右倾	youqing
右卫	youwei
右肩	youjian
右舷	youxian
右路	youlu
叶利钦	yeliqin
叶剑英	yejianying
叶县	yexian
叶圣陶	yeshengtao
叶尔羌	yeerqiang
叶柄	yebing
叶脉	yemai
号志	haozhi
号段	haoduan
号牌	haopai
司命	siming
司徒雷登	situleideng
司法公正	sifagongzheng
司法制度	sifazhidu
司法厅	sifating
司法官	sifaguan
司法局	sifaju
司法权	sifaquan
司法独立	sifaduli
司法程序	sifachengxu
司法院	sifayuan
司理	sili
司礼监	silijian
司空	sikong
司铎	siduo
叽叽	jiji
吁请	yuqing
吃剩	chisheng
吃宵夜	chixiaoye
吃得饱	chidebao
吃斋	chizhai
吃水	chishui
吃过饭	chiguofan
各党派	gedangpai
各分	gefen
各县	gexian
各向异性	gexiangyixing
各庄	gezhuang
各得其所	gedeqisuo
各执一词	gezhiyici
各报	gebao
各政党	gezhengdang
各族	gezu
各族人民	gezurenmin
各村	gecun
各条	getiao
各样	geyang
各界人士	gejierenshi
各组	gezu
各自为政	geziweizheng
各行	gehang
各行其是	gexingqishi
各邦	gebang
各镇	gezhen
各阶层	gejieceng
合买	hemai
合作化	hezuohua
合作医疗	hezuoyiliao
合作开发	hezuokaifa
合唱队	hechangdui
合子	hezi
合家	hejia
合建	hejian
合式	heshi
合成氨	hechengan
合成纤维	hechengxianwei
合掌	hezhang
合格者	hegezhe
合欢	hehuan
合江	hejiang
合法政府	hefazhengfu
合法权利	hefaquanli
合浦	hepu
合肥市	hefeishi
合著	hezhu
合葬	hezang
合议	heyi
合议庭	heyiting
合资企业	heziqiye
合金钢	hejingang
吉克	jike
吉兰丹	jilandan
吉卜赛人	jibusairen
吉尔吉斯	jierjisi
吉尔吉斯斯坦	jierjisisitan
吉布提	jibuti
吉布森	jibusen
吉打	jida
吉林市	jilinshi
吉水	jishui
吉祥如意	jixiangruyi
吉祥寺	jixiangsi
吉萨	jisa
吉贝	jibei
吉达	jida
吉野	jiye
吉首	jishou
吉鸿昌	jihongchang
吊臂	diaobi
吊装	diaozhuang
同业公会	tongyegonghui
同乡	tongxiang
同乡会	tongxianghui
同享	tongxiang
同人志	tongrenzhi
同仁医院	tongrenyiyuan
同仁堂	tongrentang
同仇敌忾	tongchoudikai
同侪	tongchai
同党	tongdang
同列	tonglie
同处	tongchu
同姓	tongxing
同安	tongan
同宗	tongzong
同工	tonggong
同工同酬	tonggongtongchou
同归	tonggui
同心同德	tongxintongde
同心圆	tongxinyuan
同志会	tongzhihui
同性爱	tongxingai
同意书	tongyishu
同是	tongshi
同月	tongyue
同村	tongcun
同根	tonggen
同案	tongan
同江	tongjiang
同治	tongzhi
同游	tongyou
同父异母	tongfuyimu
同盟会	tongmenghui
同盟军	tongmengjun
同盟者	tongmengzhe
同知	tongzhi
同行者	tongxingzhe
同袍	tongpao
同调	tongdiao
同质	tongzhi
同质性	tongzhixing
同路人	tongluren
同量	tongliang
同高	tonggao
名不见经传	mingbujianjingzhuan
名产	mingchan
名优	mingyou
名作家	mingzuojia
名古屋	mingguwu
名品	mingpin
名士	mingshi
名山	mingshan
名店	mingdian
名教	mingjiao
名演员	mingyanyuan
名牌产品	mingpaichanpin
名胜区	mingshengqu
名菜	mingcai
名表	mingbiao
名誉主席	mingyuzhuxi
名誉博士	mingyuboshi
名誉权	mingyuquan
名车	mingche
名镇	mingzhen
后于	houyu
后会有期	houhuiyouqi
后传	houzhuan
后入	houru
后勤保障	houqinbaozhang
后勤部	houqinbu
后发	houfa
后周	houzhou
后唐	houtang
后嗣	housi
后备军	houbeijun
后妃	houfei
后尘	houchen
后市	houshi
后庭	houting
后患	houhuan
后援会	houyuanhui
后果自负	houguozifu
后现代主义	houxiandaizhuyi
后继有人	houjiyouren
后继者	houjizhe
后赵	houzhao
吏治	lizhi
吏部	libu
吐口	tukou
吐鲁番	tulufan
吐鲁番市	tulufanshi
向你	xiangni
向其	xiangqi
向她	xiangta
向西	xiangxi
吓唬人	xiahuren
吓死人	xiasiren
君主专制	junzhuzhuanzhi
君主国	junzhuguo
君主立宪	junzhulixian
君士坦丁	junshitanding
君士坦丁堡	junshitandingbao
君山	junshan
吞吐	tuntu
吞掉	tundiao
吞服	tunfu
吟诗	yinshi
吟诵	yinsong
否决票	foujuepiao
吨级	dunji
含冤	hanyuan
含水	hanshui
含混	hanhun
含笑	hanxiao
含糊其辞	hanhuqici
含辛茹苦	hanxinruku
含酒精	hanjiujing
含铁	hantie
听之任之	tingzhirenzhi
听人	tingren
听任	tingren
听命于	tingmingyu
听得见	tingdejian
听政	tingzheng
听证	tingzheng
听障	tingzhang
启事	qishi
启发式	qifashi
吴三桂	wusangui
吴世勋	wushixun
吴中	wuzhong
吴健雄	wujianxiong
吴先生	wuxiansheng
吴刚	wugang
吴县	wuxian
吴哥窟	wugeku
吴奇隆	wuqilong
吴子	wuzi
吴忠	wuzhong
吴忠市	wuzhongshi
吴敦义	wudunyi
吴敬琏	wujinglian
吴玉章	wuyuzhang
吴秀波	wuxiubo
吴邦国	wubangguo
吸力	xili
吸毒者	xiduzhe
吸烟者	xiyanzhe
吸热	xire
吸进	xijin
吹哨	chuishao
吹雪	chuixue
吾人	wuren
呆坐	daizuo
呆瓜	daigua
呈交	chengjiao
呈递	chengdi
告别式	gaobieshi
告密	gaomi
告示牌	gaoshipai
告警	gaojing
告诉您	gaosunin
员外郎	yuanwailang
员额	yuane
呢绒	nirong
周会	zhouhui
周佛海	zhoufohai
周作人	zhouzuoren
周先生	zhouxiansheng
周口	zhoukou
周口市	zhoukoushi
周口店	zhoukoudian
周天	zhoutian
周小川	zhouxiaochuan
周庄	zhouzhuang
周强	zhouqiang
周慧敏	zhouhuimin
周扬	zhouyang
周文王	zhouwenwang
周村	zhoucun
周武王	zhouwuwang
周济	zhouji
周海媚	zhouhaimei
周游世界	zhouyoushijie
周知	zhouzhi
周立波	zhoulibo
周笔畅	zhoubichang
周至	zhouzhi
周转量	zhouzhuanliang
周边国家	zbgj
呻吟声	shenyinsheng
呼伦贝尔	hulunbeier
呼伦贝尔市	hulunbeiershi
呼号	huhao
呼呼	huhu
呼和浩特	huhehaote
呼和浩特市	huhehaoteshi
呼罗珊	huluoshan
命丧	mingsang
命根	minggen
命根子	minggenzi
和县	hexian
和平主义者	hepingzhuyizhe
和平区	hepingqu
和平统一	hepingtongyi
和平解决	hepingjiejue
和平谈判	hepingtanpan
和暖	henuan
和煦	hexu
和田市	hetianshi
和田玉	hetianyu
和缓	hehuan
和议	heyi
和谐社会	hexieshehui
和顺	heshun
咒诅	zhouzu
咕噜咕噜	gulugulu
咣当	guangdang
咧嘴	liezui
咬掉	yaodiao
咸丰县	xianfengxian
咸味	xianwei
咸宁	xianning
咸宁市	xianningshi
咸水湖	xianshuihu
咸猪	xianzhu
咸蟹	xianxie
咸阳市	xianyangshi
品学兼优	pinxuejianyou
品系	pinxi
品茶	pincha
哄抢	hongqiang
哄抬	hongtai
哈尔滨工业大学	haerbingongyedaxue
哈尔滨市	haerbinshi
哈尔科夫	haerkefu
哈尼族	hanizu
哈巴	haba
哈市	hashi
哈布斯堡	habusibao
哈德森	hadesen
哈扎拉	hazhala
哈拉雷	halalei
哈斯	hasi
哈比人	habiren
哈皮	hapi
哈立德	halide
哈米德	hamide
哈菲兹	hafeizi
哈萨克	hasake
哈萨克斯坦	hasakesitan
哈萨克族	hasakezu
哈达	hada
哈里发	halifa
哈马斯	hamasi
响当当	xiangdangdang
哗然	huaran
哥伦比亚大学	gelunbiyadaxue
哥斯达黎加	gesidalijia
哥特式	geteshi
哥顿	gedun
哦哦哦	ooo
哨所	shaosuo
哪里找	nalizhao
哮喘病	xiaochuanbing
哺乳期	buruqi
哺乳类	burulei
哺育	buyu
唇部	chunbu
唇齿	chunchi
唐三藏	tangsanzang
唐初	tangchu
唐卡	tangka
唐县	tangxian
唐嫣	tangyan
唐宪宗	tangxianzong
唐家璇	tangjiaxuan
唐寅	tangyin
唐山市	tangshanshi
唐斯	tangsi
唐明皇	tangminghuang
唐末	tangmo
唐氏	tangshi
唐绍仪	tangshaoyi
唐继尧	tangjiyao
唐英年	tangyingnian
唐贞观	tangzhenguan
唐门	tangmen
唧唧	jiji
售予	shouyu
售楼	shoulou
售票处	shoupiaochu
唯我独尊	weiwoduzun
唯物史观	weiwushiguan
唯物论	weiwulun
唯物辩证法	weiwubianzhengfa
唱到	changdao
唱名	changming
唱和	changhe
唱得	changde
唱片业	changpianye
唾骂	tuoma
啄木	zhuomu
商丘	shangqiu
商丘市	shangqiushi
商业伙伴	shangyehuoban
商业广告	shangyeguanggao
商业广场	shangyeguangchang
商业部	shangyebu
商事	shangshi
商住	shangzhu
商务印书馆	shangwuyinshuguan
商厦	shangsha
商品化	shangpinhua
商品流通	shangpinliutong
商品粮	shangpinliang
商埠	shangbu
商旅	shanglv
商标权	shangbiaoquan
商用车	shangyongche
商社	shangshe
商行	shanghang
商议	shangyi
啤酒瓶	pijiuping
啤酒节	pijiujie
啧啧称奇	zezechengqi
喀什	kashi
喀土穆	katumu
喀拉拉邦	kalalabang
喀麦隆	kamailong
喂狗	weigou
善举	shanju
喇叭声	labasheng
喉咙痛	houlongtong
喉管	houguan
喉舌	houshe
喊冤	hanyuan
喋血	diexue
喜人	xiren
喜剧电影	xijudianying
喜来登	xilaideng
喜笑颜开	xixiaoyankai
喜迎	xiying
喜马拉雅山	ximalayashan
喜马拉雅山脉	ximalayashanmai
喝多	heduo
喝醉酒	hezuijiu
喷到	pendao
喷嘴	penzui
喷墨	penmo
喷射机	pensheji
喷枪	penqiang
喷水池	penshuichi
喷灌	penguan
喷管	penguan
喷血	penxie
嗅到	xiudao
嘉义县	jiayixian
嘉义市	jiayishi
嘉兴市	jiaxingshi
嘉善	jiashan
嘉定区	jiadingqu
嘉实	jiashi
嘉峪关	jiayuguan
嘉峪关市	jiayuguanshi
嘉年华会	jianianhuahui
嘉庆	jiaqing
嘉祥	jiaxiang
嘉里	jiali
嘉陵江	jialingjiang
嘉鱼县	jiayuxian
嘧啶	miding
嘶哑	siya
嘹亮	liaoliang
噤声	jinsheng
噶尔	gaer
噶尔丹	gaerdan
嚣张气焰	xiaozhangqiyan
囚车	qiuche
四七	siqi
四世	sishi
四中全会	sizhongquanhui
四人帮	sirenbang
四六	siliu
四分钟	sifenzhong
四到	sidao
四十一	sishiyi
四十个	sishige
四十二年	sishiernian
四十五分	sishiwufen
四十周年	sishizhounian
四千人	siqianren
四千年	siqiannian
四卷	sijuan
四口	sikou
四叶草	siyecao
四号线	sihaoxian
四合院	siheyuan
四品	sipin
四喜	sixi
四圈	siquan
四大家族	sidajiazu
四射	sishe
四小龙	sixiaolong
四尺	sichi
四届	sijie
四川省委	sichuanshengwei
四平	siping
四平市	sipingshi
四座	sizuo
四时	sishi
四星级	sixingji
四架	sijia
四柱	sizhu
四环	sihuan
四男	sinan
四百年	sibainian
四眼	siyan
四等	sideng
四级	siji
四线	sixian
四艘	sisou
四色	sise
四节	sijie
四虎	sihu
四行	sihang
四轮驱动	silunqudong
四边形	sibianxing
四通八达	sitongbada
四道	sidao
四部曲	sibuqu
四队	sidui
四集	siji
四面体	simianti
四面楚歌	simianchuge
四风	sifeng
回乡	huixiang
回佣	huiyong
回大陆	huidalu
回头是岸	huitoushian
回娘家	huiniangjia
回家吧	huijiaba
回师	huishi
回归自然	huiguiziran
回想	huixiang
回族	huizu
回波	huibo
回溯到	huisudao
回潮	huichao
回眸	huimou
回笼	huilong
回线	huixian
回补	huibu
回赠	huizeng
回迁	huiqian
回防	huifang
回马枪	huimaqiang
因公	yingong
因受	yinshou
因循守旧	yinxunshoujiu
因故	yingu
因涉嫌	yinshexian
因由	yinyou
因缘	yinyuan
因缘际会	yinyuanjihui
团中央	tuanzhongyang
团体赛	tuantisai
团圆饭	tuanyuanfan
团委	tuanwei
团子	tuanzi
团拜会	tuanbaihui
团支部	tuanzhibu
团级	tuanji
团练	tuanlian
团组织	tuanzuzhi
团结一心	tuanjieyixin
团结党	tuanjiedang
团结合作	tuanjiehezuo
团部	tuanbu
团风县	tuanfengxian
园中	yuanzhong
园景	yuanjing
围成	weicheng
围棋	weiqi
围歼	weijian
围网	weiwang
围观者	weiguanzhe
围起来	weiqilai
固体废物	gutifeiwu
固始	gushi
固定式	gudingshi
固定翼	gudingyi
固网	guwang
国与国	guoyuguo
国中生	guozhongsheng
国书	guoshu
国事访问	guoshifangwen
国企改革	guoqigaige
国会山	guohuishan
国会议员	guohuiyiyuan
国信	guoxin
国光	guoguang
国共	guogong
国共合作	guogonghezuo
国内安全	guoneianquan
国内新闻	guoneixinwen
国别	guobie
国办发	guobanfa
国务	guowu
国务委员会	guowuweiyuanhui
国务部长	guowubuzhang
国务院参事	guowuyuancanshi
国势	guoshi
国台办	guotaiban
国史	guoshi
国土局	guotuju
国土资源	guotuziyuan
国境线	guojingxian
国大党	guodadang
国奥	guoao
国奥队	guoaodui
国姓	guoxing
国子监	guozijian
国安会	guoanhui
国安法	guoanfa
国安队	guoandui
国宝级	guobaoji
国家一级	guojiayiji
国家主义	guojiazhuyi
国家主权	guojiazhuquan
国家体委	guojiatiwei
国家元首	guojiayuanshou
国家化	guojiahua
国家广电总局	guojiaguangdianzongju
国家所有	guojiasuoyou
国家教委	guojiajiaowei
国家杜马	guojiaduma
国家林业局	guojialinyeju
国家计划	guojiajihua
国家计委	guojiajiwei
国家银行	guojiayinhang
国宾	guobin
国宾馆	guobinguan
国师	guoshi
国庆日	guoqingri
国库券	guokuquan
国情咨文	guoqingziwen
国政	guozheng
国教	guojiao
国有土地	guoyoutudi
国殇	guoshang
国民军	guominjun
国民大会	guomindahui
国民议会	guominyihui
国泰	guotai
国泰民安	guotaiminan
国清	guoqing
国相	guoxiang
国祥	guoxiang
国粹	guocui
国耻	guochi
国联	guolian
国脚	guojiao
国色	guose
国药	guoyao
国营企业	guoyingqiye
国葬	guozang
国语版	guoyuban
国贼	guozei
国铁	guotie
国防军	guofangjun
国防大学	guofangdaxue
国防科技	guofangkeji
国际主义	guojizhuyi
国际事务	guojishiwu
国际交流	guojijiaoliu
国际公约	guojigongyue
国际刑警	guojixingjing
国际劳工组织	guojilaogongzuzhi
国际奖	guojijiang
国际形象	guojixingxiang
国际歌	guojige
国际法庭	guojifating
国际法院	guojifayuan
国际田联	guojitianlian
国际电信联盟	guojidianxinlianmeng
国际级	guojiji
国际货币基金组织	guojihuobijijinzuzhi
国际足球	guojizuqiu
国际部	guojibu
国难	guonan
国青队	guoqingdui
图书室	tushushi
图书馆员	tushuguanyuan
图书馆学	tushuguanxue
图们	tumen
图们江	tumenjiang
图册	tuce
图利	tuli
图卢兹	tuluzi
图强	tuqiang
图灵机	tulingji
图片下载	tupianxiazai
图片展	tupianzhan
图片集	tupianji
图版	tuban
图瓦卢	tuwalu
图说	tushuo
图谋不轨	tumoubugui
圆寂	yuanji
圆月	yuanyue
圆柱	yuanzhu
圆柱形	yuanzhuxing
圆桌会议	yuanzhuohuiyi
圆满结束	yuanmanjieshu
圆筒	yuantong
圆融	yuanrong
圆通	yuantong
圆锥	yuanzhui
圆锥形	yuanzhuixing
圆领	yuanling
圈中	quanzhong
圈儿	quaner
圈定	quanding
土丘	tuqiu
土产	tuchan
土人	turen
土地改革	tudigaige
土地法	tudifa
土地革命	tudigeming
土堆	tudui
土墙	tuqiang
土壤污染	turangwuran
土家族	tujiazu
土山	tushan
土库曼	tukuman
土库曼斯坦	tukumansitan
土改	tugai
土族	tuzu
土楼	tulou
土特产	tutechan
土生	tusheng
土石方	tushifang
土葬	tuzang
土语	tuyu
圣书	shengshu
圣何塞	shenghesai
圣保罗州	shengbaoluozhou
圣克鲁斯	shengkelusi
圣公会	shenggonghui
圣劳伦斯	shenglaolunsi
圣卢西亚	shengluxiya
圣基茨	shengjici
圣多明各	shengduomingge
圣多美	shengduomei
圣安娜	shenganna
圣山	shengshan
圣战者	shengzhanzhe
圣文森特	shengwensente
圣方	shengfang
圣日耳曼	shengrierman
圣母院	shengmuyuan
圣湖	shenghu
圣玛丽	shengmali
圣职	shengzhi
圣荷西	shenghexi
圣萨尔瓦多	shengsaerwaduo
圣训	shengxun
圣诞夜	shengdanye
圣诞岛	shengdandao
圣诞礼物	shengdanliwu
圣诞老人	sdlr
圣迭戈	shengdiege
圣马丁	shengmading
圣马力诺	shengmalinuo
圣马可	shengmake
在京举行	zaijingjuxing
在先	zaixian
在册	zaice
在城镇	zaichengzhen
在押	zaiya
在讲话中	zaijianghuazhong
圭亚那	guiyana
地下党	dixiadang
地下党员	dixiadangyuan
地下组织	dixiazuzhi
地下道	dixiadao
地下铁	dixiatie
地勤	diqin
地勤人员	diqinrenyuan
地区性	diquxing
地台	ditai
地图集	dituji
地大物博	didawubo
地契	diqi
地委	diwei
地安门	dianmen
地宫	digong
地对空	diduikong
地形图	dixingtu
地拉那	dilana
地支	dizhi
地方志	difangzhi
地毯式	ditanshi
地沟	digou
地热	dire
地热能	direneng
地球仪	diqiuyi
地球化学	diqiuhuaxue
地球日	diqiuri
地球村	diqiucun
地理系	dilixi
地税局	dishuiju
地表水	dibiaoshui
地质公园	dizhigongyuan
地质灾害	dizhizaihai
地道战	didaozhan
地铁线	ditiexian
地震仪	dizhenyi
地震学	dizhenxue
地震局	dizhenju
地震带	dizhendai
地震波	dizhenbo
地面站	dimianzhan
地鼠	dishu
场中	changzhong
场场	changchang
场址	changzhi
场站	changzhan
均会	junhui
均势	junshi
均等	jundeng
均遭	junzao
坎城影展	kanchengyingzhan
坎大哈	kandaha
坎帕拉	kanpala
坎普	kanpu
坏女孩	huainvhai
坏孩子	huaihaizi
坏小子	huaixiaozi
坏疽	huaiju
坐享其成	zuoxiangqicheng
坐像	zuoxiang
坐公车	zuogongche
坐地	zuodi
坐定	zuoding
坐禅	zuochan
坐轮椅	zuolunyi
坐骨神经	zuogushenjing
坑口	kengkou
坑洞	kengdong
坚定信念	jiandingxinnian
坚实	jianshi
坚忍	jianren
坚持原则	jianchiyuanze
坚贞	jianzhen
坝上	bashang
坝顶	bading
坠下	zhuixia
坠地	zhuidi
坠楼	zhuilou
坠海	zhuihai
坡地	podi
坦克炮	tankepao
坦率地	tanshuaide
垂体	chuiti
垂头	chuitou
垂死	chuisi
垂泪	chuilei
垂青	chuiqing
垃圾处理	lajichuli
型式	xingshi
型材	xingcai
垦区	kenqu
垦殖	kenzhi
垦荒	kenhuang
垫圈	dianjuan
垭口	yakou
垮台	kuatai
埃克森	aikesen
埃因霍温	aiyinhuowen
埃塞	aisai
埃塞俄比亚	aisaiebiya
埃塞克斯	aisaikesi
埃尔斯	aiersi
埃斯皮	aisipi
埃菲尔铁塔	aifeiertieta
埃里温	ailiwen
埋设	maishe
城东	chengdong
城乡建设	chengxiangjianshe
城关镇	chengguanzhen
城址	chengzhi
城垣	chengyuan
城子	chengzi
城市居民	chengshijumin
城府	chengfu
城郭	chengguo
城铁	chengtie
城隍	chenghuang
城隍庙	chenghuangmiao
域外	yuwai
培养基	peiyangji
培育出	peiyuchu
培训中心	peixunzhongxin
培训基地	peixunjidi
基体	jiti
基加利	jijiali
基尔	jier
基层单位	jicengdanwei
基干	jigan
基底	jidi
基德	jide
基期	jiqi
基本建设	jibenjianshe
基本点	jibendian
基本矛盾	jibenmaodun
基民盟	jiminmeng
基洛夫	jiluofu
基督	jidu
基督教堂	jidujiaotang
基石	jishi
基质	jizhi
基进	jijin
基部	jibu
基里巴斯	jilibasi
基隆市	jilongshi
基隆河	jilonghe
堆肥	duifei
堪培拉	kanpeila
堪萨斯城	kansasicheng
堰塞湖	yansehu
塑料布	suliaobu
塑胶袋	sujiaodai
塑身	sushen
塔什库尔干	tashikuergan
塔内	tanei
塔利亚	taliya
塔卡	taka
塔吉克斯坦	tajikesitan
塔吉克族	tajikezu
塔城	tacheng
塔尔寺	taersi
塔斯社	tasishe
塔斯马尼亚	tasimaniya
塔里木	talimu
塔顶	tading
塞万提斯	saiwantisi
塞上	saishang
塞北	saibei
塞外	saiwai
塞尔柱	saierzhu
塞班岛	saibandao
塞纳	saina
塞舌尔	saisheer
塞萨尔	saisaer
填埋	tianmai
填埋场	tianmaichang
填料	tianliao
填海	tianhai
塬上	yuanshang
境内外	jingneiwai
墓群	muqun
墓道	mudao
墙纸	qiangzhi
墙边	qiangbian
增修	zengxiu
增兵	zengbing
增刊	zengkan
增删	zengshan
增加值	zengjiazhi
增开	zengkai
增强型	zengqiangxing
增收	zengshou
增效	zengxiao
增派	zengpai
增温	zengwen
增色	zengse
增订	zengding
增选	zengxuan
增长点	zengzhangdian
墨守成规	moshouchenggui
墨汁	mozhi
墨色	mose
士人	shiren
士卒	shizu
士子	shizi
士族	shizu
士林	shilin
士绅	shishen
壬辰	renchen
壮族	zhuangzu
壮烈牺牲	zhuangliexisheng
声像	shengxiang
声名	shengming
声威	shengwei
声言	shengyan
声誉	shengyu
声韵	shengyun
处世	chushi
处处长	chuchuzhang
处女地	chunvdi
处室	chushi
处所	chusuo
处理厂	chulichang
处理机	chuliji
处理程序	chulichengxu
备降	beijiang
备齐	beiqi
复产	fuchan
复元	fuyuan
复兴党	fuxingdang
复兴号	fuxinghao
复兴门	fuxingmen
复利	fuli
复叶	fuye
复合体	fuheti
复合式	fuheshi
复合物	fuhewu
复国主义	fgzy
复垦	fuken
复婚	fuhun
复学	fuxue
复式	fushi
复播	fubo
复方	fufang
复活节岛	fuhuojiedao
复课	fuke
复赛	fusai
复返	fufan
夏令时	xialingshi
夏县	xiaxian
夏商周	xiashangzhou
夏夜	xiaye
夏奇拉	xiaqila
夏明	xiaming
夏末	xiamo
夏秋	xiaqiu
夏装	xiazhuang
外事委员会	waishiweiyuanhui
外交事务	waijiaoshiwu
外交人员	waijiaorenyuan
外交关系	waijiaoguanxi
外交大臣	waijiaodachen
外交家	waijiaojia
外交政策	waijiaozhengce
外侨	waiqiao
外务大臣	waiwudachen
外务省	waiwusheng
外卡	waika
外向型	waixiangxing
外周	waizhou
外商投资	waishangtouzi
外国投资	waiguotouzi
外国游客	waiguoyouke
外场	waichang
外宾	waibin
外强中干	waiqiangzhonggan
外快	waikuai
外患	waihuan
外来人	wailairen
外来者	wailaizhe
外汇交易	waihuijiaoyi
外环	waihuan
外省人	waishengren
外祖母	waizumu
外科学	waikexue
外籍人士	waijirenshi
外经贸部	waijingmaobu
外缘	waiyuan
外罩	waizhao
外蒙	waimeng
外行星	waixingxing
外语片	waiyupian
外语系	waiyuxi
外调	waidiao
外购	waigou
外轮	wailun
外迁	waiqian
外运	waiyun
外野	waiye
外长	waizhang
外高桥	waigaoqiao
多万元	duowanyuan
多产	duochan
多亿元	duoyiyuan
多伦多市	duolunduoshi
多元性	duoyuanxing
多克	duoke
多党	duodang
多党制	duodangzhi
多列	duolie
多功能厅	duogongnengting
多发性	duofaxing
多吨	duodun
多哈	duoha
多多关照	duoduoguanzhao
多多指教	duoduozhijiao
多宗	duozong
多尔衮	duoergun
多巴哥	duobage
多平方米	duopingfangmi
多年生	duoniansheng
多彩的	duocaide
多恩	duoen
多户	duohu
多摩	duomo
多数派	duoshupai
多明哥	duomingge
多明尼加	duomingnijia
多普勒	duopule
多月	duoyue
多期	duoqi
多来	duolai
多枚	duomei
多毛	duomao
多汗	duohan
多灾多难	duozaiduonan
多瓦	duowa
多用户	duoyonghu
多用途	duoyongtu
多留	duoliu
多番	duofan
多相	duoxiang
多组	duozu
多艘	duosou
多色	duose
多萝西	duoluoxi
多角	duojiao
多路	duolu
多辆	duoliang
多边贸易	duobianmaoyi
多面体	duomianti
多面手	duomianshou
多项	duoxiang
多首	duoshou
夜中	yezhong
夜叉	yecha
夜宴	yeyan
夜幕	yemu
夜明珠	yemingzhu
夜来香	yelaixiang
夜深	yeshen
夜视仪	yeshiyi
大不敬	dabujing
大专院校	dazhuanyuanxiao
大中专	dazhongzhuan
大中型	dazhongxing
大丰收	dafengshou
大举进攻	dajujingong
大乐	dale
大乘	dacheng
大亚湾	dayawan
大仲马	dazhongma
大众文化	dazhongwenhua
大众网	dazhongwang
大会党	dahuidang
大会堂	dahuitang
大位	dawei
大佛寺	dafosi
大元帅	dayuanshuai
大公国	dagongguo
大公报	dagongbao
大公无私	dagongwusi
大兴土木	daxingtumu
大写字母	daxiezimu
大冶	daye
大冶市	dayeshi
大出风头	dachufengtou
大别山	dabieshan
大到	dadao
大势已去	dashiyiqu
大化	dahua
大卡车	dakache
大历	dali
大发雷霆	dafaleiting
大后方	dahoufang
大呼拉尔	dahulaer
大商	dashang
大嘴巴	dazuiba
大团结	datuanjie
大圣	dasheng
大埔	dabu
大堤	dadi
大士	dashi
大声疾呼	dashengjihu
大夏	daxia
大头贴	datoutie
大奖赛	dajiangsai
大奶	danai
大好机会	dahaojihui
大姓	daxing
大姨	dayi
大威	dawei
大字报	dazibao
大学堂	daxuetang
大宁	daning
大宅	dazhai
大宇	dayu
大宛	dayuan
大客车	dakeche
大富	dafu
大寒	dahan
大寨	dazhai
大小事	daxiaoshi
大少爷	dashaoye
大岛	dadao
大师赛	dashisai
大干	dagan
大庆油田	daqingyoutian
大底	dadi
大庙	damiao
大忙	damang
大悟县	dawuxian
大惑不解	dahuobujie
大感	dagan
大成	dacheng
大扫除	dasaochu
大振	dazhen
大排长龙	dapaichanglong
大敌	dadi
大旱	dahan
大时	dashi
大暴雨	dabaoyu
大板	daban
大树下	dashuxia
大槐树	dahuaishu
大气污染	daqiwuran
大沽	dagu
大泽	daze
大洋洲	dayangzhou
大流士	daliushi
大润发	darunfa
大清国	daqingguo
大渡河	daduhe
大温	dawen
大湾	dawan
大溪	daxi
大溪地	daxidi
大灰狼	dahuilang
大灾难	dazainan
大热天	daretian
大理	dali
大理寺	dalisi
大理市	dalishi
大生	dasheng
大男子主义	dananzizhuyi
大疆	dajiang
大盗	dadao
大石	dashi
大石桥	dashiqiao
大码	dama
大礼	dali
大礼堂	dalitang
大祭司	dajisi
大福	dafu
大程度	dachengdu
大篷车	dapengche
大肉	darou
大肚婆	dadupo
大肠癌	dachangai
大胃	dawei
大能	daneng
大花	dahua
大英博物馆	dayingbowuguan
大荔	dali
大菜	dacai
大藏	dazang
大藏省	dazangsheng
大藏经	dazangjing
大西洋城	daxiyangcheng
大观园	daguanyuan
大观楼	daguanlou
大讲堂	dajiangtang
大豆油	dadouyou
大赏	dashang
大赞	dazan
大赢家	dayingjia
大踏步	databu
大运河	dayunhe
大连人	dalianren
大连实德	dalianshide
大连市	dalianshi
大连理工大学	dalianligongdaxue
大通道	datongdao
大邑	dayi
大钟	dazhong
大阪府	dabanfu
大陆性	daluxing
大陆架	dalujia
大雄宝殿	daxiongbaodian
大集	daji
大雪山	daxueshan
大青山	daqingshan
大顺	dashun
大饭店	dafandian
大马力	damali
大马路	damalu
大骂	dama
大骗子	dapianzi
大鸡	daji
大鼻子	dabizi
天一阁	tianyige
天上人间	tianshangrenjian
天上掉	tianshangdiao
天上飞	tianshangfei
天下事	tianxiashi
天下无双	tianxiawushuang
天不怕	tianbupa
天伦	tianlun
天伦之乐	tianlunzhile
天保	tianbao
天儿	tianer
天兔	tiantu
天台山	tiantaishan
天坛	tiantan
天外	tianwai
天宁寺	tianningsi
天安	tianan
天师	tianshi
天干	tiangan
天开	tiankai
天德	tiande
天文馆	tianwenguan
天日	tianri
天晴	tianqing
天有不测风云	tianyoubucefengyun
天极	tianji
天正	tianzheng
天气图	tianqitu
天水市	tianshuishi
天河区	tianhequ
天津市委	tianjinshiwei
天津泰达	tianjintaida
天津港	tianjingang
天海	tianhai
天涯社区	tianyashequ
天灯	tiandeng
天热	tianre
天然林	tianranlin
天照	tianzhao
天球	tianqiu
天监	tianjian
天目山	tianmushan
天真无邪	tianzhenwuxie
天祚帝	tianzuodi
天穹	tianqiong
天线宝宝	tianxianbaobao
天罗地网	tianluodiwang
天罡	tiangang
天聪	tiancong
天蓝	tianlan
天蓝色	tianlanse
天行者	tianxingzhe
天要	tianyao
天长地久	tianchangdijiu
天门	tianmen
天门市	tianmenshi
天际线	tianjixian
天青	tianqing
天音	tianyin
天顺	tianshun
天骄	tianjiao
天魔	tianmo
天鹰	tianying
太上皇	taishanghuang
太上老君	taishanglaojun
太不像话	taibuxianghua
太亮	tailiang
太仆寺	taipusi
太仓	taicang
太假	taijia
太傅	taifu
太原市	taiyuanshi
太史	taishi
太君	taijun
太和殿	taihedian
太坏	taihuai
太天真	taitianzhen
太妃	taifei
太嫩	tainen
太子港	taizigang
太学	taixue
太对	taidui
太帅	taishuai
太常寺	taichangsi
太庙	taimiao
太强大	taiqiangda
太惨	taican
太棒	taibang
太漂亮	taipiaoliang
太牛	tainiu
太甜	taitian
太田	taitian
太皇太后	taihuangtaihou
太穷	taiqiong
太空梭	taikongsuo
太空衣	taikongyi
太笨	taiben
太粗	taicu
太虚	taixu
太蠢	taichun
太过火	taiguohuo
太迟	taichi
太阳城	taiyangcheng
太阳报	taiyangbao
太阳眼镜	taiyangyanjing
太阳黑子	taiyangheizi
太高兴	taigaoxing
太鲁阁	tailuge
夫妇俩	fufulia
夫婿	fuxu
夫子庙	fuzimiao
夫差	fuchai
央视网	yangshiwang
夯土	hangtu
失业者	shiyezhe
失乐园	shileyuan
失事	shishi
失却	shique
失去平衡	shiqupingheng
失地	shidi
失宠	shichong
失常	shichang
失德	shide
失忆	shiyi
失水	shishui
失物	shiwu
失球	shiqiu
失礼	shili
失神	shishen
失禁	shijin
失算	shisuan
失而复得	shierfude
失落感	shiluogan
失语	shiyu
失误	shiwu
失踪人口	shizongrenkou
失踪案	shizongan
失踪者	shizongzhe
失陷	shixian
失魂落魄	shihunluopo
头一回	touyihui
头号敌人	touhaodiren
头天	toutian
头晕目眩	touyunmuxuan
头条新闻	toutiaoxinwen
头版头条	toubantoutiao
头牛	touniu
头盖骨	tougaigu
头筹	touchou
头脑清醒	tounaoqingxing
头角	toujiao
夹具	jiaju
夹缝	jiafeng
夺下	duoxia
夺宝	duobao
夺标	duobiao
夺眶而出	duokuangerchu
夺门而出	duomenerchu
奄美	yanmei
奇事	qishi
奇侠传	qixiazhuan
奇奇	qiqi
奇异果	qiyiguo
奇想	qixiang
奇石	qishi
奇虎	qihu
奇谈	qitan
奇谋	qimou
奇谭	qitan
奇门	qimen
奈叶	naiye
奈拉	naila
奉化	fenghua
奉献精神	fengxianjingshen
奉贤	fengxian
奉送	fengsong
奋发图强	fenfatuqiang
奋斗目标	fendoumubiao
奏报	zoubao
奏章	zouzhang
奏议	zouyi
奔丧	bensang
奔忙	benmang
奔逃	bentao
奔驰车	benchiche
奖券	jiangquan
奖助	jiangzhu
奖得主	jiangdezhu
奖惩	jiangcheng
奖牌榜	jiangpaibang
奖金额	jiangjine
套取	taoqu
套图	taotu
套票	taopiao
套筒	taotong
套管	taoguan
奠基	dianji
奢靡	shemi
奥兰治	aolanzhi
奥古斯	aogusi
奥古斯塔	aogusita
奥地利人	aodiliren
奥委会	aoweihui
奥尔德	aoerde
奥帕特拉	aopatela
奥斯卡金像奖	aosikajinxiangjiang
奥林匹克运动会	aolinpikeyundonghui
奥氏体	aoshiti
奥组委	aozuwei
奥里萨邦	aolisabang
奥陶纪	aotaoji
女囚	nvqiu
女奴	nvnu
女子监狱	nvzijianyu
女将	nvjiang
女权主义者	nvquanzhuyizhe
女特工	nvtegong
女白领	nvbailing
女职员	nvzhiyuan
女间谍	nvjiandie
奴工	nugong
奴性	nuxing
奶娘	nainiang
她向	taxiang
好乖	haoguai
好了吗	haolema
好了没	haolemei
好动	haodong
好多天	haoduotian
好头	haotou
好好先生	haohaoxiansheng
好快	haokuai
好惨	haocan
好想你	haoxiangni
好料	haoliao
好景	haojing
好榜样	haobangyang
好烦	haofan
好痛	haotong
好的开始	haodekaishi
好礼	haoli
好羡慕	haoxianmu
好自为之	haoziweizhi
好酷	haoku
好险	haoxian
好骚	haosao
如临大敌	rulindadi
如云	ruyun
如你所愿	runisuoyuan
如厕	ruce
如意算盘	ruyisuanpan
如数	rushu
如期举行	ruqijuxing
如林	rulin
如歌	ruge
如法炮制	rufapaozhi
如皋	rugao
如能	runeng
如风	rufeng
如饥似渴	rujisike
妄动	wangdong
妄想症	wangxiangzheng
妇幼保健	fuyoubaojian
妇科医生	fukeyisheng
妇科炎症	fukeyanzheng
妈咪	mami
妈祖	mazu
妈祖庙	mazumiao
妊娠期	renshenqi
妖刀	yaodao
妖娆	yaorao
妖狐	yaohu
妙手	miaoshou
妙法	miaofa
妙用	miaoyong
妙算	miaosuan
妙趣横生	miaoquhengsheng
妙龄	miaoling
妥善解决	tuoshanjiejue
妻离子散	qilizisan
始兴	shixing
始创	shichuang
始建	shijian
始得	shide
始新世	shixinshi
始自	shizi
姐妹俩	jiemeilia
姐弟恋	jiedilian
姑丈	guzhang
姑婆	gupo
姑苏	gusu
委以	weiyi
委任状	weirenzhuang
委会	weihui
委托书	weituoshu
委身	weishen
姚依林	yaoyilin
姚文元	yaowenyuan
姚晨	yaochen
姚期智	yaoqizhi
姚记	yaoji
姜维	jiangwei
姜黄	jianghuang
姨娘	yiniang
姿式	zishi
威仪	weiyi
威势	weishi
威县	weixian
威名	weiming
威宁	weining
威尔第	weierdi
威尔金森	weierjinsen
威州	weizhou
威斯康星	weisikangxing
威斯康星州	weisikangxingzhou
威斯汀	weisiting
威海卫	weihaiwei
威盛	weisheng
威胁性	weixiexing
威胁论	weixielun
威远	weiyuan
威震	weizhen
威风凛凛	weifenglinlin
娃娃脸	wawalian
娄底	loudi
娄底市	loudishi
娇喘	jiaochuan
娇嗔	jiaochen
娇娃	jiaowa
娇媚	jiaomei
娇嫩	jiaonen
娇滴滴	jiaodidi
娇美	jiaomei
娇羞	jiaoxiu
娇艳	jiaoyan
娓娓	weiwei
娘亲	niangqin
娘子军	niangzijun
娘胎	niangtai
娜塔莎	natasha
娱乐业	yuleye
娱乐场	yulechang
娱乐城	yulecheng
娱乐界	yulejie
娱乐网	yulewang
婆娑	posuo
婆婆妈妈	popomama
婉约	wanyue
婚俗	hunsu
婚变	hunbian
婚外恋	hunwailian
婚姻关系	hunyinguanxi
婚姻生活	hunyinshenghuo
婚姻登记	hunyindengji
婚嫁	hunjia
婚庆	hunqing
婚配	hunpei
媚外	meiwai
媚娘	meiniang
嫁出去	jiachuqu
嫁娶	jiaqu
嫌多	xianduo
嫌恶	xianwu
嫩模	nenmo
嫩江	nenjiang
嫩肤	nenfu
嫩芽	nenya
子儿	zier
子午	ziwu
子午线	ziwuxian
子口	zikou
子囊	zinang
子子孙孙	zizisunsun
子弟兵	zidibing
子星	zixing
子母弹	zimudan
子虚乌有	zixuwuyou
孔庙	kongmiao
孔祥熙	kongxiangxi
孕产妇	yunchanfu
孕激素	yunjisu
字串	zichuan
字幕版	zimuban
存世	cunshi
存于	cunyu
存单	cundan
存栏	cunlan
存管	cunguan
孙传芳	sunchuanfang
孙俪	sunli
孙儿	suner
孙先生	sunxiansheng
孙政才	sunzhengcai
孙文	sunwen
孙楠	sunnan
孝廉	xiaolian
孝感	xiaogan
孝感市	xiaoganshi
孝文帝	xiaowendi
孝昌	xiaochang
孝昌县	xiaochangxian
孝经	xiaojing
孝道	xiaodao
孟买	mengmai
孟什维克	mengshiweike
孟加拉湾	mengjialawan
孟加拉虎	mengjialahu
孟加拉语	mengjialayu
孟德尔	mengdeer
孟津	mengjin
季刊	jikan
季羡林	jixianlin
季风气候	jifengqihou
孤儿寡母	guerguamu
学习型	xuexixing
学习班	xuexiban
学佛	xuefo
学前	xueqian
学前班	xueqianban
学力	xueli
学友	xueyou
学年度	xueniandu
学术团体	xueshutuanti
学杂费	xuezafei
学武	xuewu
学海	xuehai
学潮	xuechao
学理	xueli
学生妹	xueshengmei
学着点	xuezhedian
学社	xueshe
学究	xuejiu
学苑	xueyuan
学部委员	xuebuweiyuan
学院路	xueyuanlu
学雷锋	xueleifeng
学龄儿童	xuelingertong
学龄前	xuelingqian
孰不可忍	shubukeren
孵出	fuchu
宁为玉碎	ningweiyusui
宁乡	ningxiang
宁乡县	ningxiangxian
宁化	ninghua
宁县	ningxian
宁国	ningguo
宁城	ningcheng
宁夏回族自治区	ningxiahuizuzizhiqu
宁宁	ningning
宁德	ningde
宁德市	ningdeshi
宁武	ningwu
宁河	ninghe
宁波市	ningboshi
宁海	ninghai
宁海县	ninghaixian
宁肯	ningken
宁都	ningdu
宁陵	ningling
它又	tayou
它由	tayou
宅院	zhaiyuan
宇宙观	yuzhouguan
宇文泰	yuwentai
宇称	yucheng
宇野	yuye
守仁	shouren
守势	shoushi
守灵	shouling
守门人	shoumenren
安丘	anqiu
安东尼奥	adna
安东诺夫	andongnuofu
安以轩	anyixuan
安倍	anbei
安倍晋三	anbeijinsan
安全事件	anquanshijian
安全检查	anquanjiancha
安全法	anquanfa
安全监管	anquanjianguan
安全网	anquanwang
安全部门	anquanbumen
安全部队	anquanbudui
安分守己	anfenshouji
安卡拉	ankala
安吉丽娜	anjilina
安吉拉	anjila
安哥	ange
安国	anguo
安塞	ansai
安大略省	andalvesheng
安定团结	andingtuanjie
安定门	andingmen
安家落户	anjialuohu
安平	anping
安平县	anpingxian
安康市	ankangshi
安得拉邦	andelabang
安抚司	anfusi
安提瓜	antigua
安格拉	angela
安民	anmin
安理会	anlihui
安琪拉	anqila
安的列斯群岛	andeliesiqundao
安监局	anjianju
安第斯山	andisishan
安纳金	annajin
安赫尔	anheer
安达曼	andaman
安邦	anbang
安阳	anyang
安阳县	anyangxian
安阳市	anyangshi
安陆	anlu
安陆市	anlushi
安非他命	anfeitaming
安顺	anshun
安顺市	anshunshi
宋仁宗	songrenzong
宋仲基	songzhongji
宋太宗	songtaizong
宋太祖	songtaizu
宋子文	songziwen
宋庆龄	songqingling
宋慧乔	songhuiqiao
宋教仁	songjiaoren
宋智孝	songzhixiao
宋楚瑜	songchuyu
宋真宗	songzhenzong
宋祖英	songzuying
宋美龄	songmeiling
宋高宗	songgaozong
完全同意	wanquantongyi
完全版	wanquanban
完工后	wangonghou
完成使命	wanchengshiming
完稿	wangao
完结篇	wanjiepian
完美无瑕	wanmeiwuxia
宗亲	zongqin
宗人府	zongrenfu
宗喀巴	zongkaba
宗室	zongshi
宗教事务	zongjiaoshiwu
宗教仪式	zongjiaoyishi
宗教团体	zongjiaotuanti
宗教学	zongjiaoxue
宗教建筑	zongjiaojianzhu
宗教性	zongjiaoxing
宗教改革	zongjiaogaige
宗教界	zongjiaojie
宗教自由	zongjiaoziyou
宗法	zongfa
宗祠	zongci
官人	guanren
官兵们	guanbingmen
官制	guanzhi
官办	guanban
官官相护	guanguanxianghu
官宦	guanhuan
官山	guanshan
官房长官	guanfangzhangguan
官方消息	guanfangxiaoxi
官方版	guanfangban
官民	guanmin
官爵	guanjue
官窑	guanyao
官职	guanzhi
官能	guanneng
官能团	guannengtuan
官衔	guanxian
官道	guandao
定义域	dingyiyu
定位器	dingweiqi
定位系统	dingweixitong
定则	dingze
定南	dingnan
定员	dingyuan
定增	dingzeng
定居者	dingjuzhe
定州	dingzhou
定情	dingqing
定数	dingshu
定襄	dingxiang
定边	dingbian
定远	dingyuan
定远县	dingyuanxian
定陶	dingtao
宜人	yiren
宜兰县	yilanxian
宜兰市	yilanshi
宜兴	yixing
宜兴市	yixingshi
宜城	yicheng
宜家	yijia
宜宾市	yibinshi
宜居	yiju
宜川	yichuan
宜昌	yichang
宜春市	yichunshi
宜良	yiliang
宜都	yidu
宜都市	yidushi
宜阳	yiyang
宝丽金	baolijin
宝华	baohua
宝塔	baota
宝安区	baoanqu
宝山	baoshan
宝山区	baoshanqu
宝林	baolin
宝莲	baolian
宝莲灯	baoliandeng
宝贝儿	baobeier
宝鉴	baojian
宝钢	baogang
实业家	shiyejia
实为	shiwei
实习医生	shixiyisheng
实事	shishi
实作	shizuo
实例	shili
实况转播	shikuangzhuanbo
实务	shiwu
实地调查	shididiaocha
实境	shijing
实境秀	shijingxiu
实干家	shiganjia
实据	shiju
实收	shishou
实施方案	shishifangan
实有	shiyou
实用化	shiyonghua
实绩	shiji
实证主义	shizhengzhuyi
实践者	shijianzhe
实重	shizhong
实验区	shiyanqu
实验学校	shiyanxuexiao
实验教学	shiyanjiaoxue
实验楼	shiyanlou
宠妃	chongfei
宠物狗	chongwugou
宠臣	chongchen
审判员	shenpanyuan
审判庭	shenpanting
审判权	shenpanquan
审定	shending
审察	shencha
审时度势	shenshiduoshi
审计局	shenjiju
审计署	shenjishu
审计长	shenjizhang
审评	shenping
审验	shenyan
客家话	kejiahua
客座教授	kezuojiaoshou
客死	kesi
客票	kepiao
客籍	keji
客货	kehuo
客运	keyun
客运站	keyunzhan
客运量	keyunliang
宣传员	xuanchuanyuan
宣传品	xuanchuanpin
宣传照	xuanchuanzhao
宣传画	xuanchuanhua
宣传部长	xuanchuanbuzhang
宣传队	xuanchuandui
宣告成立	xuangaochengli
宣和	xuanhe
宣城市	xuanchengshi
宣威	xuanwei
宣布独立	xuanbuduli
宣恩县	xuanenxian
宣抚司	xuanfusi
宣武区	xuanwuqu
宣武门	xuanwumen
宣统	xuantong
宣誓就职	xuanshijiuzhi
室主任	shizhuren
室内外	shineiwai
室长	shizhang
宪制	xianzhi
宪宗	xianzong
宪政	xianzheng
宪法法院	xianfafayuan
宫城县	gongchengxian
宫墙	gongqiang
宫室	gongshi
宫观	gongguan
宫里	gongli
宴会厅	yanhuiting
家世	jiashi
家养	jiayang
家奴	jianu
家宅	jiazhai
家庄	jiazhuang
家庭式	jiatingshi
家庭教师	jiatingjiaoshi
家庭聚会	jiatingjuhui
家眷	jiajuan
家臣	jiachen
家规	jiagui
家计	jiaji
家训	jiaxun
家财	jiacai
家贫	jiapin
家风	jiafeng
容县	rongxian
容祖儿	rongzuer
宽体	kuanti
宽宏	kuanhong
宽窄	kuanzhai
宽频	kuanpin
宾士	binshi
宾夕法尼亚	binxifaniya
宾夕法尼亚大学	binxifaniyadaxue
宾夕法尼亚州	binxifaniyazhou
宿县	suxian
宿命论	suminglun
宿州市	suzhoushi
宿迁市	suqianshi
寄回	jihui
寄点	jidian
寄语	jiyu
寄递	jidi
密云	miyun
密云县	miyunxian
密使	mishi
密切合作	miqiehezuo
密切联系	miqielianxi
密宗	mizong
密歇根州	mixiegenzhou
密特朗	mitelang
密电	midian
密西根	mixigen
密西西比州	mixixibizhou
密西西比河	mixixibihe
密集型	mijixing
富丽	fuli
富力	fuli
富县	fuxian
富商	fushang
富士通	fushitong
富尔顿	fuerdun
富川	fuchuan
富庶	fushu
富民	fumin
富源	fuyuan
富豪榜	fuhaobang
富顺	fushun
富顺县	fushunxian
寒流	hanliu
寒蝉	hanchan
寓于	yuyu
寓居	yuju
察哈尔	chahaer
察院	chayuan
寡头政治	guatouzhengzhi
对光	duiguang
对党	duidang
对台	duitai
对唱	duichang
对垒	duilei
对子	duizi
对抗赛	duikangsai
对敌	duidi
对照表	duizhaobiao
对生	duisheng
对空	duikong
对立统一	dlty
对虾	duixia
对话会	duihuahui
对调	duidiao
寻亲	xunqin
寻人	xunren
寻人启事	xunrenqishi
寻宝	xunbao
寻得	xunde
寻根	xungen
寻租	xunzu
寻获	xunhuo
寻衅滋事	xunxinzishi
寻访	xunfang
导弹系统	daodanxitong
导弹艇	daodanting
导报	daobao
导演奖	daoyanjiang
导火线	daohuoxian
导电性	daodianxing
导航仪	daohangyi
导航系统	daohangxitong
导览	daolan
寿光	shouguang
寿县	shouxian
寿辰	shouchen
寿阳	shouyang
寿险	shouxian
封丘	fengqiu
封信	fengxin
封嘴	fengzui
封套	fengtao
封建主	fengjianzhu
封爵	fengjue
封神榜	fengshenbang
封禅	fengshan
封赏	fengshang
封锁消息	fengsuoxiaoxi
封锁线	fengsuoxian
射伤	sheshang
射击场	shejichang
射向	shexiang
射手座	sheshouzuo
射手榜	sheshoubang
射流	sheliu
射进	shejin
射阳	sheyang
将之	jiangzhi
将使	jiangshi
将官	jiangguan
将成	jiangcheng
将校	jiangxiao
将现	jiangxian
将至	jiangzhi
将车	jiangche
将门	jiangmen
尉迟	yuchi
尊卑	zunbei
尊号	zunhao
尊荣	zunrong
尊重事实	zunzhongshishi
小乘	xiaocheng
小事	xiaoshi
小亚细亚	xiaoyaxiya
小党	xiaodang
小农	xiaonong
小农经济	xiaonongjingji
小利	xiaoli
小口径	xiaokoujing
小史	xiaoshi
小命	xiaoming
小品文	xiaopinwen
小商	xiaoshang
小商品	xiaoshangpin
小商小贩	xiaoshangxiaofan
小商店	xiaoshangdian
小嘴	xiaozui
小型企业	xiaoxingqiye
小城镇	xiaochengzhen
小夜	xiaoye
小妹子	xiaomeizi
小媳妇	xiaoxifu
小学教师	xiaoxuejiaoshi
小学校	xiaoxuexiao
小宇	xiaoyu
小宝贝	xiaobaobei
小客车	xiaokeche
小巫见大巫	xiaowujiandawu
小巷	xiaoxiang
小布什	xiaobushi
小帅	xiaoshuai
小帅哥	xiaoshuaige
小康社会	xiaokangshehui
小建	xiaojian
小惠	xiaohui
小房	xiaofang
小扎	xiaozha
小把戏	xiaobaxi
小提琴家	xiaotiqinjia
小数点	xiaoshudian
小早川	xiaozaochuan
小杂种	xiaozazhong
小村	xiaocun
小村子	xiaocunzi
小松	xiaosong
小桥	xiaoqiao
小泉	xiaoquan
小流氓	xiaoliumang
小狗狗	xiaogougou
小生	xiaosheng
小电	xiaodian
小白菜	xiaobaicai
小盒子	xiaohezi
小盘	xiaopan
小直	xiaozhi
小眼	xiaoyan
小矮人	xiaoairen
小石	xiaoshi
小约翰	xiaoyuehan
小组会议	xiaozuhuiyi
小结	xiaojie
小美人	xiaomeiren
小群	xiaoqun
小胜	xiaosheng
小舞	xiaowu
小节	xiaojie
小街	xiaojie
小表妹	xiaobiaomei
小视	xiaoshi
小说集	xiaoshuoji
小豆	xiaodou
小贤	xiaoxian
小轮	xiaolun
小轿车	xiaojiaoche
小辫子	xiaobianzi
小道	xiaodao
小集团	xiaojituan
小项	xiaoxiang
小颖	xiaoying
小飞侠	xiaofeixia
小食	xiaoshi
小骚	xiaosao
小鱼儿	xiaoyuer
小鹰	xiaoying
小黄瓜	xiaohuanggua
少主	shaozhu
少儿不宜	shaoerbuyi
少先队	shaoxiandui
少先队员	shaoxianduiyuan
少奶奶	shaonainai
少年儿童	shaonianertong
少年宫	shaoniangong
少林拳	shaolinquan
少管闲事	shaoguanxianshi
尔雅	erya
尖刀	jiandao
尖叫声	jianjiaosheng
尖端	jianduan
尖端科技	jianduankeji
尖角	jianjiao
尖货	jianhuo
尖酸	jiansuan
尖顶	jianding
尚义	shangyi
尚属	shangshu
尚待	shangdai
尚志	shangzhi
尚方宝剑	shangfangbaojian
尚武	shangwu
尚需	shangxu
尤甚	youshen
就可以看	jiukeyikan
就地正法	jiudizhengfa
就此打住	jiucidazhu
就职典礼	jiuzhidianli
尸检	shijian
尸身	shishen
尸骸	shihai
尹志平	yinzhiping
尹恩惠	yinenhui
尼亚	niya
尼亚加拉	niyajiala
尼姆	nimu
尼德兰	nidelan
尼日尔	nirier
尼桑	nisang
尼科	nike
尼米兹	nimizi
尼赫鲁	nihelu
尽失	jinshi
尽己	jinji
尽快恢复	jinkuaihuifu
尽收	jinshou
尽收眼底	jinshouyandi
尽然	jinran
尾气	weiqi
尾端	weiduan
尾羽	weiyu
尿不湿	niaobushi
尿失禁	niaoshijin
尿裤子	niaokuzi
局促不安	jucubuan
局内	junei
局地	judi
局外	juwai
局局长	jujuzhang
层状	cengzhuang
居住权	juzhuquan
居住者	juzhuzhe
居心叵测	juxinpoce
居民点	jumindian
居留权	juliuquan
居里	juli
居里夫人	julifuren
居鲁士	julushi
屈居	quju
届时	jieshi
届满	jieman
屋前	wuqian
屋宇	wuyu
屋檐下	wuyanxia
屋脊	wuji
屋面	wumian
屏东	pingdong
屏东县	pingdongxian
屏东市	pingdongshi
屏山	pingshan
展映	zhanying
展板	zhanban
展演	zhanyan
展示中心	zhanshizhongxin
展示会	zhanshihui
展览馆	zhanlanguan
展销	zhanxiao
展销会	zhanxiaohui
属意	zhuyi
属灵	shuling
屠龙记	tulongji
履带式	lvdaishi
屯垦	tunken
屯子	tunzi
屯门	tunmen
山东半岛	shandongbandao
山东队	shandongdui
山东鲁能	shandongluneng
山丹	shandan
山乡	shanxiang
山内	shannei
山冈	shangang
山前	shanqian
山势	shanshi
山南	shannan
山地区	shandiqu
山坳	shanao
山墙	shanqiang
山居	shanju
山岩	shanyan
山岳	shanyue
山崩	shanbeng
山市	shanshi
山径	shanjing
山手线	shanshouxian
山景	shanjing
山毛榉	shanmaoju
山泉	shanquan
山洪	shanhong
山火	shanhuo
山炮	shanpao
山石	shanshi
山神	shanshen
山竹	shanzhu
山花	shanhua
山茶	shancha
山茶花	shanchahua
山道	shandao
山镇	shanzhen
山门	shanmen
山阳县	shanyangxian
山阴县	shanyinxian
岁入	suiru
岁末	suimo
岂是	qishi
岐山	qishan
岔道	chadao
岗亭	gangting
岗哨	gangshao
岘港	xiangang
岛民	daomin
岩层	yanceng
岩溶	yanrong
岩石圈	yanshiquan
岭南大学	lingnandaxue
岱山	daishan
岳母	yuemu
岳池	yuechi
岳阳县	yueyangxian
岳阳市	yueyangshi
岷县	minxian
岷山	minshan
岷江	minjiang
峡湾	xiawan
峨山	eshan
峨眉	emei
峨眉山	emeishan
峰回路转	fenghuiluzhuan
峰林	fenglin
崂山	laoshan
崇仁	chongren
崇光	chongguang
崇文区	chongwenqu
崇文门	chongwenmen
崇明县	chongmingxian
崇阳县	chongyangxian
崩落	bengluo
嵊州市	shengzhoushi
嵩县	songxian
嵩山	songshan
巍峨	weie
巍巍	weiwei
川上	chuanshang
川军	chuanjun
川剧	chuanju
川北	chuanbei
川南	chuannan
川崎	chuanqi
川流不息	chuanliubuxi
州市	zhoushi
州府	zhoufu
州政府	zhouzhengfu
州际公路	zhoujigonglu
巡回演出	xunhuiyanchu
巡回演唱	xunhuiyanchang
巡回赛	xunhuisai
巡山	xunshan
巡按	xunan
巡捕	xunbu
巡检	xunjian
巡礼	xunli
巡航导弹	xunhangdaodan
巡视员	xunshiyuan
巡视组	xunshizu
巡逻机	xunluoji
巡逻舰	xunluojian
巡防	xunfang
巢湖市	chaohushi
工业协会	gongyexiehui
工业园	gongyeyuan
工业局	gongyeju
工业用	gongyeyong
工业部	gongyebu
工业部门	gongyebumen
工事	gongshi
工人党	gongrendang
工件	gongjian
工会组织	gonghuizuzhi
工作制	gongzuozhi
工作坊	gongzuofang
工作部门	gongzuobumen
工作队	gongzuodui
工农	gongnong
工农业	gongnongye
工农兵	gongnongbing
工商总局	gongshangzongju
工商户	gongshanghu
工商界	gongshangjie
工商联	gongshanglian
工房	gongfang
工时	gongshi
工矿企业	gongkuangqiye
工程兵	gongchengbing
工程处	gongchengchu
工程局	gongchengju
工程施工	gongchengshigong
工程系	gongchengxi
工程车	gongchengche
工程进度	gongchengjindu
工程部	gongchengbu
工程院	gongchengyuan
工笔	gongbi
工联	gonglian
工艺美术	gongyimeishu
工薪	gongxin
工贸	gongmao
工贼	gongzei
左丞相	zuochengxiang
左倾	zuoqing
左右逢源	zuoyoufengyuan
左旋	zuoxuan
左权	zuoquan
左权县	zuoquanxian
左联	zuolian
左营	zuoying
左近	zuojin
巧匠	qiaojiang
巧取豪夺	qiaoquhaoduo
巧遇	qiaoyu
巨大损失	judasunshi
巨大贡献	judagongxian
巨子	juzi
巨擘	jubo
巨石	jushi
巨蛋	judan
巨蟹	juxie
巨蟹座	juxiezuo
巨轮	julun
巨野	juye
巨额财产	juecaichan
巨鹿	julu
巩义市	gongyishi
巩俐	gongli
巫山	wushan
巫山县	wushanxian
巫师	wushi
差役	chaiyi
差得远	chadeyuan
差钱	chaqian
已与	yiyu
已付	yifu
已出	yichu
已向	yixiang
已属	yishu
已往	yiwang
已成定局	yichengdingju
已无	yiwu
已是	yishi
已死	yisi
已达成	yidacheng
巴东	badong
巴东县	badongxian
巴丹	badan
巴伦西亚	balunxiya
巴列维	baliewei
巴国	baguo
巴塘	batang
巴宝莉	babaoli
巴尔干半岛	baerganbandao
巴尔的摩	baerdimo
巴山	bashan
巴布亚新几内亚	babuyaxinjineiya
巴彦	bayan
巴彦淖尔	bayannaoer
巴拉巴	balaba
巴拉那	balana
巴拿马城	banamacheng
巴楚	bachu
巴楚县	bachuxian
巴特尔	bateer
巴生	basheng
巴西利亚	baxiliya
巴解组织	bajiezuzhi
巴里坤	balikun
巴黎公社	baligongshe
巴黎大学	balidaxue
巷口	xiangkou
巷子	xiangzi
巷战	xiangzhan
币值	bizhi
币制	bizhi
市中区	shizhongqu
市井	shijing
市侩	shikuai
市公所	shigongsuo
市北区	shibeiqu
市县	shixian
市售	shishou
市场准入	shichangzhunru
市场机制	shichangjizhi
市委	shiwei
市委书记	shiweishuji
市委常委	shiweichangwei
市属	shishu
市政协	shizhengxie
市直	shizhi
市立	shili
市级	shiji
市议员	shiyiyuan
市话	shihua
市辖区	shixiaqu
市集	shiji
布什	bushi
布什总统	bushizongtong
布依	buyi
布依族	buyizu
布兰特	bulante
布兰登	bulandeng
布加勒斯特	bujialesite
布匹	bupi
布哈拉	buhala
布基纳法索	bujinafasuo
布宜诺斯艾利斯	buyinuosiailisi
布尔乔亚	buerqiaoya
布尔什维克	buershiweike
布尔诺	buernuo
布政司	buzhengsi
布施	bushi
布置	buzhi
布艺	buyi
布莱恩特	bulaiente
布衣	buyi
布达拉宫	budalagong
布里奇	buliqi
布里斯托尔	bulisituoer
布里斯班	bulisiban
布隆迪	bulongdi
布雷克	buleike
帅呆了	shuaidaile
帅小伙	shuaixiaohuo
师专	shizhuan
师从	shicong
师公	shigong
师娘	shiniang
师承	shicheng
师法	shifa
师资	shizi
希伯来文	xibolaiwen
希勒	xile
希尔伯特	xierbote
希拉克	xilake
希望工程	xiwanggongcheng
希腊政府	xilazhengfu
帐幕	zhangmu
帕劳	palao
帝位	diwei
帝制	dizhi
帝力	dili
帝国主义者	diguozhuyizhe
帝师	dishi
带伤	daishang
带内	dainei
带头人	daitouren
席中	xizhong
席卷全国	xijuanquanguo
席次	xici
席琳	xilin
帮不上	bangbushang
帮不上忙	bangbushangmang
帮佣	bangyong
帮工	banggong
帮帮我	bangbangwo
帮规	banggui
常为	changwei
常任理事	changrenlishi
常务会议	changwuhuiyi
常务副	changwufu
常务委员	changwuweiyuan
常备军	changbeijun
常委会	changweihui
常将	changjiang
常山	changshan
常州市	changzhoushi
常德市	changdeshi
常情	changqing
常熟市	changshushi
常由	changyou
常看到	changkandao
常胜	changsheng
常设	changshe
常青	changqing
幂级数	mijishu
幕僚长	muliaozhang
幕墙	muqiang
干事长	ganshizhang
干坏事	ganhuaishi
干将	ganjiang
干巴巴	ganbaba
干扰素	ganraosu
干校	ganxiao
干洗店	ganxidian
干流	ganliu
干涉仪	gansheyi
干部群众	ganbuqunzhong
平交道	pingjiaodao
平凉	pingliang
平凉市	pingliangshi
平南	pingnan
平均主义	pingjunzhuyi
平头	pingtou
平安无事	pinganwushi
平山	pingshan
平山县	pingshanxian
平川	pingchuan
平度	pingdu
平方公尺	pingfanggongchi
平方厘米	pingfanglimi
平方根	pingfanggen
平方英里	pingfangyingli
平民主义	pingminzhuyi
平江县	pingjiangxian
平流层	pingliuceng
平滑肌	pinghuaji
平等互利	pingdenghuli
平素	pingsu
平线	pingxian
平罗	pingluo
平胸	pingxiong
平衡木	pinghengmu
平西王	pingxiwang
平遥	pingyao
平遥县	pingyaoxian
平阳	pingyang
平阳县	pingyangxian
平陆县	pingluxian
平顶山	pingdingshan
平顶山市	pingdingshanshi
年久失修	nianjiushixiu
年产值	nianchanzhi
年产量	nianchanliang
年关	nianguan
年刊	niankan
年夜饭	nianyefan
年富力强	nianfuliqiang
年息	nianxi
年月日	nianyueri
年节	nianjie
年谱	nianpu
年资	nianzi
年销量	nianxiaoliang
年长者	nianzhangzhe
年龄层	nianlingceng
并为	bingwei
并会	binghui
并使	bingshi
并吞	bingtun
并州	bingzhou
并拢	binglong
并购案	binggouan
并进	bingjin
并非易事	bingfeiyishi
幸事	xingshi
幸免于难	xingmianyunan
幸甚	xingshen
幸运星	xingyunxing
幻想曲	huanxiangqu
幻梦	huanmeng
幻灯	huandeng
幼发拉底河	youfaladihe
幼师	youshi
幼幼	youyou
幼时	youshi
幼鱼	youyu
幽深	youshen
幽香	youxiang
广东省委	guangdongshengwei
广东队	guangdongdui
广交会	guangjiaohui
广元市	guangyuanshi
广告片	guanggaopian
广大干部	guangdaganbu
广大读者	guangdaduzhe
广宁	guangning
广宇	guangyu
广安市	guanganshi
广安门	guanganmen
广州军区	guangzhoujunqu
广布	guangbu
广播站	guangbozhan
广播网	guangbowang
广水市	guangshuishi
广泛性	guangfanxing
广济	guangji
广深	guangshen
广纳	guangna
广西壮族自治区	guangxizhuangzuzizhiqu
广西省	guangxisheng
广陵	guangling
庄稼汉	zhuangjiahan
庆云	qingyun
庆元	qingyuan
庆典活动	qingdianhuodong
庆功宴	qinggongyan
庆安	qingan
庆安县	qinganxian
庆州	qingzhou
庆幸	qingxing
庆贺	qinghe
床照	chuangzhao
序文	xuwen
庐江	lujiang
库内	kunei
库区	kuqu
库存量	kucunliang
库容	kurong
库尔勒	kuerle
库尔德	kuerde
库尔德人	kuerderen
库恩	kuen
库拉索	kulasuo
库斯科	kusike
库页岛	kuyedao
应交	yingjiao
应从	yingcong
应先	yingxian
应力	yingli
应县	yingxian
应召女郎	yingzhaonvlang
应城	yingcheng
应城市	yingchengshi
应天	yingtian
应征者	yingzhengzhe
应是	yingshi
应用服务	yingyongfuwu
应用科学	yingyongkexue
应税	yingshui
应立即	yingliji
应考	yingkao
应诉	yingsu
应试	yingshi
应选	yingxuan
底数	dishu
底朝天	dichaotian
底漆	diqi
底质	dizhi
店址	dianzhi
庙前	miaoqian
府县	fuxian
府第	fudi
庞加莱	pangjialai
庞培	pangpei
废奴	feinu
废旧	feijiu
废渣	feizha
废票	feipiao
度假区	dujiaqu
度假胜地	dujiashengdi
度蜜月	dumiyue
座谈	zuotan
庭上	tingshang
庭外和解	tingwaihejie
康乐	kangle
康佳	kangjia
康城	kangcheng
康奈尔大学	kangnaierdaxue
康宁	kangning
康庄	kangzhuang
康托尔	kangtuoer
康拉德	kanglade
康明斯	kangmingsi
康普顿	kangpudun
康涅狄格州	kangniedigezhou
康纳利	kangnali
廉政	lianzheng
廉洁	lianjie
廉租房	lianzufang
廉署	lianshu
廊坊	langfang
廊坊市	langfangshi
廊桥	langqiao
廊道	langdao
廓尔喀	kuoerka
廖仲恺	liaozhongkai
廖锡龙	liaoxilong
延世大学	yanshidaxue
延吉市	yanjishi
延宕	yandang
延寿	yanshou
延庆县	yanqingxian
延时	yanshi
延津	yanjin
延烧	yanshao
延至	yanzhi
延长线	yanchangxian
建业	jianye
建元	jianyuan
建党	jiandang
建兴	jianxing
建军	jianjun
建制	jianzhi
建城	jiancheng
建始县	jianshixian
建委	jianwei
建屋	jianwu
建成区	jianchengqu
建政	jianzheng
建文帝	jianwendi
建新	jianxin
建树	jianshu
建校	jianxiao
建档	jiandang
建桥	jianqiao
建立健全	jianlijianquan
建章	jianzhang
建筑商	jianzhushang
建筑工人	jianzhugongren
建筑工地	jianzhugongdi
建筑工程	jianzhugongcheng
建筑用	jianzhuyong
建置	jianzhi
建议书	jianyishu
建设厅	jiansheting
建设局	jiansheju
建设路	jianshelu
建设部	jianshebu
建设项目	jianshexiangmu
建阳	jianyang
廿一	nianyi
廿三	niansan
廿五	nianwu
廿八	nianba
廿六	nianliu
廿四	niansi
廿年	niannian
开会讨论	kaihuitaolun
开倒车	kaidaoche
开光	kaiguang
开原	kaiyuan
开县	kaixian
开发区	kaifaqu
开发计划	kaifajihua
开发部	kaifabu
开国元勋	kaiguoyuanxun
开城	kaicheng
开夜车	kaiyeche
开奖	kaijiang
开学典礼	kaixuedianli
开宝	kaibao
开审	kaishen
开封府	kaifengfu
开幕典礼	kaimudianli
开年	kainian
开庭审理	kaitingshenli
开成	kaicheng
开拓进取	kaituojinqu
开挖	kaiwa
开掘	kaijue
开支票	kaizhipiao
开放日	kaifangri
开放源码	kaifangyuanma
开斋节	kaizhaijie
开春	kaichun
开标	kaibiao
开档	kaidang
开演	kaiyan
开眼	kaiyan
开矿	kaikuang
开航	kaihang
开苞	kaibao
开著	kaizhu
开行	kaixing
开裆	kaidang
开讲	kaijiang
开赛	kaisai
开运	kaiyun
开远	kaiyuan
开阔地	kaikuodi
开阳	kaiyang
开除党籍	kaichudangji
异乎寻常	yihuxunchang
异位	yiwei
异体	yiti
异味	yiwei
异响	yixiang
异型	yixing
异己	yiji
异构体	yigouti
异禀	yibing
异见	yijian
异议人士	yiyirenshi
异象	yixiang
异邦	yibang
异闻录	yiwenlu
弃子	qizi
弃绝	qijue
弄巧成拙	nongqiaochengzhuo
式子	shizi
式微	shiwei
引产	yinchan
引人关注	yinrenguanzhu
引子	yinzi
引援	yinyuan
引擎盖	yinqinggai
引桥	yinqiao
引火烧身	yinhuoshaoshen
引种	yinzhong
引脚	yinjiao
引致	yinzhi
引荐	yinjian
引起轰动	yinqihongdong
引颈	yinjing
弗吉尼亚州	fujiniyazhou
弗拉基米尔	fulajimier
弗朗西斯科	fulangxisike
弗莱堡	fulaibao
弘治	hongzhi
弟兄们	dixiongmen
张一山	zhangyishan
张三丰	zhangsanfeng
张之洞	zhangzhidong
张仪	zhangyi
张伯苓	zhangboling
张信哲	zhangxinzhe
张北县	zhangbeixian
张华	zhanghua
张卫健	zhangweijian
张发奎	zhangfakui
张士诚	zhangshicheng
张大千	zhangdaqian
张天爱	zhangtianai
张宁	zhangning
张宗昌	zhangzongchang
张家口市	zhangjiakoushi
张家港	zhangjiagang
张家港市	zhangjiagangshi
张家界市	zhangjiajieshi
张德江	zhangdejiang
张掖市	zhangyeshi
张敬轩	zhangjingxuan
张旭	zhangxu
张春桥	zhangchunqiao
张智霖	zhangzhilin
张根硕	zhanggenshuo
张治中	zhangzhizhong
张献忠	zhangxianzhong
张维迎	zhangweiying
张量	zhangliang
张闻天	zhangwentian
张骞	zhangqian
张高丽	zhanggaoli
弥勒佛	milefo
弥生	misheng
弥陀	mituo
弦乐器	xianyueqi
弯弯的	wanwande
弹子	danzi
弹性体	tanxingti
弹指	tanzhi
弹药库	danyaoku
强军	qiangjun
强制力	qiangzhili
强制措施	qiangzhicuoshi
强加于	qiangjiayu
强加在	qiangjiazai
强取豪夺	qiangquhaoduo
强台风	qiangtaifeng
强哥	qiangge
强奸案	qiangjianan
强强	qiangqiang
强征	qiangzheng
强拆	qiangchai
强斯顿	qiangsidun
强烈不满	qiangliebuman
强烈抗议	qiangliekangyi
强直	qiangzhi
强硬态度	qiangyingtaidu
强碱	qiangjian
强纳森	qiangnasen
强袭	qiangxi
强身	qiangshen
强降雨	qiangjiangyu
强震	qiangzhen
归乡	guixiang
归侨	guiqiao
归口	guikou
归并	guibing
归纳法	guinafa
归结	guijie
归罪于	guizuiyu
归还给	guihuangei
归降	guixiang
当事者	dangshizhe
当值	dangzhi
当先	dangxian
当夜	dangye
当好	danghao
当家的	dangjiade
当庭	dangting
当权派	dangquanpai
当涂	dangtu
当狗	danggou
当选者	dangxuanzhe
当阳市	dangyangshi
当雄	dangxiong
录像片	luxiangpian
形上	xingshang
形制	xingzhi
形势	xingshi
形同	xingtong
形态学	xingtaixue
形管	xingguan
形象大使	xingxiangdashi
形貌	xingmao
彩云	caiyun
彩印	caiyin
彩图	caitu
彩带	caidai
彩民	caimin
彩灯	caideng
彩陶	caitao
彩霞	caixia
彭丽媛	pengliyuan
彭博社	pengboshe
彭州	pengzhou
彭德怀	pengdehuai
彭泽	pengze
彭真	pengzhen
彰化	zhanghua
彰化市	zhanghuashi
影剧院	yingjuyuan
影史	yingshi
影带	yingdai
影库	yingku
影本	yingben
影武者	yingwuzhe
影视城	yingshicheng
影视文化	yingshiwenhua
影视界	yingshijie
彼尔姆	biermu
彼得格勒	bidegele
彼得罗	bideluo
往东	wangdong
征伐	zhengfa
征兵制	zhengbingzhi
征募	zhengmu
征得	zhengde
征求意见	zhengqiuyijian
征调	zhengdiao
征象	zhengxiang
征购	zhenggou
征选	zhengxuan
径向	jingxiang
径流	jingliu
径流量	jingliuliang
径自	jingzi
待产	daichan
待发	daifa
徇私舞弊	xunsiwubi
很受	henshou
很困	henkun
很坏	henhuai
很痒	henyang
很胖	henpang
很骚	hensao
律己	lvji
律师所	lvshisuo
律政	lvzheng
徐世昌	xushichang
徐光启	xuguangqi
徐向前	xuxiangqian
徐家汇	xujiahui
徐小凤	xuxiaofeng
徐州市	xuzhoushi
徐悲鸿	xubeihong
徐汇区	xuhuiqu
徐若瑄	xuruoxuan
徐霞客	xuxiake
徐静蕾	xujinglei
得了吧	deleba
得人心	derenxin
得克萨斯州	dekesasizhou
得力助手	delizhushou
得奖者	dejiangzhe
得票	depiao
得票数	depiaoshu
得空	dekong
御制	yuzhi
御医	yuyi
御厨	yuchu
御史	yushi
御史中丞	yushizhongcheng
御史台	yushitai
御史大夫	yushidafu
御宅族	yuzhaizu
御寒	yuhan
循序	xunxu
循环赛	xunhuansai
微利	weili
微博中	weibozhong
微处理器	weichuliqi
微控制器	weikongzhiqi
微晶	weijing
微机	weiji
微电脑	weidiannao
微移	weiyi
微粒	weili
微胖	weipang
微软公司	weiruangongsi
微鲸	weijing
德乙	deyi
德国总理	deguozongli
德国政府	deguozhengfu
德国联邦	deguolianbang
德士古	deshigu
德宏	dehong
德尼斯	denisi
德州人	dezhouren
德州仪器	dezhouyiqi
德州市	dezhoushi
德怀特	dehuaite
德才兼备	decaijianbei
德拉吉	delaji
德拉姆	delamu
德文郡	dewenjun
德斯坦	desitan
德米特里	demiteli
德累斯顿	deleisidun
德胜门	deshengmen
德蕾莎	deleisha
德裔	deyi
德赛	desai
德邦	debang
德里	deli
德里奇	deliqi
德阳	deyang
德阳市	deyangshi
徽商	huishang
心事重重	xinshichongchong
心会	xinhui
心力衰竭	xinlishuaijie
心包	xinbao
心在	xinzai
心坎	xinkan
心如止水	xinruzhishui
心形	xinxing
心急如焚	xinjirufen
心性	xinxing
心悸	xinji
心情愉快	xinqingyukuai
心旷神怡	xinkuangshenyi
心火	xinhuo
心胸狭隘	xinxiongxiaai
心脏病发	xinzangbingfa
心花怒放	xinhuanufang
心路	xinlu
心连心	xinlianxin
心音	xinyin
必由之路	biyouzhilu
必要措施	biyaocuoshi
忆起	yiqi
忍俊不禁	renjunbujin
志向	zhixiang
志士	zhishi
志工	zhigong
志愿兵	zhiyuanbing
志成	zhicheng
志远	zhiyuan
忠义	zhongyi
忠勇	zhongyong
忠厚	zhonghou
忠实	zhongshi
忧患	youhuan
忧郁	youyu
快上车	kuaishangche
快些	kuaixie
快件	kuaijian
快出	kuaichu
快意	kuaiyi
快成	kuaicheng
快播	kuaibo
快线	kuaixian
快给我	kuaigeiwo
快车道	kuaichedao
快过	kuaiguo
快运	kuaiyun
快速反应	ksfy
快速路	kuaisulu
快马加鞭	kuaimajiabian
念佛	nianfo
念成	niancheng
念诵	niansong
忻州	xinzhou
忻州市	xinzhoushi
忽冷忽热	hulenghure
忽而	huer
怀上	huaishang
怀古	huaigu
怀宁	huaining
怀尔德	huaierde
怀来	huailai
怀柔区	huairouqu
怀疑论	huaiyilun
怀疑论者	huaiyilunzhe
怀远	huaiyuan
怀远县	huaiyuanxian
怎办	zenban
怎知	zenzhi
怒江	nujiang
怒涛	nutao
怒火中烧	nuhuozhongshao
怕人	paren
思乡	sixiang
思南	sinan
思惟	siwei
思想体系	sixiangtixi
思想界	sixiangjie
思茅	simao
思虑	silv
怠惰	daiduo
怡保	yibao
怡和	yihe
怡红院	yihongyuan
急事	jishi
急于	jiyu
急先锋	jixianfeng
急冻	jidong
急救包	jijiubao
急救箱	jijiuxiang
急电	jidian
急遽	jiju
急难	jinan
怦怦	pengpeng
性丑闻	xingchouwen
性乱	xingluan
性事	xingshi
性交时	xingjiaoshi
性兴奋	xingxingfen
性冲动	xingchongdong
性别比	xingbiebi
性功能	xinggongneng
性变态	xingbiantai
性器	xingqi
性奴	xingnu
性奴隶	xingnuli
性工作者	xinggongzuozhe
性幻想	xinghuanxiang
性感照	xingganzhao
性成熟	xingchengshou
性暴力	xingbaoli
性欲强	xingyuqiang
性激素	xingjisu
性犯罪	xingfanzui
性玩具	xingwanju
性疾病	xingjibing
性知识	xingzhishi
性经验	xingjingyan
性腺	xingxian
性药	xingyao
性行	xingxing
性解放	xingjiefang
性需求	xingxuqiu
怪声	guaisheng
怪客	guaike
怪病	guaibing
怪盗	guaidao
总书记	zongshuji
总产值	zongchanzhi
总产量	zongchanliang
总代理	zongdaili
总价值	zongjiazhi
总体规划	zongtiguihua
总兵	zongbing
总则	zongze
总务处	zongwuchu
总医院	zongyiyuan
总参	zongcan
总参谋长	zongcanmouzhang
总司令部	zongsilingbu
总后勤部	zonghouqinbu
总商会	zongshanghui
总导演	zongdaoyan
总工会	zonggonghui
总工程师	zonggongchengshi
总干事	zongganshi
总括	zongkuo
总指挥部	zongzhihuibu
总揽	zonglan
总支	zongzhi
总政	zongzheng
总政治部	zongzhengzhibu
总教练	zongjiaolian
总比分	zongbifen
总理府	zonglifu
总的说来	zongdeshuolai
总目	zongmu
总督府	zongdufu
总社	zongshe
总站	zongzhan
总纲	zonggang
总统制	zongtongzhi
总编辑	zongbianji
总裁兼	zongcaijian
总装	zongzhuang
总装备部	zongzhuangbeibu
总览	zonglan
总觉	zongjue
总让	zongrang
总路线	zongluxian
总辞	zongci
总长度	zongchangdu
总队长	zongduizhang
总院	zongyuan
总领事	zonglingshi
总领事馆	zonglingshiguan
总领馆	zonglingguan
恋上	lianshang
恋人们	lianrenmen
恋恋	lianlian
恋曲	lianqu
恋童	liantong
恍若	huangruo
恐吓信	konghexin
恐怖事件	kongbushijian
恐怖活动	kongbuhuodong
恐怖组织	kongbuzuzhi
恐怖行动	kongbuxingdong
恒丰	hengfeng
恒山	hengshan
恒指	hengzhi
恒河	henghe
恢复健康	hfjk
恢复原状	hfyz
恤衫	xushan
恨死	hensi
恩仇	enchou
恩公	engong
恩平	enping
恩施州	enshizhou
恩施市	enshishi
恩格尔	engeer
恪尽职守	kejinzhishou
恭迎	gongying
恭顺	gongshun
息肉	xirou
恳切	kenqie
恶势力	eshili
恶徒	etu
恶意软件	eyiruanjian
恶感	egan
恶斗	edou
恶法	efa
恶狗	egou
恶言	eyan
恶贯满盈	eguanmanying
恶魔岛	emodao
恻隐之心	ceyinzhixin
恼人	naoren
悍然	hanran
悍马车	hanmache
悔罪	huizui
悠游	youyou
悠着点	youzhedian
悠远	youyuan
患上了	huanshangle
您们	ninmen
您老	ninlao
悬崖勒马	xuanyalema
悬案	xuanan
悬臂	xuanbi
悲叹	beitan
悲喜剧	beixiju
悲恸	beitong
悲苦	beiku
悲鸣	beiming
情仇	qingchou
情况严重	qingkuangyanzhong
情况紧急	qingkuangjinji
情况通报	qingkuangtongbao
情到	qingdao
情势	qingshi
情史	qingshi
情圣	qingsheng
情思	qingsi
情报人员	qingbaorenyuan
情报机构	qingbaojigou
情深	qingshen
情绪反应	qingxufanying
情诗	qingshi
情趣内衣	qingquneiyi
情迷	qingmi
惊世	jingshi
惊叹号	jingtanhao
惊愕	jinge
惊险刺激	jingxianciji
惊骇	jinghai
惟其	weiqi
惟妙惟肖	weimiaoweixiao
惟独	weidu
惠安县	huianxian
惠州市	huizhoushi
惠更斯	huigengsi
惨胜	cansheng
惨重	canzhong
惩教	chengjiao
惩罚性	chengfaxing
惯着	guanzhe
想像	xiangxiang
想射	xiangshe
想见	xiangjian
想赚	xiangzhuan
惶惶	huanghuang
惹出	rechu
惹麻烦	remafan
愁眉不展	choumeibuzhan
愈大	yuda
愈来愈多	yulaiyuduo
愈益	yuyi
意中	yizhong
意为	yiwei
意兴阑珊	yixinglanshan
意向	yixiang
意向书	yixiangshu
意外事件	yiwaishijian
意志	yizhi
意愿	yiyuan
意指	yizhi
意气	yiqi
意甲	yijia
意见书	yijianshu
意译	yiyi
意象	yixiang
愕然	eran
愚昧无知	yumeiwuzhi
感人至深	ganrenzhishen
感到痛苦	gandaotongku
感到遗憾	gandaoyihan
感召力	ganzhaoli
感念	gannian
感怀	ganhuai
感情生活	ganqingshenghuo
感染性	ganranxing
感觉不好	ganjuebuhao
感觉得到	ganjuededao
感谢上帝	ganxieshangdi
感谢信	ganxiexin
愣住	lengzhu
愤然	fenran
愿为	yuanwei
愿主	yuanzhu
愿同	yuantong
慈溪市	cixishi
慈禧太后	cixitaihou
慎行	shenxing
慕名	muming
慕容	murong
慢慢说	manmanshuo
慧琳	huilin
慨叹	kaitan
慰劳	weilao
慰安	weian
慰安妇	weianfu
慰问品	weiwenpin
憋不住	biebuzhu
憋死	biesi
憨厚	hanhou
懒汉	lanhan
戈壁滩	gebitan
戈尔巴乔夫	geerbaqiaofu
戈尔德	geerde
戈尔斯	geersi
戊戌变法	wuxubianfa
戏剧家	xijujia
戏剧节	xijujie
戏台	xitai
戏团	xituan
戏楼	xilou
戏班	xiban
戏票	xipiao
戏里	xili
成人礼	chengrenli
成册	chengce
成县	chengxian
成品油	chengpinyou
成就奖	chengjiujiang
成心	chengxin
成文法	chengwenfa
成昆铁路	chengkuntielu
成本上升	chengbenshangsheng
成林	chenglin
成果奖	chengguojiang
成武	chengwu
成气候	chengqihou
成法	chengfa
成活	chenghuo
成瘾性	chengyinxing
成衣	chengyi
成谜	chengmi
成都平原	chengdupingyuan
成钢	chenggang
成鱼	chengyu
我下	woxia
我养	woyang
我别	wobie
我命	woming
我射	woshe
我应	woying
我往	wowang
我想学	woxiangxue
我成	wocheng
我换	wohuan
我查	wocha
我梦到	womengdao
我求	woqiu
我活	wohuo
我点	wodian
我爱上	woaishang
我爱过	woaiguo
我留	woliu
我称	wocheng
我穷	woqiong
我管	woguan
我系	woxi
我输	woshu
我错	wocuo
戒严令	jieyanling
戒指	jiezhi
戒色	jiese
戒除	jiechu
戕害	qianghai
或会	huohui
或成	huocheng
或能	huoneng
或非	huofei
战争史	zhanzhengshi
战例	zhanli
战俘营	zhanfuying
战史	zhanshi
战团	zhantuan
战地记者	zhandijizhe
战平	zhanping
战斗员	zhandouyuan
战斗群	zhandouqun
战斗部	zhandoubu
战斗队	zhandoudui
战时	zhanshi
战歌	zhange
战胜国	zhanshengguo
战败国	zhanbaiguo
战阵	zhanzhen
战魂	zhanhun
戚墅堰	qishuyan
截击	jieji
截止日	jiezhiri
截然	jieran
戴季陶	daijitao
戴相龙	daixianglong
戴面具	daimianju
户口簿	hukoubu
户均	hujun
户外广告	huwaiguanggao
户户	huhu
户籍制度	hujizhidu
戾气	liqi
房中	fangzhong
房地产业	fangdichanye
房山区	fangshanqu
房改	fanggai
房玄龄	fangxuanling
房管	fangguan
房管局	fangguanju
所产	suochan
所制	suozhi
所在区域	suozaiquyu
所在国	suozaiguo
所害	suohai
所感	suogan
所撰	suozhuan
所有制	suoyouzhi
所有物	suoyouwu
所欲	suoyu
所涉	suoshe
所系	suoxi
所绘	suohui
所罗门群岛	suoluomenqundao
所藏	suocang
所起	suoqi
所迫	suopo
扁担	biandan
扇面	shanmian
手下人	shouxiaren
手串	shouchuan
手刃	shouren
手势	shoushi
手工艺	shougongyi
手工艺品	shougongyipin
手扶	shoufu
手抄本	shouchaoben
手把	shouba
手拿着	shounazhe
手提袋	shoutidai
手摇	shouyao
手机短信	shoujiduanxin
手牵手	shouqianshou
手球	shouqiu
手竿	shougan
手纸	shouzhi
手绘	shouhui
手迹	shouji
才会赢	caihuiying
才能救	cainengjiu
扎什伦布寺	zhashilunbusi
扑杀	pusha
扑腾	puteng
扒光	baguang
打一	dayi
打入冷宫	darulenggong
打击乐器	dajiyueqi
打击报复	dajibaofu
打击犯罪	dajifanzui
打坏	dahuai
打头阵	datouzhen
打桩	dazhuang
打桩机	dazhuangji
打歌	dage
打油诗	dayoushi
打码	dama
打破常规	dapochanggui
打砸抢	dazaqiang
打耳光	daerguang
打胜仗	dashengzhang
打输	dashu
打退堂鼓	datuitanggu
打错字	dacuozi
打零工	dalinggong
打领带	dalingdai
打骂	dama
扔下来	rengxialai
托拉斯	tuolasi
托斯卡	tuosika
托斯卡纳	tuosikana
托梦	tuomeng
托洛茨基	tuoluociji
托派	tuopai
扣人心弦	kourenxinxian
扣动	koudong
扣扣	koukou
执事	zhishi
执委	zhiwei
执委会	zhiweihui
执导	zhidao
执意	zhiyi
执政权	zhizhengquan
执政者	zhizhengzhe
执法人员	zhifarenyuan
执法局	zhifaju
执法机关	zhifajiguan
执法检查	zhifajiancha
执法者	zhifazhe
执行主席	zhixingzhuxi
执行命令	zhixingmingling
执行局	zhixingju
执行机构	zhixingjigou
执行长	zhixingzhang
执迷不悟	zhimibuwu
扩军	kuojun
扩及	kuoji
扩建工程	kuojiangongcheng
扩编	kuobian
扩股	kuogu
扩音	kuoyin
扫毒	saodu
扫清	saoqing
扫雷	saolei
扫雷舰	saoleijian
扫黄打非	saohuangdafei
扫黑	saohei
扬中	yangzhong
扬威	yangwei
扬子	yangzi
扬子江	yangzijiang
扬州市	yangzhoushi
扬弃	yangqi
扬琴	yangqin
扭亏	niukui
扭亏为盈	niukuiweiying
扭力	niuli
扮作	banzuo
扳平	banping
扶余	fuyu
扶助	fuzhu
扶植	fuzhi
扶轮社	fulunshe
扶风	fufeng
批准逮捕	pizhundaibu
批捕	pibu
批评者	pipingzhe
批转	pizhuan
批阅	piyue
扼守	eshou
找份	zhaofen
找找看	zhaozhaokan
承保	chengbao
承做	chengzuo
承前启后	chengqianqihou
承包人	chengbaoren
承包商	chengbaoshang
承压	chengya
承受力	chengshouli
承平	chengping
承当	chengdang
承德	chengde
承德市	chengdeshi
承租	chengzu
承租人	chengzuren
承继	chengji
承诺书	chengnuoshu
承载力	chengzaili
承运	chengyun
承运人	chengyunren
技击	jiji
技师	jishi
技改	jigai
技术升级	jishushengji
技术学校	jishuxuexiao
技术开发区	jishukaifaqu
技术改造	jishugaizao
技术设备	jishushebei
技术转让	jishuzhuanrang
抄录	chaolu
抑制作用	yizhizuoyong
抒情诗	shuqingshi
抓举	zhuaju
抓阄	zhuajiu
投书	toushu
投影机	touyingji
投机倒把	toujidaoba
投机商	toujishang
投案自首	touanzishou
投注站	touzhuzhan
投票决定	toupiaojueding
投票站	toupiaozhan
投票系统	toupiaoxitong
投票者	toupiaozhe
投票表决	toupiaobiaojue
投资商	touzishang
投资总额	touzizonge
投资规模	touziguimo
投送	tousong
抗告	kanggao
抗御	kangyu
抗战时期	kangzhanshiqi
抗抑郁	kangyiyu
抗拉强度	kanglaqiangdu
抗日救亡	kangrijiuwang
抗旱	kanghan
抗暴	kangbao
抗洪	kanghong
抗清	kangqing
抗灾	kangzai
抗病	kangbing
抗税	kangshui
抗联	kanglian
抗肿瘤	kangzhongliu
抗药性	kangyaoxing
抗诉	kangsu
抗震	kangzhen
抗震救灾	kangzhenjiuzai
折价券	zhejiaquan
折叠式	zhedieshi
折翼	sheyi
抚仙湖	fuxianhu
抚养权	fuyangquan
抚州市	fuzhoushi
抚恤	fuxu
抚育	fuyu
抚远	fuyuan
抚顺	fushun
抚顺市	fushunshi
抛射	paoshe
抛离	paoli
抢修	qiangxiu
抢劫案	qiangjiean
抢劫犯	qiangjiefan
抢案	qiangan
抢滩	qiangtan
抢红包	qianghongbao
抢银行	qiangyinhang
护国	huguo
护垫	hudian
护林	hulin
护法	hufa
护理人员	hulirenyuan
报上	baoshang
报名者	baomingzhe
报告书	baogaoshu
报告会	baogaohui
报告厅	baogaoting
报告员	baogaoyuan
报喜	baoxi
报摊	baotan
报数	baoshu
报知	baozhi
报称	baocheng
报系	baoxi
报考者	baokaozhe
披挂	pigua
披索	pisuo
抬举	taiju
抬棺	taiguan
抱佛脚	baofojiao
抱头痛哭	baotoutongku
抱憾	baohan
抱著	baozhu
抵债	dizhai
抵偿	dichang
抵死	disi
抽射	choushe
抽水机	choushuiji
抽选	chouxuan
担负起	danfuqi
拆封	chaifeng
拆弹	chaidan
拆迁户	chaiqianhu
拈花	nianhua
拉丁化	ladinghua
拉丁舞	ladingwu
拉下水	laxiashui
拉各斯	lagesi
拉姆齐	lamuqi
拉尔森	laersen
拉巴斯	labasi
拉巴特	labate
拉布	labu
拉希德	laxide
拉开帷幕	lakaiweimu
拉斯洛	lasiluo
拉斯维加斯	lasiweijiasi
拉普拉斯	lapulasi
拉法	lafa
拉法叶	lafaye
拉琴	laqin
拉票	lapiao
拉米雷斯	lamileisi
拉索	lasuo
拉线	laxian
拉脱维亚	latuoweiya
拉萨尔	lasaer
拉萨市	lasashi
拉赫曼	laheman
拉齐奥	laqiao
拍品	paipin
拍手称快	paishouchengkuai
拍摄角度	paishejiaodu
拍苍蝇	paicangying
拐卖	guaimai
拐角处	guaijiaochu
拐走	guaizou
拒签	juqian
拓扑学	tuopuxue
拓片	tapian
拓荒	tuohuang
拔地而起	badierqi
拔擢	bazhuo
拖下水	tuoxiashui
拖出去	tuochuqu
拘押	juya
招商局	zhaoshangju
招式	zhaoshi
招待所	zhaodaisuo
招徕	zhaolai
招抚	zhaofu
招摇撞骗	zhaoyaozhuangpian
招纳	zhaona
招聘网	zhaopinwang
招财猫	zhaocaimao
拜佛	baifo
拜神	baishen
拟以	niyi
拟出	nichu
拟将	nijiang
拟建	nijian
拥军	yongjun
拥抱着	yongbaozhe
拥有权	yongyouquan
拥进	yongjin
拦阻	lanzu
拨乱反正	blfz
拨给	bogei
择天记	zetianji
择日	zeri
择机	zeji
择校费	zexiaofei
拮抗剂	jiekangji
拱北	gongbei
拱桥	gongqiao
拳击场	quanjichang
拳师	quanshi
拳术	quanshu
拼凑出	pincouchu
拼音文字	pinyinwenzi
拼音输入	pinyinshuru
拾取	shiqu
拾起	shiqi
拿地	nadi
拿手好戏	nashouhaoxi
拿骚	nasao
持家	chijia
持节	chijie
挂出	guachu
挂图	guatu
挂失	guashi
挂帅	guashuai
挂架	guajia
挂毯	guatan
挂满	guaman
挂职	guazhi
挂车	guache
指令性	zhilingxing
指使	zhishi
指印	zhiyin
指导性	zhidaoxing
指导方针	zhidaofangzhen
指导者	zhidaozhe
指战员	zhizhanyuan
指指	zhizhi
指挥塔	zhihuita
指挥所	zhihuisuo
指挥权	zhihuiquan
指挥棒	zhihuibang
指挥系统	zhihuixitong
指挥者	zhihuizhe
指挥车	zhihuiche
指掌	zhizhang
指斥	zhichi
指明	zhiming
指标性	zhibiaoxing
指示器	zhishiqi
指示牌	zhishipai
指称	zhicheng
按倒	andao
按劳分配	anlaofenpei
按察使	anchashi
按摩器	anmoqi
按摩师	anmoshi
按摩棒	anmobang
按摩椅	anmoyi
按摩院	anmoyuan
按此	anci
按赞	anzan
挖井	wajing
挖土	watu
挖开	wakai
挖潜	waqian
挡风	dangfeng
挣来	zhenglai
挤死	jisi
挥别	huibie
挥拳	huiquan
挪威人	nuoweiren
挪开	nuokai
挪用公款	nuoyonggongkuan
振兴中华	zhenxingzhonghua
振荡器	zhendangqi
挹注	yizhu
挺好玩	tinghaowan
挺帅	tingshuai
挺快	tingkuai
挺直	tingzhi
挺起	tingqi
挺酷	tingku
挽联	wanlian
捉妖	zhuoyao
捍卫者	hanweizhe
捐出	juanchu
捐款人	juankuanren
捐献者	juanxianzhe
捐税	juanshui
捕鲸船	bujingchuan
损友	sunyou
损害赔偿	sunhaipeichang
捡拾	jianshi
换句	huanju
换文	huanwen
换汤不换药	huantangbuhuanyao
捣碎	daosui
据介绍	jujieshao
据估计	juguji
据守	jushou
据实	jushi
据调查	judiaocha
据闻	juwen
捷克共和国	jiekegongheguo
捷克语	jiekeyu
捷利	jieli
捷运局	jieyunju
捷运系统	jieyunxitong
授予权	shouyuquan
授信	shouxin
授意	shouyi
授时	shoushi
授权书	shouquanshu
授职	shouzhi
掉落在	diaoluozai
掌中	zhangzhong
掌印	zhangyin
掌权者	zhangquanzhe
掌眼	zhangyan
掐断	qiaduan
排入	pairu
排列成	pailiecheng
排华	paihua
排印	paiyin
排头兵	paitoubing
排定	paiding
排山倒海	paishandaohai
排开	paikai
排忧解难	paiyoujienan
排水量	paishuiliang
排污	paiwu
排灌	paiguan
排空	paikong
排除万难	paichuwannan
探子	tanzi
探底	tandi
探明	tanming
探案	tanan
探测仪	tanceyi
探知	tanzhi
探矿	tankuang
探索者	tansuozhe
探索频道	tansuopindao
探视	tanshi
接个	jiege
接入点	jierudian
接力赛	jielisai
接受批评	jieshoupiping
接受者	jieshouzhe
接招	jiezhao
接收站	jieshouzhan
接收者	jieshouzhe
接机	jieji
接济	jieji
接点	jiedian
控制区	kongzhiqu
控制性	kongzhixing
控制技术	kongzhijishu
控制线	kongzhixian
控方	kongfang
控烟	kongyan
控管	kongguan
推介会	tuijiehui
推估	tuigu
推升	tuisheng
推土	tuitu
推展	tuizhan
推挤	tuiji
推搡	tuisang
推文里	tuiwenli
推派	tuipai
推特上	tuiteshang
推说	tuishuo
推销产品	tuixiaochanpin
措置	cuozhi
掳走	luzou
掸邦	danbang
掺入	chanru
描画	miaohua
描绘成	miaohuicheng
描述符	miaoshufu
提不起	tibuqi
提供援助	tigongyuanzhu
提供支援	tigongzhiyuan
提供方便	tigongfangbian
提倡者	tichangzhe
提出批评	tichupiping
提出抗议	tichukangyi
提出诉讼	tichususong
提前结束	tiqianjieshu
提摩西	timoxi
提灯	tideng
提调	tidiao
提货	tihuo
提起公诉	tiqigongsu
提领	tiling
插卡	chaka
插孔	chakong
插足	chazu
插进去	chajinqu
揭幕战	jiemuzhan
揭示	jieshi
揭阳	jieyang
揭阳市	jieyangshi
援助国	yuanzhuguo
援华	yuanhua
援外	yuanwai
援建	yuanjian
援藏	yuanzang
搅扰	jiaorao
搅拌器	jiaobanqi
搜括	soukuo
搜狐网	souhuwang
搞坏	gaohuai
搞垮	gaokua
搞头	gaotou
搞活	gaohuo
搞砸	gaoza
搬东西	bandongxi
搬入	banru
搬出去	banchuqu
搬移	banyi
搬至	banzhi
搭上	dashang
搭个	dage
搭公车	dagongche
搭机	daji
搭船	dachuan
摄动	shedong
摄取量	shequliang
摄录	shelu
摄影奖	sheyingjiang
摄影展	sheyingzhan
摄影者	sheyingzhe
摄影记者	sheyingjizhe
摄政王	shezhengwang
摆明	baiming
摇滚乐团	yaogunyuetuan
摊贩	tanfan
摔坏	shuaihuai
摔碎	shuaisui
摘得	zhaide
摩加迪沙	mojiadisha
摩尔多瓦	moerduowa
摩尔根	moergen
摩尼教	monijiao
摩托化	motuohua
摩托艇	motuoting
摩拉维亚	molaweiya
摩根士丹利	mogenshidanli
摩羯座	mojiezuo
摩苏尔	mosuer
撂倒	liaodao
撇嘴	piezui
撑下去	chengxiaqu
撑不下去	chengbuxiaqu
撕毁	sihui
撕烂	silan
撞上	zhuangshang
撞坏	zhuanghuai
撞机	zhuangji
撞球	zhuangqiu
撤侨	cheqiao
撤兵	chebing
撤并	chebing
撤职	chezhi
撤走	chezou
撬棍	qiaogun
播发	bofa
播州	bozhou
播撒	bosa
播放列表	bofangliebiao
播放机	bofangji
播映	boying
撰稿人	zhuangaoren
撰述	zhuanshu
撷取	xiequ
擀面杖	ganmianzhang
擂台赛	leitaisai
操作符	caozuofu
操弄	caonong
操持	caochi
操演	caoyan
操行	caoxing
擎天	qingtian
擒拿	qinna
擒获	qinhuo
擢升	zhuosheng
擦身而过	cashenerguo
擦鞋	caxie
攀援	panyuan
攀枝花	panzhihua
攀枝花市	panzhihuashi
攀附	panfu
攀高	pangao
支一	zhiyi
支农	zhinong
支助	zhizhu
支局	zhiju
支承	zhicheng
支持系统	zhichixitong
支教	zhijiao
支气管炎	zhiqiguanyan
支离	zhili
支系	zhixi
支部书记	zhibushuji
支配者	zhipeizhe
支链	zhilian
支队长	zhiduizhang
收为	shouwei
收付	shoufu
收信人	shouxinren
收发器	shoufaqi
收受贿赂	shoushouhuilu
收尸	shoushi
收市	shoushi
收归国有	shouguiguoyou
收录机	shouluji
收报	shoubao
收摊	shoutan
收支	shouzhi
收治	shouzhi
收涨	shouzhang
收的	shoude
收腹	shoufu
收藏价	shoucangjia
收藏者	shoucangzhe
收视	shoushi
收账	shouzhang
收购价	shougoujia
收贿	shouhui
收音	shouyin
攸县	youxian
改任	gairen
改元	gaiyuan
改号	gaihao
改名字	gaimingzi
改善生活	gaishanshenghuo
改型	gaixing
改姓	gaixing
改弦易辙	gaixianyizhe
改性	gaixing
改扩建	gaikuojian
改换	gaihuan
改由	gaiyou
改良主义	gailiangzhuyi
改良派	gailiangpai
改良版	gailiangban
改装成	gaizhuangcheng
改装车	gaizhuangche
改订	gaiding
改进型	gaijinxing
改选	gaixuan
改革方案	gaigefangan
改革派	gaigepai
改革者	gaigezhe
攻击机	gongjiji
攻击行为	gongjixingwei
攻坚战	gongjianzhan
攻守	gongshou
攻心	gongxin
攻讦	gongjie
攻防	gongfang
放任自流	fangrenziliu
放在首位	fangzaishouwei
放声大哭	fangshengdaku
放射科	fangsheke
放映机	fangyingji
放晴	fangqing
放暑假	fangshujia
放榜	fangbang
放炮	fangpao
放牛	fangniu
放狗	fanggou
放管服	fangguanfu
放箭	fangjian
放鞭炮	fangbianpao
放马过来	fangmaguolai
政争	zhengzheng
政事	zhengshi
政企	zhengqi
政制	zhengzhi
政务院	zhengwuyuan
政协委员	zhengxieweiyuan
政和	zhenghe
政客	zhengke
政工	zhenggong
政府办	zhengfuban
政情	zhengqing
政教	zhengjiao
政教合一	zhengjiaoheyi
政治化	zhengzhihua
政治协商	zhengzhixieshang
政治危机	zhengzhiweiji
政治史	zhengzhishi
政治处	zhengzhichu
政治委员	zhengzhiweiyuan
政治学家	zhengzhixuejia
政治局	zhengzhiju
政治形势	zhengzhixingshi
政治性	zhengzhixing
政治权利	zhengzhiquanli
政治理念	zhengzhilinian
政治界	zhengzhijie
政治系	zhengzhixi
政治舞台	zhengzhiwutai
政治责任	zhengzhizeren
政治部	zhengzhibu
政治阴谋	zhengzhiyinmou
政法大学	zhengfadaxue
政法委	zhengfawei
政界人士	zhengjierenshi
政策法规	zhengcefagui
政纲	zhenggang
故事书	gushishu
故事片	gushipian
故事集	gushiji
故国	guguo
故城	gucheng
故能	guneng
敌伪	diwei
敌情	diqing
敌机	diji
敌营	diying
敏感话题	minganhuati
救国会	jiuguohui
救国团	jiuguotuan
救市	jiushi
救恩	jiuen
救护队	jiuhudui
救灾物资	jiuzaiwuzi
教习	jiaoxi
教令	jiaoling
教养院	jiaoyangyuan
教务长	jiaowuzhang
教友	jiaoyou
教团	jiaotuan
教场	jiaochang
教她	jiaota
教学点	jiaoxuedian
教学班	jiaoxueban
教学科研	jiaoxuekeyan
教导员	jiaodaoyuan
教工	jiaogong
教师节	jiaoshijie
教改	jiaogai
教条主义	jiaotiaozhuyi
教民	jiaomin
教研室	jiaoyanshi
教研组	jiaoyanzu
教科文	jiaokewen
教练机	jiaolianji
教职	jiaozhi
教职员	jiaozhiyuan
教育会	jiaoyuhui
教育厅	jiaoyuting
教育史	jiaoyushi
教育处	jiaoyuchu
教育性	jiaoyuxing
教育法	jiaoyufa
教育界	jiaoyujie
教育科	jiaoyuke
教育经费	jiaoyujingfei
教育网	jiaoyuwang
教育课	jiaoyuke
教育费	jiaoyufei
教育部长	jiaoyubuzhang
敢当	gandang
散文家	sanwenjia
散文集	sanwenji
敦刻尔克	dkek
敦化	dunhua
敦厚	dunhou
敬献	jingxian
敬老	jinglao
敬老院	jinglaoyuan
数一数	shuyishu
数万元	shuwanyuan
数万名	shuwanming
数以百万计	shuyibaiwanji
数位化	shuweihua
数公里	shugongli
数分钟	shufenzhong
数十件	shushijian
数十位	shushiwei
数十名	shushiming
数十家	shushijia
数十种	shushizhong
数千个	shuqiange
数千元	shuqianyuan
数千名	shuqianming
数天	shutian
数家	shujia
数张	shuzhang
数据保护	shujubaohu
数据资料	shujuziliao
数据通信	shujutongxin
数控	shukong
数最多	shuzuiduo
数枚	shumei
数架	shujia
数理	shuli
数百万元	shubaiwanyuan
数百名	shubaiming
数百次	shubaici
数百种	shubaizhong
数百里	shubaili
数的	shude
数种	shuzhong
数秒	shumiao
数起	shuqi
数钱	shuqian
数间	shujian
数项	shuxiang
敲碎	qiaosui
敲诈勒索	qiaozhalesuo
整件事	zhengjianshi
整体规划	zhengtiguihua
整建	zhengjian
整形外科	zhengxingwaike
整形手术	zhengxingshoushu
整得	zhengde
整支	zhengzhi
整栋	zhengdong
整死	zhengsi
整治	zhengzhi
整流器	zhengliuqi
整流罩	zhengliuzhao
整箱	zhengxiang
整间	zhengjian
整风	zhengfeng
整首	zhengshou
文具店	wenjudian
文化传媒	wenhuachuanmei
文化公园	wenhuagongyuan
文化厅	wenhuating
文化名城	wenhuamingcheng
文化宫	wenhuagong
文化局	wenhuaju
文化教育	wenhuajiaoyu
文化界	wenhuajie
文化节	wenhuajie
文化论坛	wenhualuntan
文化路	wenhualu
文化部长	wenhuabuzhang
文化馆	wenhuaguan
文博	wenbo
文县	wenxian
文在寅	wenzaiyin
文士	wenshi
文学社	wenxueshe
文学系	wenxuexi
文学馆	wenxueguan
文山	wenshan
文山州	wenshanzhou
文峰塔	wenfengta
文工团	wengongtuan
文庙	wenmiao
文建会	wenjianhui
文彦博	wenyanbo
文成	wencheng
文摘	wenzhai
文教	wenjiao
文昌	wenchang
文昌市	wenchangshi
文明史	wenmingshi
文汇报	wenhuibao
文渊阁	wenyuange
文爱	wenai
文物保护	wenwubaohu
文物局	wenwuju
文献学	wenxianxue
文登	wendeng
文秘	wenmi
文联	wenlian
文胸	wenxiong
文艺晚会	wenyiwanhui
文艺活动	wenyihuodong
文艺界	wenyijie
文艺部	wenyibu
文莱	wenlai
文论	wenlun
文辞	wenci
文部省	wenbusheng
文革时期	wengeshiqi
文龙	wenlong
斋月	zhaiyue
斐然	feiran
斑斓	banlan
斑白	banbai
斗六市	douliushi
斗拱	dougong
斗牛犬	douniuquan
斗门	doumen
料理店	liaolidian
斜拉桥	xielaqiao
断崖	duanya
断桥	duanqiao
断水	duanshui
断流	duanliu
断炊	duanchui
断绝关系	duanjueguanxi
断续	duanxu
断臂	duanbi
断裂带	duanliedai
斯坦尼	sitanni
斯坦顿	sitandun
斯塔尔	sitaer
斯塔德	sitade
斯威士兰	siweishilan
斯德哥尔摩	sidegeermo
斯普利特	sipulite
斯普林	sipulin
斯泰尔	sitaier
斯洛文尼亚	siluowenniya
斯潘塞	sipansai
斯特罗	siteluo
斯瓦希里	siwaxili
斯科普里	sikepuli
斯维特	siweite
新一季	xinyiji
新一届	xinyijie
新一波	xinyibo
新丰	xinfeng
新乡市	xinxiangshi
新买	xinmai
新亚	xinya
新体验	xintiyan
新余市	xinyushi
新光	xinguang
新内阁	xinneige
新军	xinjun
新刊	xinkan
新创	xinchuang
新制	xinzhi
新功	xingong
新加坡国立大学	xinjiapoguolidaxue
新动力	xindongli
新北	xinbei
新北市	xinbeishi
新华门	xinhuamen
新南威尔士州	xinnanweiershizhou
新县	xinxian
新发型	xinfaxing
新发明	xinfaming
新古典主义	xingudianzhuyi
新台币	xintaibi
新台阶	xintaijie
新名	xinming
新喀里多尼亚	xinkaliduoniya
新四军	xinsijun
新地	xindi
新城区	xinchengqu
新墨西哥州	xinmoxigezhou
新声	xinsheng
新妇	xinfu
新娘子	xinniangzi
新婚之夜	xinhunzhiye
新婚夜	xinhunye
新学年	xinxuenian
新学期	xinxueqi
新宁	xinning
新安县	xinanxian
新宠	xinchong
新宾	xinbin
新富	xinfu
新州	xinzhou
新市区	xinshiqu
新市镇	xinshizhen
新平	xinping
新年伊始	xinnianyishi
新庄	xinzhuang
新快	xinkuai
新思维	xinsiwei
新报	xinbao
新招	xinzhao
新文化	xinwenhua
新春	xinchun
新机制	xinjizhi
新桥	xinqiao
新楼	xinlou
新欢	xinhuan
新民主主义	xinminzhuzhuyi
新民晚报	xinminwanbao
新气象	xinqixiang
新沂市	xinyishi
新沙	xinsha
新津县	xinjinxian
新洲	xinzhou
新浪网	xinlangwang
新港	xingang
新潮流	xinchaoliu
新理念	xinlinian
新疆地区	xinjiangdiqu
新疆维吾尔自治区	xinjiangweiwuerzizhiqu
新的一页	xindeyiye
新石器	xinshiqi
新种	xinzhong
新税	xinshui
新立	xinli
新站	xinzhan
新竹	xinzhu
新竹市	xinzhushi
新篇章	xinpianzhang
新纪元	xinjiyuan
新纪录	xinjilu
新纳粹	xinnacui
新线	xinxian
新蔡县	xincaixian
新装	xinzhuang
新视野	xinshiye
新起点	xinqidian
新路	xinlu
新野	xinye
新闻业	xinwenye
新闻人物	xinwenrenwu
新闻办	xinwenban
新闻动态	xinwendongtai
新闻台	xinwentai
新闻周刊	xinwenzhoukan
新闻处	xinwenchu
新闻奖	xinwenjiang
新闻局	xinwenju
新闻广播	xinwenguangbo
新闻性	xinwenxing
新闻标题	xinwenbiaoti
新闻社	xinwenshe
新闻系	xinwenxi
新闻纸	xinwenzhi
新闻自由	xinwenziyou
新闻节目	xinwenjiemu
新闻资讯	xinwenzixun
新闻部	xinwenbu
新闻频道	xinwenpindao
新阳	xinyang
新集	xinji
新面孔	xinmiankong
新馆	xinguan
新鲜空气	xinxiankongqi
方便使用	fangbianshiyong
方兴未艾	fangxingweiai
方力申	fanglishen
方励之	fanglizhi
方向感	fangxianggan
方向舵	fangxiangduo
方城	fangcheng
方士	fangshi
方寸	fangcun
方志	fangzhi
方志敏	fangzhimin
方知	fangzhi
方程式赛车	fangchengshisaiche
方队	fangdui
方面军	fangmianjun
施以	shiyi
施密特	shimite
施工人员	shigongrenyuan
施工现场	sgxc
施恩	shien
施政	shizheng
施用	shiyong
施诗	shishi
旁证	pangzheng
旁遮普省	pangzhepusheng
旅外	lvwai
旅日	lvri
旋转门	xuanzhuanmen
族类	zulei
旗帜鲜明	qizhixianming
旗舰版	qijianban
无一	wuyi
无一幸免	wuyixingmian
无事	wushi
无事生非	wushishengfei
无产者	wuchanzhe
无人居住	wurenjuzhu
无人岛	wurendao
无以	wuyi
无余	wuyu
无党派人士	wudangpairenshi
无党籍	wudangji
无公害	wugonghai
无几	wuji
无助于	wuzhuyu
无可取代	wukequdai
无可非议	wukefeiyi
无国界	wuguojie
无国籍	wuguoji
无处可去	wuchukequ
无处可逃	wuchuketao
无套	wutao
无字	wuzi
无存	wucun
无害化	wuhaihua
无家可归者	wujiakeguizhe
无尘	wuchen
无影	wuying
无影无踪	wuyingwuzong
无忌	wuji
无意	wuyi
无所不包	wusuobubao
无所不用其极	wusuobuyongqiji
无援	wuyuan
无政府	wuzhengfu
无政府主义	wuzhengfuzhuyi
无方	wufang
无止境	wuzhijing
无止尽	wuzhijin
无法访问	wffw
无照	wuzhao
无理	wuli
无理数	wulishu
无畏地	wuweide
无疆	wujiang
无疑	wuyi
无眠	wumian
无知者	wuzhizhe
无码	wuma
无线网	wuxianwang
无耻之徒	wuchizhitu
无菌	wujun
无虞	wuyu
无表情	wubiaoqing
无视	wushi
无记名	wujiming
无论谁	wulunshei
无证据	wuzhengju
无话不谈	wuhuabutan
无路可逃	wuluketao
无轨电车	wuguidianche
无辜者	wuguzhe
无道	wudao
无遗	wuyi
无锡市	wuxishi
无阻	wuzu
无际	wuji
无雨	wuyu
无霜期	wushuangqi
既可	jike
既已	jiyi
既得	jide
既成事实	jichengshishi
既是	jishi
日上	rishang
日中	rizhong
日久	rijiu
日以继夜	riyijiye
日伪	riwei
日全食	riquanshi
日冕	rimian
日刊	rikan
日则	rize
日喀则	rikaze
日喀则市	rikazeshi
日增	rizeng
日媒	rimei
日寇	rikou
日币	ribi
日常事务	richangshiwu
日影	riying
日惹	rire
日报社	ribaoshe
日数	rishu
日文版	riwenban
日新	rixin
日月潭	riyuetan
日本公司	ribengongsi
日本国	ribenguo
日本天皇	ribentianhuang
日本央行	rbyh
日本式	ribenshi
日本料理	ribenliaoli
日本海	ribenhai
日本籍	ribenji
日本首相	ribenshouxiang
日本鬼子	rbgz
日游	riyou
日照市	rizhaoshi
日电	ridian
日益严重	riyiyanzhong
日盛	risheng
日程安排	richenganpai
日经	rijing
日美	rimei
旧事	jiushi
旧例	jiuli
旧制	jiuzhi
旧历	jiuli
旧友	jiuyou
旧型	jiuxing
旧城区	jiuchengqu
旧时	jiushi
旧有	jiuyou
旧石器时代	jiushiqishidai
旧称	jiucheng
旧衣服	jiuyifu
旧译	jiuyi
旧车	jiuche
旧金山湾	jiujinshanwan
旨意	zhiyi
旨趣	zhiqu
早产儿	zaochaner
早婚	zaohun
早春	zaochun
早盘	zaopan
早茶	zaocha
早衰	zaoshuai
早说	zaoshuo
早间	zaojian
旭日	xuri
旱地	handi
时事	shishi
时事评论	shishipinglun
时代精神	shidaijingshen
时任	shiren
时候未到	shihouweidao
时光倒流	shiguangdaoliu
时兴	shixing
时务	shiwu
时势	shishi
时区	shiqu
时域	shiyu
时尚界	shishangjie
时已	shiyi
时应	shiying
时数	shishu
时断时续	shiduanshixu
时时	shishi
时有	shiyou
时用	shiyong
时至	shizhi
时装周	shizhuangzhou
时装店	shizhuangdian
时装秀	shizhuangxiu
时起	shiqi
时钟	shizhong
时间中	shijianzhong
时间推移	shijiantuiyi
昂扬	angyang
昂首挺胸	angshoutingxiong
昆士兰	kunshilan
昆士兰州	kunshilanzhou
昆山市	kunshanshi
昆明市	kunmingshi
昊天	haotian
昌图县	changtuxian
昌平区	changpingqu
昌德	changde
昌江	changjiang
昌邑	changyi
昌黎	changli
明世宗	mingshizong
明光	mingguang
明哲保身	mingzhebaoshen
明太祖	mingtaizu
明宪宗	mingxianzong
明尼苏达州	mingnisudazhou
明崇祯	mingchongzhen
明州	mingzhou
明慧	minghui
明成祖	mingchengzu
明末清初	mingmoqingchu
明水	mingshui
明永乐	mingyongle
明洪武	minghongwu
明王朝	mingwangchao
明理	mingli
明码	mingma
明英宗	mingyingzong
明证	mingzheng
明辨	mingbian
明辨是非	mingbianshifei
明达	mingda
明镜	mingjing
昏过去	hunguoqu
昏迷不醒	hunmibuxing
易卜生	yibusheng
易县	yixian
易名	yiming
易怒	yinu
易手	yishou
易溶	yirong
易经	yijing
易货	yihuo
星号	xinghao
星形	xingxing
星报	xingbao
星月	xingyue
星条旗	xingtiaoqi
星洲	xingzhou
星相	xingxiang
星矢	xingshi
星等	xingdeng
星罗棋布	xingluoqibu
星门	xingmen
映入	yingru
映出	yingchu
春丽	chunli
春兰	chunlan
春华	chunhua
春城	chuncheng
春娇	chunjiao
春宫	chungong
春晖	chunhui
春水	chunshui
春游	chunyou
春耕	chungeng
春联	chunlian
春节假期	chunjiejiaqi
春装	chunzhuang
春阳	chunyang
春雷	chunlei
昭帝	zhaodi
昭示	zhaoshi
昭通	zhaotong
昭雪	zhaoxue
是一	shiyi
是人	shiren
是以	shiyi
是件	shijian
是位	shiwei
是假	shijia
是像	shixiang
是去	shiqu
是哩	shili
是夜	shiye
是小	shixiao
是想	shixiang
是我太	shiwotai
是用	shiyong
是真	shizhen
是种	shizhong
显像	xianxiang
显像管	xianxiangguan
显式	xianshi
显影	xianying
显微	xianwei
显性	xianxing
显明	xianming
显要	xianyao
显见	xianjian
晋中市	jinzhongshi
晋冀鲁豫	jinjiluyu
晋南	jinnan
晋城	jincheng
晋宁	jinning
晋察冀	jinchaji
晋察冀边区	jinchajibianqu
晋州	jinzhou
晋武帝	jinwudi
晋江市	jinjiangshi
晋王	jinwang
晋西北	jinxibei
晋见	jinjian
晒单	shaidan
晕过去	yunguoqu
晚些	wanxie
晚唐	wantang
晚近	wanjin
晚间新闻	wanjianxinwen
晨练	chenlian
普什图	pushitu
普利策	pulice
普及化	pujihua
普吉岛	pujidao
普契尼	puqini
普宁	puning
普宁市	puningshi
普拉斯	pulasi
普拉达	pulada
普林斯顿大学	pulinsidundaxue
普罗米修斯	puluomixiusi
普贤	puxian
普选	puxuan
普通型	putongxing
普通法	putongfa
普陀	putuo
普陀区	putuoqu
普陀山	putuoshan
景况	jingkuang
景县	jingxian
景山	jingshan
景德镇	jingdezhen
景德镇市	jingdezhenshi
景教	jingjiao
景泰蓝	jingtailan
景观设计	jingguansheji
景颇族	jingpozu
晴天霹雳	qingtianpili
晶石	jingshi
晶粒	jingli
晶系	jingxi
晶闸管	jingzhaguan
智多星	zhiduoxing
智子	zhizi
智能卡	zhinengka
智能型	zhinengxing
暂住证	zanzhuzheng
暂存	zancun
暂行	zanxing
暂行条例	zanxingtiaoli
暂行规定	zanxingguiding
暂译	zanyi
暑热	shure
暖意	nuanyi
暖洋洋	nuanyangyang
暖流	nuanliu
暗器	anqi
暗地	andi
暗流	anliu
暗箱	anxiang
暗红色	anhongse
暗网	anwang
暗色	anse
暗讽	anfeng
暧昧关系	aimeiguanxi
暨南	jinan
暴利	baoli
暴力事件	baolishijian
暴力犯罪	baolifanzui
暴力行为	baolixingwei
暴虐无道	baonvewudao
暴食	baoshi
曲奇饼	quqibing
曲式	qushi
曲江	qujiang
曲沃	quwo
曲直	quzhi
曲阜市	qufushi
曲霉	qumei
曲靖市	qujingshi
更上一层楼	gengshangyicenglou
更令	gengling
更别	gengbie
更应	gengying
更新版	gengxinban
更添	gengtian
更胜	gengsheng
更趋	gengqu
更酷	gengku
曹县	caoxian
曹禺	caoyu
曼努埃尔	mannuaier
曼妙	manmiao
曼娜	manna
曼尼普尔	mannipuer
曼岛	mandao
曼斯	mansi
曼苏尔	mansuer
曼陀罗	mantuoluo
曾受	cengshou
曾孙	zengsun
曾庆红	zengqinghong
曾志伟	zengzhiwei
曾祖	zengzu
替人	tiren
替天行道	titianxingdao
替死鬼	tisigui
最丑	zuichou
最严	zuiyan
最亲	zuiqin
最会	zuihui
最低气温	zuidiqiwen
最佳化	zuijiahua
最佳答案	zuijiadaan
最准	zuizhun
最南端	zuinanduan
最后通牒	zuihoutongdie
最多人	zuiduoren
最富	zuifu
最帅	zuishuai
最广	zuiguang
最惠国	zuihuiguo
最慢	zuiman
最新型	zuixinxing
最末	zuimo
最老	zuilao
最要	zuiyao
最靠近	zuikaojin
最高值	zuigaozhi
最高检	zuigaojian
最高者	zuigaozhe
月全食	yuequanshi
月影	yueying
月湖	yuehu
月牙	yueya
月票	yuepiao
月租金	yuezujin
月蚀	yueshi
有事吗	youshima
有件	youjian
有件事	youjianshi
有传	youchuan
有伤	youshang
有何不可	yhbk
有何感想	youheganxiang
有去无回	youquwuhui
有史	youshi
有名无实	youmingwushi
有名气	youmingqi
有否	youfou
有块	youkuai
有型	youxing
有增无减	youzengwujian
有头有脸	youtouyoulian
有张	youzhang
有性	youxing
有性生殖	youxingshengzhi
有想	youxiang
有意	youyi
有意者	youyizhe
有感于	youganyu
有所准备	yousuozhunbei
有效射程	youxiaoshecheng
有效期限	youxiaoqixian
有效途径	youxiaotujing
有本	youben
有机可乘	youjikecheng
有机合成	youjihecheng
有机酸	youjisuan
有权有势	youquanyoushi
有枪	youqiang
有步骤	youbuzhou
有点烦	youdianfan
有点痛	youdiantong
有理数	youlishu
有生	yousheng
有礼	youli
有福气	youfuqi
有线	youxian
有色人种	youserenzhong
有话要说	youhuayaoshuo
有责	youze
有起色	youqise
有违	youwei
有鉴于	youjianyu
有鉴于此	youjianyuci
有限责任	youxianzeren
有鱼	youyu
朋党	pengdang
服下	fuxia
服兵役	fubingyi
服务体系	fuwutixi
服务公司	fuwugongsi
服务区	fuwuqu
服务周到	fuwuzhoudao
服务团	fuwutuan
服务处	fuwuchu
服务局	fuwuju
服务性	fuwuxing
服务社	fuwushe
服务站	fuwuzhan
服务网	fuwuwang
服务设施	fuwusheshi
服务部	fuwubu
服务队	fuwudui
服务项目	fuwuxiangmu
服贸	fumao
服输	fushu
服饰店	fushidian
朔州	shuozhou
朔州市	shuozhoushi
朗县	langxian
朗讯	langxun
朗道	langdao
望其项背	wangqixiangbei
望城	wangcheng
望月	wangyue
望海	wanghai
望而生畏	wangershengwei
朝中社	chaozhongshe
朝内	chaonei
朝南	chaonan
朝圣	chaosheng
朝夕	zhaoxi
朝外	chaowai
朝天宫	chaotiangong
朝日	zhaori
朝日新闻	zhaorixinwen
朝核问题	chaohewenti
朝美	chaomei
朝见	chaojian
朝贡	chaogong
朝阳区	chaoyangqu
朝阳市	chaoyangshi
朝阳门	chaoyangmen
朝霞	zhaoxia
朝鲜政府	chaoxianzhengfu
朝鲜语	chaoxianyu
期待已久	qidaiyijiu
木偶戏	muouxi
木屑	muxie
木已成舟	muyichengzhou
木本	muben
木材厂	mucaichang
木条	mutiao
木栅	muzha
木桥	muqiao
木桩	muzhuang
木棉	mumian
木棒	mubang
木浦	mupu
木片	mupian
木结构	mujiegou
木船	muchuan
木造	muzao
木里	muli
未了	weiliao
未予	weiyu
未公开	weigongkai
未几	weiji
未及	weiji
未嫁	weijia
未得	weide
未找到	weizhaodao
未料	weiliao
未然	weiran
未眠	weimian
未竟	weijing
未经许可	weijingxuke
未获	weihuo
未解	weijie
本乡	benxiang
本会	benhui
本刊	benkan
本周一	benzhouyi
本垒打	benleida
本城	bencheng
本学期	benxueqi
本当	bendang
本手册	benshouce
本报	benbao
本月底	benyuedi
本末	benmo
本本	benben
本村	bencun
本港	bengang
本港台	bengangtai
本版	benban
本病	benbing
本社	benshe
本站	benzhan
本网	benwang
本罪	benzui
本能寺	bennengsi
本草	bencao
本行政区域	benxingzhengquyu
本队	bendui
本馆	benguan
札达	zhada
术士	shushi
朱先生	zhuxiansheng
朱古力	zhuguli
朱子	zhuzi
朱温	zhuwen
朱立伦	zhulilun
朱自清	zhuziqing
朱镕基	zhurongji
朱雀	zhuque
朴槿惠	piaojinhui
机件	jijian
机会主义	jihuizhuyi
机位	jiwei
机关党委	jiguandangwei
机关干部	jiguanganbu
机关报	jiguanbao
机具	jiju
机务段	jiwuduan
机动力	jidongli
机动队	jidongdui
机厂	jichang
机器猫	jiqimao
机壳	jike
机密信息	jimixinxi
机密文件	jimiwenjian
机师	jishi
机架	jijia
机械制造	jixiezhizao
机械厂	jixiechang
机械性能	jixiexingneng
机械手	jixieshou
机械故障	jixieguzhang
机械设备	jixieshebei
机炮	jipao
机理	jili
机电	jidian
机种	jizhong
机组人员	jizurenyuan
机腹	jifu
机长	jizhang
杀人不眨眼	sharenbuzhayan
杀人灭口	sharenmiekou
杀人者	sharenzhe
杀伤性	shashangxing
杀意	shayi
杀菌剂	shajunji
杂剧	zaju
杂居	zaju
杂役	zayi
杂技团	zajituan
杂环	zahuan
杂色	zase
杂费	zafei
权位	quanwei
权利义务	qlyw
权力者	quanlizhe
权势者	quanshizhe
权威人士	quanweirenshi
权术	quanshu
权证	quanzheng
杉木	shamu
李亚鹏	liyapeng
李佳	lijia
李先念	lixiannian
李光耀	liguangyao
李克勤	likeqin
李克强	likeqiang
李冰冰	libingbing
李四光	lisiguang
李子	lizi
李家	lijia
李将军	lijiangjun
李小冉	lixiaoran
李建华	lijianhua
李强	liqiang
李彦宏	liyanhong
李政道	lizhengdao
李文忠	liwenzhong
李斌	libin
李斯	lisi
李时珍	lishizhen
李明博	limingbo
李显龙	lixianlong
李柱铭	lizhuming
李源潮	liyuanchao
李瑞环	liruihuan
李登辉	lidenghui
李立三	lilisan
李约瑟	liyuese
李维汉	liweihan
李肇星	lizhaoxing
李舜臣	lishunchen
李莫愁	limochou
李银河	liyinhe
李鹏	lipeng
杏林	xinglin
村中	cunzhong
村内	cunnei
村外	cunwai
村委	cunwei
村寨	cunzhai
村干部	cunganbu
村支书	cunzhishu
村村	cuncun
村社	cunshe
村级	cunji
村野	cunye
杜兰	dulan
杜塞尔多夫	dusaierduofu
杜尔伯特	duerbote
杜德伟	dudewei
杜拉	dula
杜鲁门	dulumen
杜鹃花	dujuanhua
杞县	qixian
束手	shushou
杠子	gangzi
条令	tiaoling
条带	tiaodai
条幅	tiaofu
条形	tiaoxing
条状	tiaozhuang
条石	tiaoshi
条码	tiaoma
来京	laijing
来凤	laifeng
来凤县	laifengxian
来台	laitai
来场	laichang
来宾市	laibinshi
来潮	laichao
来犯	laifan
来路	lailu
杨丞琳	yangchenglin
杨先生	yangxiansheng
杨士奇	yangshiqi
杨尚昆	yangshangkun
杨广	yangguang
杨成武	yangchengwu
杨树	yangshu
杨洁篪	yangjiechi
杨洋	yangyang
杨浦	yangpu
杨浦区	yangpuqu
杨澜	yanglan
杨虎城	yanghucheng
杨行密	yangxingmi
杨铁心	yangtiexin
杨靖宇	yangjingyu
杭州人	hangzhouren
杭州市	hangzhoushi
杭州湾	hangzhouwan
杭锦旗	hangjinqi
杯酒	beijiu
杰佛瑞	jieforui
杰佛逊	jiefoxun
杰出青年	jiechuqingnian
杰斐逊	jiefeixun
杰罗姆	jieluomu
杰里	jieli
松原市	songyuanshi
松山	songshan
松岗	songgang
松柏	songbai
松江区	songjiangqu
松涛	songtao
松滋市	songzishi
松潘	songpan
松花江	songhuajiang
松赞干布	songzanganbu
松针	songzhen
松香	songxiang
板上	banshang
板桥	banqiao
板蓝根	banlangen
板门店	banmendian
极乐世界	jileshijie
极值	jizhi
极刑	jixing
极右	jiyou
极右翼	jiyouyi
极地	jidi
极好	jihao
极富	jifu
极尽	jijin
极有	jiyou
极端主义	jiduanzhuyi
极端分子	jiduanfenzi
极道	jidao
构成威胁	gouchengweixie
构筑物	gouzhuwu
枉然	wangran
枕木	zhenmu
枕边	zhenbian
林业局	linyeju
林业部	linyebu
林产	linchan
林伯渠	linboqu
林佳龙	linjialong
林依晨	linyichen
林允儿	linyuner
林先生	linxiansheng
林县	linxian
林口	linkou
林堡	linbao
林奇	linqi
林子里	linzili
林州	linzhou
林带	lindai
林彪	linbiao
林心如	linxinru
林志颖	linzhiying
林森	linsen
林檎	linqin
林毅夫	linyifu
林海	linhai
林芝	linzhi
林荫	linyin
林间	linjian
果农	guonong
果品	guopin
果戈理	guogeli
果真如此	guozhenruci
果菜	guocai
枝叶	zhiye
枝江	zhijiang
枝江市	zhijiangshi
枝节	zhijie
枢密使	shumishi
枢密院	shumiyuan
枢机主教	shujizhujiao
枣园	zaoyuan
枣庄	zaozhuang
枣庄市	zaozhuangshi
枣强	zaoqiang
枣阳市	zaoyangshi
枪杀案	qiangshaan
枪杆	qianggan
枪杆子	qiangganzi
枪林弹雨	qianglindanyu
枪栓	qiangshuan
枪榴弹	qiangliudan
枪的	qiangde
枪身	qiangshen
枫林	fenglin
枯叶	kuye
枯水期	kushuiqi
架势	jiashi
架式	jiashi
架次	jiaci
架飞机	jiafeiji
柏林墙	bolinqiang
柏柏尔	baibaier
柏树	baishu
柏油路	baiyoulu
柏青哥	baiqingge
某样	mouyang
某种原因	mouzhongyuanyin
某种意义	mouzhongyiyi
染红	ranhong
柔佛	roufo
柔佛州	roufozhou
柔然	rouran
柜员机	guiyuanji
柠檬茶	ningmengcha
柠檬酸	ningmengsuan
查办	chaban
查完	chawan
查抄	chachao
查核	chahe
查案	chaan
查清	chaqing
查维兹	chaweizi
查考	chakao
查获	chahuo
柬埔寨人	jianpuzhairen
柯尔克孜	keerkezi
柯尔特	keerte
柯西	kexi
柱状	zhuzhuang
柱石	zhushi
柳城	liucheng
柳州市	liuzhoushi
柳林	liulin
柴可夫斯基	chaikefusiji
柴油机厂	chaiyoujichang
柴油车	chaiyouche
柴胡	chaihu
柴达木	chaidamu
柿子	shizi
栀子	zhizi
栀子花	zhizihua
标兵	biaobing
标准型	biaozhunxing
标准煤	biaozhunmei
标志牌	biaozhipai
标志物	biaozhiwu
标本兼治	biaobenjianzhi
标案	biaoan
标识符	biaoshifu
标语牌	biaoyupai
标靶	biaoba
标高	biaogao
栈桥	zhanqiao
树苗	shumiao
树莓	shumei
树起	shuqi
树里	shuli
树龄	shuling
栓塞	shuanse
栖地	qidi
栖霞	qixia
栗色	lise
校企	xiaoqi
校办	xiaoban
校务	xiaowu
校勘	jiaokan
校名	xiaoming
校址	xiaozhi
校尉	xiaowei
校报	xiaobao
校注	jiaozhu
校级	xiaoji
校花	xiaohua
校董	xiaodong
校阅	jiaoyue
校际	xiaoji
校风	xiaofeng
株连	zhulian
样板戏	yangbanxi
核事故	heshigu
核危机	heweiji
核威慑	heweishe
核威胁	heweixie
核导弹	hedaodan
核工业	hegongye
核废料	hefeiliao
核燃料	heranliao
核物理	hewuli
核糖体	hetangti
核糖核酸	hetanghesuan
核裂变	heliebian
核试	heshi
核销	hexiao
根号	genhao
根本利益	genbenliyi
根绝	genjue
根茎	genjing
格兰德	gelande
格兰杰	gelanjie
格列佛	geliefo
格利	geli
格力	geli
格尔木	geermu
格尔木市	geermushi
格律	gelv
格杀勿论	geshawulun
格林纳达	gelinnada
格罗夫	geluofu
格萨尔	gesaer
格里	geli
格里斯	gelisi
格里格	gelige
格雷厄姆	geleiemu
格鲁派	gelupai
桁架	hengjia
桂林市	guilinshi
桃乐丝	taolesi
桃太郎	taotailang
桃色	taose
案发前	anfaqian
案发时	anfashi
案头	antou
案板	anban
案犯	anfan
案由	anyou
桌上型	zhuoshangxing
桌下	zhuoxia
桌前	zhuoqian
桌旁	zhuopang
桐乡	tongxiang
桐城	tongcheng
桐庐县	tongluxian
桐柏	tongbai
桐油	tongyou
桑园	sangyuan
桑德兰	sangdelan
桑拿浴	sangnayu
桑树	sangshu
桑给巴尔	sanggeibaer
桔子	juzi
档案学	danganxue
档案室	danganshi
档案局	danganju
桥下	qiaoxia
桥墩	qiaodun
桥头堡	qiaotoubao
桥边	qiaobian
桥面	qiaomian
桦木	huamu
梁先生	liangxiansheng
梁咏琪	liangyongqi
梁子湖	liangzihu
梁实秋	liangshiqiu
梁家	liangjia
梁山伯	liangshanbo
梁振英	liangzhenying
梁武帝	liangwudi
梅丽莎	meilisha
梅克尔	meikeer
梅山	meishan
梅森	meisen
梅花鹿	meihualu
梅里	meili
梓潼	zitong
梗塞	gengse
梦中人	mengzhongren
梦工厂	menggongchang
梦想成真	mengxiangchengzhen
梦遗	mengyi
梦醒	mengxing
梧州	wuzhou
梧州市	wuzhoushi
梨树	lishu
梳妆台	shuzhuangtai
检定	jianding
检察厅	jianchating
检察机关	jianchajiguan
检查官	jianchaguan
检查组	jianchazu
检测器	jianceqi
检疫局	jianyiju
检票	jianpiao
棉兰	mianlan
棉纺	mianfang
棉纺织	mianfangzhi
棉袄	mianao
棋类	qilei
棋艺	qiyi
棒呆	bangdai
棒打	bangda
棒槌	bangchui
棚屋	pengwu
棚户区	penghuqu
棚架	pengjia
棚里	pengli
森严	senyan
森工	sengong
森森	sensen
森美	senmei
森马	senma
植根于	zhigenyu
植牙	zhiya
植物性	zhiwuxing
椎名	zhuiming
椭球	tuoqiu
椰林	yelin
楔子	xiezi
楚州	chuzhou
楚庄王	chuzhuangwang
楚雄	chuxiong
楠木	nanmu
楹联	yinglian
楼价	loujia
楼兰	loulan
楼凤	loufeng
楼前	louqian
楼宇	louyu
楼梯间	loutijian
楼阁	louge
概念化	gainianhua
概念股	gainiangu
概略	gailve
概算	gaisuan
概观	gaiguan
榆林市	yulinshi
榆社县	yushexian
榜上	bangshang
榜中榜	bangzhongbang
榜眼	bangyan
榨油	zhayou
槐树	huaishu
槟城	bincheng
樟宜	zhangyi
樟木	zhangmu
樟脑	zhangnao
模特儿	moteer
横亘	henggen
横加	hengjia
横尸	hengshi
横山	hengshan
横断	hengduan
横杆	henggan
横流	hengliu
横滨市	hengbinshi
横琴	hengqin
横行霸道	hengxingbadao
横财	hengcai
横贯	hengguan
横躺	hengtang
横过	hengguo
横须贺	hengxuhe
横额	henge
樱花节	yinghuajie
橄榄树	ganlanshu
橄榄球赛	ganlanqiusai
橄榄石	ganlanshi
橄榄绿	ganlanlv
橘红色	juhongse
橙味	chengwei
橙汁	chengzhi
橙红色	chenghongse
橙黄色	chenghuangse
橡胶	xiangjiao
檀木	tanmu
檄文	xiwen
欠费	qianfei
次大陆	cidalu
欢乐谷	huanlegu
欢天喜地	huantianxidi
欢欣鼓舞	huanxinguwu
欢聚	huanju
欢聚一堂	huanjuyitang
欢腾	huanteng
欢迎仪式	huanyingyishi
欢迎会	huanyinghui
欢迎光临	huanyingguanglin
欢迎您	huanyingnin
欢颜	huanyan
欣怡	xinyi
欧佩克	oupeike
欧共体	ougongti
欧化	ouhua
欧尚	oushang
欧尼尔	ounier
欧康诺	oukangnuo
欧洲地区	ouzhoudiqu
欧洲联盟	ouzhoulianmeng
欧裔	ouyi
欧锦赛	oujinsai
欲仙欲死	yuxianyusi
欲火焚身	yuhuofenshen
欲知	yuzhi
欺辱	qiru
款款	kuankuan
款额	kuane
歇后语	xiehouyu
歉收	qianshou
歌会	gehui
歌剧团	gejutuan
歌功颂德	gegongsongde
歌厅	geting
歌咏	geyong
歌舞升平	gewushengping
歌舞团	gewutuan
歙县	shexian
止痒	zhiyang
止跌	zhidie
正东	zhengdong
正义党	zhengyidang
正事	zhengshi
正体	zhengti
正像	zhengxiang
正副	zhengfu
正厅	zhengting
正压	zhengya
正史	zhengshi
正妻	zhengqi
正定	zhengding
正定县	zhengdingxian
正常化	zhengchanghua
正往	zhengwang
正德	zhengde
正忙着	zhengmangzhe
正教	zhengjiao
正有	zhengyou
正极	zhengji
正果	zhengguo
正比	zhengbi
正气	zhengqi
正由	zhengyou
正电	zhengdian
正电子	zhengdianzi
正畸	zhengji
正等待	zhengdengdai
正经事	zhengjingshi
正职	zhengzhi
正蓝旗	zhenglanqi
正装	zhengzhuang
正规化	zhengguihua
正觉	zhengjue
正试图	zhengshitu
正说	zhengshuo
正阳	zhengyang
正阳门	zhengyangmen
正黄旗	zhenghuangqi
此信	cixin
此名	ciming
此物	ciwu
此车	ciche
此际	ciji
此项工作	cixianggongzuo
步兵师	bubingshi
步兵营	bubingying
步步高	bubugao
步长	buchang
武举	wuju
武义	wuyi
武乡	wuxiang
武侠剧	wuxiaju
武冈	wugang
武力	wuli
武器库	wuqiku
武城	wucheng
武夫	wufu
武夷	wuyi
武夷山	wuyishan
武夷山市	wuyishanshi
武威	wuwei
武威市	wuweishi
武媚娘	wumeiniang
武宁	wuning
武山	wushan
武川	wuchuan
武平	wuping
武昌	wuchang
武昌区	wuchangqu
武昌起义	wuchangqiyi
武林中	wulinzhong
武穴市	wuxueshi
武胜	wusheng
武胜县	wushengxian
武艺	wuyi
武英殿	wuyingdian
武装人员	wuzhuangrenyuan
武装冲突	wuzhuangchongtu
武装起义	wuzhuangqiyi
武装部	wuzhuangbu
武警部队	wujingbudui
武魂	wuhun
歧见	qijian
歧视性	qishixing
歧路	qilu
歪风	waifeng
歹毒	daidu
死亡威胁	siwangweixie
死光	siguang
死定了	sidingle
死得其所	sideqisuo
死机	siji
死水	sishui
死火山	sihuoshan
死灰复燃	sihuifuran
死结	sijie
死缓	sihuan
死者家属	sizhejiashu
死难	sinan
死难者	sinanzhe
歼击	jianji
歼击机	jianjiji
歼灭战	jianmiezhan
殃及	yangji
殉国	xunguo
殉教	xunjiao
殉葬	xunzang
殉道者	xundaozhe
殊死	shusi
残党	candang
残兵	canbing
残片	canpian
残疾者	canjizhe
残缺不全	canquebuquan
残联	canlian
残肢	canzhi
殒命	yunming
殖民统治	zhimintongzhi
殡仪	binyi
段氏	duanshi
段祺瑞	duanqirui
段长	duanzhang
殷切	yinqie
殷实	yinshi
殿宇	dianyu
殿试	dianshi
毁伤	huishang
毁灭者	huimiezhe
毋宁	wuning
毋忘	wuwang
毋须	wuxu
母亲节	muqinjie
母国	muguo
母畜	muchu
母细胞	muxibao
母老虎	mulaohu
母舰	mujian
每一秒	meiyimiao
每人每年	meirenmeinian
每分	meifen
每周五	meizhouwu
每周六	meizhouliu
每回	meihui
每季	meiji
每星期	meixingqi
每辆	meiliang
每辆车	meiliangche
每间	meijian
毒奶	dunai
毒奶粉	dunaifen
毒理学	dulixue
毒草	ducao
毒辣	dula
毒酒	dujiu
比什凯克	bishikaike
比例尺	bilichi
比利时人	bilishiren
比利牛斯	biliniusi
比哈尔	bihaer
比哈尔邦	bihaerbang
比斯特	bisite
比赛项目	bisaixiangmu
比邻	bilin
毕业班	biyeban
毕卡索	bikasuo
毕晓普	bixiaopu
毕福剑	bifujian
毕节市	bijieshi
毕达哥拉斯	bidagelasi
毗湿奴	pishinu
毗连	pilian
毛利人	maoliren
毛岸英	maoanying
毛拉	maola
毛文龙	maowenlong
毛毡	maozhan
毛竹	maozhu
毛细	maoxi
毛细管	maoxiguan
毛绒	maorong
毛豆	maodou
毛遂自荐	maosuizijian
毛里塔尼亚	maolitaniya
毛里求斯	maoliqiusi
毫不动摇	haobudongyao
毫不手软	haobushouruan
毫不迟疑	haobuchiyi
毫无例外	haowuliwai
民主人士	minzhurenshi
民主党派	minzhudangpai
民主制	minzhuzhi
民主德国	minzhudeguo
民主改革	minzhugaige
民主派	minzhupai
民主联盟	minzhulianmeng
民主运动	minzhuyundong
民主选举	minzhuxuanju
民主革命	minzhugeming
民事责任	minshizeren
民俗学	minsuxue
民俗文化	minsuwenhua
民兵组织	minbingzuzhi
民初	minchu
民力	minli
民和	minhe
民夫	minfu
民怨	minyuan
民情	minqing
民意代表	minyidaibiao
民意测验	minyiceyan
民意调查	minyidiaocha
民愤	minfen
民房	minfang
民政厅	minzhengting
民政局	minzhengju
民政部	minzhengbu
民政部门	minzhengbumen
民族主义者	minzuzhuyizhe
民族乡	minzuxiang
民族党	minzudang
民族学	minzuxue
民族特色	minzutese
民族自治	minzuzizhi
民族语言	minzuyuyan
民族运动	minzuyundong
民族音乐	minzuyinyue
民生主义	minshengzhuyi
民盟	minmeng
民粹主义	mincuizhuyi
民航局	minhangju
民营化	minyinghua
民运	minyun
民进党	minjindang
民选	minxuan
民间团体	minjiantuanti
民间故事	minjiangushi
民间组织	minjianzuzhi
民间艺术	minjianyishu
民防	minfang
民风	minfeng
气候带	qihoudai
气团	qituan
气焰	qiyan
气瓶	qiping
气相	qixiang
气象卫星	qixiangweixing
气象厅	qixiangting
气象台	qixiangtai
气象学	qixiangxue
气象学家	qixiangxuejia
气象站	qixiangzhan
气象部门	qixiangbumen
气象预报	qixiangyubao
气门	qimen
氟化物	fuhuawu
氢化	qinghua
氢氟酸	qingfusuan
氢氧化钠	qingyanghuana
氢能	qingneng
氧化铁	yanghuatie
氧化锌	yanghuaxin
氨气	anqi
氮氧化物	danyanghuawu
氯化氢	lvhuaqing
水乳交融	shuirujiaorong
水产品	shuichanpin
水仙花	shuixianhua
水利局	shuiliju
水利枢纽	shuilishuniu
水利水电	shuilishuidian
水利部	shuilibu
水力发电	shuilifadian
水势	shuishi
水厂	shuichang
水口	shuikou
水合物	shuihewu
水城	shuicheng
水墨画	shuimohua
水头	shuitou
水嫩	shuinen
水寨	shuizhai
水工	shuigong
水平面	shuipingmian
水怪	shuiguai
水患	shuihuan
水战	shuizhan
水手服	shuishoufu
水晶宫	shuijinggong
水晶男孩	shuijingnanhai
水样	shuiyang
水污染	shuiwuran
水泄不通	shuixiebutong
水泥厂	shuinichang
水洞	shuidong
水淹	shuiyan
水渍	shuizi
水源地	shuiyuandi
水潭	shuitan
水牛城	shuiniucheng
水生植物	shuishengzhiwu
水田	shuitian
水经注	shuijingzhu
水缸	shuigang
水罐	shuiguan
水网	shuiwang
水色	shuise
水蛇	shuishe
水蜜桃	shuimitao
水表	shuibiao
水轮	shuilun
水轮机	shuilunji
水门事件	shuimenshijian
水鸟	shuiniao
永不分离	yongbufenli
永世	yongshi
永丰	yongfeng
永仁	yongren
永兴	yongxing
永兴岛	yongxingdao
永利	yongli
永和	yonghe
永固	yonggu
永城	yongcheng
永夜	yongye
永宁	yongning
永宁县	yongningxian
永定	yongding
永定河	yongdinghe
永川	yongchuan
永州	yongzhou
永州市	yongzhoushi
永平	yongping
永年	yongnian
永康	yongkang
永康市	yongkangshi
永明	yongming
永泰	yongtai
永清	yongqing
永福	yongfu
永续	yongxu
永胜	yongsheng
永隆	yonglong
永靖	yongjing
永靖县	yongjingxian
永顺	yongshun
求取	qiuqu
求变	qiubian
求新	qiuxin
求生存	qiushengcun
求神	qiushen
求购	qiugou
汇丰银行	huifengyinhang
汇合处	huihechu
汇成	huicheng
汇文	huiwen
汇贤	huixian
汉光	hanguang
汉光武帝	hanguangwudi
汉学	hanxue
汉学家	hanxuejia
汉室	hanshi
汉寿	hanshou
汉川	hanchuan
汉川市	hanchuanshi
汉弗莱	hanfulai
汉族人	hanzuren
汉普郡	hanpujun
汉普顿	hanpudun
汉民	hanmin
汉水	hanshui
汉白玉	hanbaiyu
汉考克	hankaoke
汉莎	hansha
汉藏	hanzang
汉诺	hannuo
汕头市	shantoushi
汕尾市	shanweishi
汗王	hanwang
汗腺	hanxian
汛期	xunqi
汝南	runan
汝州	ruzhou
汝阳	ruyang
汞柱	gongzhu
江中	jiangzhong
江北区	jiangbeiqu
江原道	jiangyuandao
江城	jiangcheng
江安	jiangan
江岸	jiangan
江岸区	jianganqu
江州	jiangzhou
江村	jiangcun
江汉	jianghan
江河日下	jiangherixia
江油	jiangyou
江油市	jiangyoushi
江泽民	jiangzemin
江流	jiangliu
江海	jianghai
江豚	jiangtun
江道	jiangdao
江门	jiangmen
江门市	jiangmenshi
江陵县	jianglingxian
江青	jiangqing
江面	jiangmian
池州	chizhou
池水	chishui
池边	chibian
污染源	wuranyuan
污染环境	wuranhuanjing
污染者	wuranzhe
污水处理	wushuichuli
污渍	wuzi
污言秽语	wuyanhuiyu
汤原	tangyuan
汤姆斯	tangmusi
汤姆森	tangmusen
汤若望	tangruowang
汪东兴	wangdongxing
汪家	wangjia
汴梁	bianliang
汶川	wenchuan
汶川县	wenchuanxian
汶莱	wenlai
汽油弹	qiyoudan
汽笛声	qidisheng
汽艇	qiting
汽车业	qicheye
汽车城	qichecheng
汽车配件	qichepeijian
汽轮机	qilunji
汽配	qipei
汾河	fenhe
汾阳	fenyang
沁水	qinshui
沁源	qinyuan
沁源县	qinyuanxian
沁阳	qinyang
沂南	yinan
沃土	wotu
沃尔科特	woerkete
沃顿	wodun
沅江	yuanjiang
沅陵	yuanling
沈家	shenjia
沈清	shenqing
沈阳军区	shenyangjunqu
沈阳市	shenyangshi
沉吟	chenyin
沉积岩	chenjiyan
沉醉在	chenzuizai
沙利文	shaliwen
沙嘴	shazui
沙坪坝	shapingba
沙坪坝区	shapingbaqu
沙市	shashi
沙弥	shami
沙文	shawen
沙文主义	shawenzhuyi
沙洋县	shayangxian
沙湖	shahu
沙滩排球	shatanpaiqiu
沙漠化	shamohua
沙特阿拉伯	shatealabo
沙盘	shapan
沙石	shashi
沙门	shamen
沙门氏菌	shamenshijun
沙陀	shatuo
沙雅县	shayaxian
沟槽	goucao
沟谷	gougu
没事人	meishiren
没事找事	meishizhaoshi
没入	meiru
没叫	meijiao
没找	meizhao
没指望	meizhiwang
没教养	meijiaoyang
没水	meishui
没生气	meishengqi
没睡	meishui
没脑	meinao
没良心	meiliangxin
没这回事	meizhehuishi
没醉	meizui
没问	meiwen
沦丧	lunsang
沦陷区	lunxianqu
沧县	cangxian
沧州	cangzhou
沧州市	cangzhoushi
沪宁	huning
沭阳	shuyang
沭阳县	shuyangxian
河东区	hedongqu
河北区	hebeiqu
河口	hekou
河图	hetu
河堤	hedi
河底	hedi
河曲	hequ
河段	heduan
河源	heyuan
河源市	heyuanshi
河狸	heli
河西区	hexiqu
河里	heli
河长	hezhang
河间	hejian
油厂	youchang
油品	youpin
油市	youshi
油气田	youqitian
油泵	youbeng
油电	youdian
油缸	yougang
油罐	youguan
油船	youchuan
油茶	youcha
油菜籽	youcaizi
油量	youliang
治丧	zhisang
治标不治本	zhibiaobuzhiben
沾光	zhanguang
沾有	zhanyou
沾染上	zhanranshang
沿岸地区	yanandiqu
沿袭	yanxi
泉城	quancheng
泉州市	quanzhoushi
泊位	bowei
泊头	botou
泌乳	miru
泌尿	miniao
泌尿科	miniaoke
法例	fali
法利赛	falisai
法制化	fazhihua
法医学	fayixue
法商	fashang
法国总理	faguozongli
法国政府	faguozhengfu
法国电影	faguodianying
法塔赫	fatahe
法学会	faxuehui
法学博士	faxueboshi
法尔斯	faersi
法属圭亚那	fashuguiyana
法拉盛	falasheng
法政	fazheng
法文版	fawenban
法新社	faxinshe
法海	fahai
法界	fajie
法籍	faji
法罗群岛	faluoqundao
法西斯主义	faxisizhuyi
法语区	fayuqu
法轮功	falungong
泗县	sixian
泗水	sishui
泛亚	fanya
泛太平洋	fantaipingyang
泛滥成灾	fanlanchengzai
泛称	fancheng
泛美	fanmei
泛舟	fanzhou
泡沫塑料	paomosuliao
泡沫经济	paomojingji
波兰政府	bolanzhengfu
波利	boli
波利尼西亚	bolinixiya
波尔卡	boerka
波德莱尔	bodelaier
波斯猫	bosimao
波比	bobi
波波夫	bobofu
波特曼	boteman
波罗蜜	boluomi
波茨坦	bocitan
波顿	bodun
泥塑	nisu
注册号	zhucehao
注册表	zhucebiao
注册费	zhucefei
注射剂	zhusheji
注射液	zhusheye
注满	zhuman
注疏	zhushu
注脚	zhujiao
泪光	leiguang
泪流	leiliu
泪眼	leiyan
泰剧	taiju
泰和县	taihexian
泰国政府	taiguozhengfu
泰坦尼克	taitannike
泰坦尼克号	taitannikehao
泰姬	taiji
泰宁	taining
泰安	taian
泰安市	taianshi
泰州市	taizhoushi
泰来	tailai
泰然	tairan
泰王	taiwang
泰纳	taina
泰西	taixi
泵站	bengzhan
泸定桥	ludingqiao
泸州	luzhou
泸州市	luzhoushi
泼墨	pomo
泼水节	poshuijie
泼洒	posa
泼辣	pola
泽州	zezhou
泾县	jingxian
泾阳	jingyang
洋房	yangfang
洋楼	yanglou
洋河	yanghe
洋芋片	yangyupian
洋菜	yangcai
洋财	yangcai
洋面	yangmian
洒落	saluo
洗澡时	xizaoshi
洛克希德	luokexide
洛宁	luoning
洛川	luochuan
洛神	luoshen
洛维奇	luoweiqi
洛阳市	luoyangshi
洞洞	dongdong
津南	jinnan
津市	jinshi
津浦铁路	jinputielu
洪亮	hongliang
洪堡	hongbao
洪山	hongshan
洪山区	hongshanqu
洪峰	hongfeng
洪恩	hongen
洪承畴	hongchengchou
洪森	hongsen
洪水泛滥	hongshuifanlan
洪泽湖	hongzehu
洪洞县	hongtongxian
洪涝	honglao
洪湖	honghu
洪湖市	honghushi
洪灾	hongzai
洪福	hongfu
洪秀全	hongxiuquan
洪秀柱	hongxiuzhu
洪都	hongdu
洪门	hongmen
洱海	erhai
洲际导弹	zhoujidaodan
活不了	huobuliao
活佛	huofo
活动中心	huodongzhongxin
活动区	huodongqu
活动场所	huodongchangsuo
活动室	huodongshi
活动性	huodongxing
活字	huozi
活性剂	huoxingji
活死人	huosiren
活水	huoshui
活络	huoluo
活血	huoxue
活见鬼	huojiangui
洽谈会	qiatanhui
派克	paike
派员	paiyuan
派往	paiwang
派送	paisong
派驻	paizhu
流亡政府	liuwangzhengfu
流亡海外	liuwanghaiwai
流亡者	liuwangzhe
流光	liuguang
流光溢彩	liuguangyicai
流动站	liudongzhan
流寇	liukou
流感疫苗	liuganyimiao
流毒	liudu
流血事件	liuxueshijian
流行性	liuxingxing
流连忘返	liulianwangfan
浅海	qianhai
浅草	qiancao
浅蓝色	qianlanse
浅黄色	qianhuangse
浇注	jiaozhu
浇铸	jiaozhu
浊水溪	zhuoshuixi
测控	cekong
测温	cewen
测距仪	cejuyi
测量学	celiangxue
济南军区	jinanjunqu
济南市	jinanshi
济宁	jining
济宁市	jiningshi
济源	jiyuan
济阳	jiyang
浏览者	liulanzhe
浏阳市	liuyangshi
浑圆	hunyuan
浑然不知	hunranbuzhi
浑然不觉	hunranbujue
浓淡	nongdan
浓烟	nongyan
浓茶	nongcha
浠水	xishui
浠水县	xishuixian
浦东新区	pudongxinqu
浦口	pukou
浦城	pucheng
浦志强	puzhiqiang
浦江	pujiang
浦那	puna
浩繁	haofan
浩荡	haodang
浪迹	langji
浮上	fushang
浮力	fuli
浮尸	fushi
浮梁	fuliang
浮点	fudian
浴血奋战	yuxuefenzhan
海丰县	haifengxian
海产	haichan
海伦娜	hailunna
海关总署	haiguanzongshu
海军上将	haijunshangjiang
海军军官	haijunjunguan
海军基地	haijunjidi
海军部	haijunbu
海南省	hainansheng
海口市	haikoushi
海因里希	haiyinlixi
海地人	haidiren
海城	haicheng
海基会	haijihui
海外华人	haiwaihuaren
海外投资	haiwaitouzi
海宁	haining
海宁市	hainingshi
海山	haishan
海峡两岸	haixialiangan
海巡	haixun
海得拉巴	haidelaba
海怪	haiguai
海损	haisun
海权	haiquan
海林	hailin
海法	haifa
海波	haibo
海洋公园	haiyanggongyuan
海洋学	haiyangxue
海洋性	haiyangxing
海洋法	haiyangfa
海洋资源	haiyangziyuan
海派	haipai
海涅	hainie
海淀区	haidianqu
海湾地区	haiwandiqu
海湾战争	haiwanzhanzheng
海狸	haili
海珠	haizhu
海珠区	haizhuqu
海盆	haipen
海盐县	haiyanxian
海禁	haijin
海空	haikong
海绵体	haimianti
海舟	haizhou
海船	haichuan
海苔	haitai
海蚀	haishi
海蛇	haishe
海西	haixi
海路	hailu
海阔天空	haikuotiankong
海陆	hailu
海陆空	hailukong
海龙	hailong
浸染	jinran
浸水	jinshui
浸湿	jinshi
浸礼会	jinlihui
涂山	tushan
涂改	tugai
涂漆	tuqi
涂黑	tuhei
消停	xiaoting
消减	xiaojian
消声	xiaosheng
消声器	xiaoshengqi
消息人士	xiaoxirenshi
消息报	xiaoxibao
消息灵通	xiaoxilingtong
消暑	xiaoshu
消毒剂	xiaoduji
消气	xiaoqi
消消	xiaoxiao
消灾	xiaozai
消瘦	xiaoshou
消解	xiaojie
消费群	xiaofeiqun
消长	xiaozhang
消闲	xiaoxian
消防官兵	xiaofangguanbing
消防站	xiaofangzhan
涉县	shexian
涉及面	shejimian
涉嫌犯罪	shexianfanzui
涉案人员	sheanrenyuan
涉险	shexian
涌流	yongliu
涌进	yongjin
涟水	lianshui
涟涟	lianlian
涡流	woliu
涡轮机	wolunji
涤丝	disi
润州	runzhou
润泽	runze
润肺	runfei
涩谷	segu
液化气	yehuaqi
液相	yexiang
涿州	zhuozhou
淄博	zibo
淄博市	ziboshi
淄川	zichuan
淅川县	xichuanxian
淇县	qixian
淑珍	shuzhen
淘金者	taojinzhe
淞沪	songhu
淡水湖	danshuihu
淡水鱼	danshuiyu
淡紫色	danzise
淡红色	danhongse
淡黄色	danhuangse
淤塞	yuse
淬火	cuihuo
淮北	huaibei
淮南市	huainanshi
淮安市	huaianshi
淮海	huaihai
淮海战役	huaihaizhanyi
淮阴	huaiyin
深入调查	shenrudiaocha
深化改革	shenhuagaige
深受感动	shenshougandong
深吸	shenxi
深圳队	shenzhendui
深处	shenchu
深州	shenzhou
深怕	shenpa
深水港	shenshuigang
深水炸弹	shenshuizhadan
深港	shengang
深知	shenzhi
深秋	shenqiu
深紫色	shenzise
深红	shenhong
深红色	shenhongse
深表遗憾	shenbiaoyihan
深褐色	shenhese
深部	shenbu
淳化	chunhua
混交林	hunjiaolin
混双	hunshuang
混合泳	hunheyong
混同	huntong
混种	hunzhong
混饭吃	hunfanchi
添加物	tianjiawu
清净	qingjing
清初	qingchu
清剿	qingjiao
清原	qingyuan
清史	qingshi
清唱	qingchang
清官	qingguan
清幽	qingyou
清心	qingxin
清水河	qingshuihe
清河	qinghe
清河县	qinghexian
清泉	qingquan
清洗剂	qingxiji
清源	qingyuan
清热	qingre
清苑	qingyuan
清苦	qingku
清谈	qingtan
清运	qingyun
清远	qingyuan
清远市	qingyuanshi
清退	qingtui
清雅	qingya
清音	qingyin
渊源	yuanyuan
渐次	jianci
渐进式	jianjinshi
渐远	jianyuan
渔人	yuren
渔村	yucun
渔猎	yulie
渔获量	yuhuoliang
渗漏	shenlou
渗透性	shentouxing
渝中区	yuzhongqu
渝北区	yubeiqu
渡江战役	dujiangzhanyi
渣打	zhada
渥太华	wotaihua
温和派	wenhepai
温家宝	wenjiabao
温尼伯	wennibo
温岭	wenling
温州市	wenzhoushi
温布尔登	wenbuerdeng
温氏	wenshi
温江	wenjiang
温顺	wenshun
港人	gangren
港剧	gangju
港务	gangwu
港媒	gangmei
港澳地区	gangaodiqu
港珠澳	gangzhuao
港龙	ganglong
渴死	kesi
游击战争	youjizhanzheng
游动	youdong
游历	youli
游子	youzi
游弋	youyi
游憩	youqi
游民	youmin
游水	youshui
游泳队	youyongdui
游牧民	youmumin
游离	youli
游移	youyi
游船	youchuan
游艺	youyi
游行	youxing
游行示威	youxingshiwei
游行者	youxingzhe
游览车	youlanche
游过去	youguoqu
游遍	youbian
游骑兵	youqibing
游鱼	youyu
湄公河	meigonghe
湍急	tuanji
湖上	hushang
湖北省委	hubeishengwei
湖南省委	hunanshengwei
湖山	hushan
湖州市	huzhoushi
湖广	huguang
湖滨	hubin
湘乡	xiangxiang
湘桂	xianggui
湘江	xiangjiang
湘潭	xiangtan
湘潭县	xiangtanxian
湘潭市	xiangtanshi
湘赣	xianggan
湘阴	xiangyin
湛江市	zhanjiangshi
湾仔区	wanzaiqu
湾里	wanli
湿冷	shileng
湿手	shishou
湿法	shifa
湿淋淋	shilinlin
湿疣	shiyou
湿疹	shizhen
溃坝	kuiba
溃散	kuisan
溃退	kuitui
溃逃	kuitao
源地	yuandi
源氏	yuanshi
源源不绝	yuanyuanbujue
溜走	liuzou
溢出	yichu
溧阳市	liyangshi
溪口	xikou
溶洞	rongdong
溶血	rongxue
溶质	rongzhi
滁州	chuzhou
滁州市	chuzhoushi
滑县	huaxian
滑向	huaxiang
滑石	huashi
滔天	taotian
滕州	tengzhou
滚出去	gunchuqu
滚回	gunhui
滚回去	gunhuiqu
滚水	gunshui
滚珠	gunzhu
滚球	gunqiu
滞胀	zhizhang
满天星	mantianxing
满屋	manwu
满山	manshan
满怀信心	manhuaixinxin
满文	manwen
满洲国	manzhouguo
满洲里	manzhouli
满目	manmu
满目疮痍	manmuchuangyi
满腔	manqiang
满腹	manfu
滤网	lvwang
滤镜	lvjing
滥伐	lanfa
滥发	lanfa
滥杀无辜	lanshawugu
滥权	lanquan
滥用职权	lanyongzhiquan
滦县	luanxian
滦河	luanhe
滨州市	binzhoushi
滨江	binjiang
滨河	binhe
滨海	binhai
滨海新区	binhaixinqu
滨湖	binhu
滴定	diding
漂洗	piaoxi
漏网	louwang
演员表	yanyuanbiao
演播	yanbo
演算法	yansuanfa
演艺事业	yanyishiye
演艺界	yanyijie
演讲会	yanjianghui
演讲时	yanjiangshi
演说家	yanshuojia
漠然	moran
漫游费	manyoufei
漫画书	manhuashu
漫谈	mantan
漯河市	luoheshi
漳州市	zhangzhoushi
潇湘	xiaoxiang
潍坊	weifang
潍坊市	weifangshi
潘基文	panjiwen
潘家园	panjiayuan
潘汉年	panhannian
潜水器	qianshuiqi
潜江	qianjiang
潜江市	qianjiangshi
潜航	qianhang
潞城	lucheng
潢川	huangchuan
潮吹	chaochui
潮头	chaotou
潮安	chaoan
潮州人	chaozhouren
潮州市	chaozhoushi
潮涌	chaoyong
潮间带	chaojiandai
澄江	chengjiang
澄海	chenghai
澎湖	penghu
澜沧	lancang
澜沧江	lancangjiang
澧县	lixian
澳新	aoxin
澳门特别行政区	aomentebiexingzhengqu
激情戏	jiqingxi
激愤	jifen
激进党	jijindang
激进分子	jijinfenzi
激进派	jijinpai
濒临灭绝	binlinmiejue
濠江	haojiang
濮阳	puyang
濮阳市	puyangshi
灌丛	guancong
灌入	guanru
灌浆	guanjiang
灌满	guanman
灌顶	guanding
火上加油	huoshangjiayou
火力	huoli
火力发电厂	huolifadianchang
火头	huotou
火山岛	huoshandao
火山岩	huoshanyan
火成岩	huochengyan
火控	huokong
火柴盒	huochaihe
火灾现场	huozaixianchang
火炬手	huojushou
火焰山	huoyanshan
火盆	huopen
火箭弹	huojiandan
火箭炮	huojianpao
火红	huohong
火舌	huoshe
火药味	huoyaowei
灭口	miekou
灯管	dengguan
灯箱	dengxiang
灯节	dengjie
灯谜	dengmi
灰白色	huibaise
灰线	huixian
灰蒙蒙	huimengmeng
灰褐色	huihese
灰黑色	huiheise
灵丘	lingqiu
灵丹妙药	lingdanmiaoyao
灵体	lingti
灵台	lingtai
灵宝	lingbao
灵寿	lingshou
灾变	zaibian
灾情	zaiqing
灾荒	zaihuang
炀帝	yangdi
炊事	chuishi
炎亚纶	yanyalun
炎黄子孙	yanhuangzisun
炖牛肉	dunniurou
炭火	tanhuo
炮兵团	paobingtuan
炮友	paoyou
炮口	paokou
炮架	paojia
炮舰	paojian
炸伤	zhashang
炸成	zhacheng
点好	dianhao
点将	dianjiang
点触	dianchu
点选	dianxuan
炼制	lianzhi
炼油	lianyou
炼焦	lianjiao
炼钢	liangang
炼铁	liantie
炽烈	chilie
烂漫	lanman
烃类	tinglei
烈士墓	lieshimu
烈士陵园	lieshilingyuan
烟云	yanyun
烟台市	yantaishi
烟民	yanmin
烟筒	yantong
烟管	yanguan
烟雾弥漫	yanwumiman
烟霞	yanxia
烤火	kaohuo
烤牛肉	kaoniurou
烦乱	fanluan
烦心事	fanxinshi
烧光	shaoguang
烧制	shaozhi
烧坏	shaohuai
烧尽	shaojin
烧杀	shaosha
烧炭	shaotan
烧着	shaozhe
烧纸	shaozhi
烧肉	shaorou
烧饭	shaofan
烧香	shaoxiang
烧鸡	shaoji
热交换器	rejiaohuanqi
热值	rezhi
热吻	rewen
热土	retu
热塑性	resuxing
热处理	rechuli
热带地区	redaidiqu
热带性	redaixing
热带风暴	redaifengbao
热带鱼	redaiyu
热情洋溢	reqingyangyi
热死	resi
热比娅	rebiya
热水澡	reshuizao
热河	rehe
热泵	rebeng
热流	reliu
热烈欢迎	reliehuanying
热烈祝贺	reliezhuhe
热电厂	redianchang
热线电话	rexiandianhua
热络	reluo
热舞	rewu
热裤	reku
热身赛	reshensai
热锅上的蚂蚁	reguoshangdemayi
热闹非凡	renaofeifan
烯烃	xiting
烹制	pengzhi
烽火台	fenghuotai
焉耆	yanqi
焚化炉	fenhualu
焚香	fenxiang
焦作市	jiaozuoshi
焦化	jiaohua
焦点访谈	jiaodianfangtan
然则	ranze
煎锅	jianguo
煤球	meiqiu
煤田	meitian
煤电	meidian
照人	zhaoren
照明灯	zhaomingdeng
照片集	zhaopianji
煮成	zhucheng
煮汤	zhutang
煮食	zhushi
煽动性	shandongxing
熊本	xiongben
熊黛林	xiongdailin
熔体	rongti
熔化	ronghua
熔岩流	rongyanliu
熔炼	ronglian
熔铸	rongzhu
熟习	shouxi
熟制	shouzhi
熟时	shoushi
熠熠	yiyi
熬过来	aoguolai
燃尽	ranjin
燃放	ranfang
燃气轮机	ranqilunji
燃点	randian
燃烧弹	ranshaodan
燃煤	ranmei
燎原	liaoyuan
燕京大学	yanjingdaxue
爆炸事件	baozhashijian
爆炸案	baozhaan
爆燃	baoran
爆粗	baocu
爆表	baobiao
爆金币	baojinbi
爆金币了	baojinbile
爪哇岛	zhaowadao
爱不爱	aibuai
爱华	aihua
爱哭	aiku
爱国心	aiguoxin
爱妻	aiqi
爱家	aijia
爱恨交织	aihenjiaozhi
爱新觉罗	aixinjueluo
爱普生	aipusheng
爱来	ailai
爱民	aimin
爱泼斯坦	aipositan
爱液	aiye
爱犬	aiquan
爱琴	aiqin
爱琴海	aiqinhai
爱知县	aizhixian
爱管闲事	aiguanxianshi
爱荷华	aihehua
爱荷华州	aihehuazhou
爱莉	aili
爱默生	aimosheng
爵士舞	jueshiwu
父兄	fuxiong
父权	fuquan
父母官	fumuguan
父王	fuwang
爽朗	shuanglang
爽死	shuangsi
片儿	pianer
片头曲	piantouqu
片式	pianshi
片面性	pianmianxing
版权所有	banquansuoyou
版权法	banquanfa
牌九	paijiu
牌楼	pailou
牛乳	niuru
牛栏	niulan
牛犊	niudu
牛皮纸	niupizhi
牛粪	niufen
牛肝菌	niuganjun
牛车	niuche
牛黄	niuhuang
牛鼻子	niubizi
牟取暴利	mouqubaoli
牟平	muping
牡丹亭	mudanting
牡丹江	mudanjiang
牡丹江市	mudanjiangshi
牡丹花	mudanhua
牡蛎	muli
牢不可破	laobukepo
牢狱之灾	laoyuzhizai
牦牛	maoniu
牧区	muqu
牧歌	muge
牧羊犬	muyangquan
牧者	muzhe
物价局	wujiaju
物力	wuli
物性	wuxing
物象	wuxiang
物质性	wuzhixing
物质文明	wuzhiwenming
牵引力	qianyinli
牵引机	qianyinji
牵引车	qianyinche
牵牛花	qianniuhua
牵线	qianxian
牵线搭桥	qianxiandaqiao
特为	tewei
特克斯	tekesi
特出	techu
特别奖	tebiejiang
特别版	tebieban
特别节目	tebiejiemu
特区政府	tequzhengfu
特发性	tefaxing
特号	tehao
特命	teming
特困	tekun
特大型	tedaxing
特委	tewei
特工队	tegongdui
特批	tepi
特技表演	tejibiaoyan
特拉斯	telasi
特教	tejiao
特有种	teyouzhong
特殊津贴	teshujintie
特洛伊	teluoyi
特稿	tegao
特立尼达和多巴哥	telinidaheduobage
特等奖	tedengjiang
特约记者	teyuejizhe
特级教师	tejijiaoshi
特维斯	teweisi
特考	tekao
特聘	tepin
特色美食	tesemeishi
特蕾西	teleixi
特许权	texuquan
特遣部队	teqianbudui
特遣队	teqiandui
特里普	telipu
特长生	techangsheng
特首	teshou
特高	tegao
特鲁多	teluduo
犀鸟	xiniao
犍为	qianwei
犒劳	kaolao
犯了罪	fanlezui
犯有	fanyou
犯罪团伙	fanzuituanhuo
犯罪学	fanzuixue
犯罪案件	fanzuianjian
犯罪活动	fanzuihuodong
犯罪现场	fanzuixianchang
犯罪集团	fanzuijituan
犯难	fannan
状况不佳	zhuangkuangbujia
状告	zhuanggao
状态栏	zhuangtailan
犹太主义	youtaizhuyi
犹太教徒	youtaijiaotu
犹太裔	youtaiyi
狂妄自大	kuangwangzida
狂徒	kuangtu
狂想	kuangxiang
狂想曲	kuangxiangqu
狂放	kuangfang
狂热者	kuangrezhe
狄安娜	dianna
狄德罗	dideluo
狄拉克	dilake
狗东西	goudongxi
狗儿	gouer
狗叫	goujiao
狗娘养	gouniangyang
狗官	gouguan
狗急跳墙	goujitiaoqiang
狗蛋	goudan
狗贼	gouzei
狠抓	henzhua
狩猎者	shouliezhe
独一	duyi
独具匠心	dujujiangxin
独占鳌头	duzhanaotou
独孤	dugu
独家新闻	dujiaxinwen
独尊	duzun
独揽	dulan
独断	duduan
独来独往	dldw
独步	dubu
独活	duhuo
独生	dusheng
独立党	dulidang
独立团	dulituan
独立国	duliguo
独立国家	duliguojia
独立宣言	dulixuanyan
独立报	dulibao
独联体	dulianti
独裁政权	ducaizhengquan
独裁统治	ducaitongzhi
独角戏	dujiaoxi
独轮车	dulunche
独霸	duba
狭长的	xiachangde
狮城	shicheng
狮子会	shizihui
狮子头	shizitou
狮子山	shizishan
狼狈为奸	langbeiweijian
猎取	liequ
猕猴	mihou
猛干	menggan
猛料	mengliao
猛进	mengjin
猜猜看	caicaikan
猜错	caicuo
猢狲	husun
猥琐男	weisuonan
猩猩	xingxing
猪哥	zhuge
猪圈	zhujuan
猪手	zhushou
猪猡	zhuluo
猪瘟	zhuwen
猪笼草	zhulongcao
猪脚	zhujiao
献县	xianxian
献殷勤	xianyinqin
献金	xianjin
玄孙	xuansun
玄武岩	xuanwuyan
玄武门	xuanwumen
率众	lvzhong
率团	shuaituan
率性	shuaixing
玉佩	yupei
玉兔	yutu
玉女心经	yunvxinjing
玉山	yushan
玉带	yudai
玉林市	yulinshi
玉环	yuhuan
玉环县	yuhuanxian
玉米地	yumidi
玉龙	yulong
王上	wangshang
王世杰	wangshijie
王丹	wangdan
王之子	wangzhizi
王位继承	wangweijicheng
王充	wangchong
王夫之	wangfuzhi
王孙	wangsun
王导	wangdao
王岐山	wangqishan
王府井	wangfujing
王建	wangjian
王建民	wangjianmin
王敦	wangdun
王晨	wangchen
王母	wangmu
王氏	wangshi
王沪宁	wanghuning
王洪文	wanghongwen
王石	wangshi
王稼祥	wangjiaxiang
王立军	wanglijun
王都	wangdu
王金平	wangjinping
玛丹娜	madanna
玛丽莲	malilian
玛多	maduo
玛纳斯	manasi
玩完	wanwan
玩忽职守	wanhuzhishou
玩球	wanqiu
玩花样	wanhuayang
玫瑰色	meiguise
环上	huanshang
环保法	huanbaofa
环保署	huanbaoshu
环保部	huanbaobu
环保部门	huanbaobumen
环卫工人	huanweigongren
环境卫生	huanjingweisheng
环境法	huanjingfa
环境署	huanjingshu
环境部	huanjingbu
环山	huanshan
环形山	huanxingshan
环氧	huanyang
环氧树脂	huanyangshuzhi
环球时报	huanqiushibao
环球网	huanqiuwang
环绕着	huanraozhe
环顾	huangu
现世	xianshi
现代戏	xiandaixi
现代版	xiandaiban
现代舞	xiandaiwu
现值	xianzhi
现场会	xianchanghui
现场直播	xianchangzhibo
现址	xianzhi
现实主义者	xianshizhuyizhe
现居	xianju
现当代	xiandangdai
现形	xianxing
现役军人	xianyijunren
现时	xianshi
现正	xianzheng
现汇	xianhui
现职	xianzhi
现车	xianche
现钱	xianqian
玻利瓦尔	boliwaer
玻璃厂	bolichang
玻璃屋	boliwu
玻璃幕墙	bolimuqiang
玻璃纤维	bolixianwei
玻璃钢	boligang
珊瑚岛	shanhudao
珍妮弗	zhennifu
珍藏版	zhencangban
珠宝商	zhubaoshang
珠宝店	zhubaodian
珠宝首饰	zhubaoshoushi
珠江口	zhujiangkou
珠海市	zhuhaishi
珠穆朗玛峰	zhumulangmafeng
珠算	zhusuan
班列	banlie
班加罗尔	banjialuoer
班加西	banjiaxi
班杰明	banjieming
班禅	banchan
班超	banchao
班轮	banlun
球票	qiupiao
球类	qiulei
球菌	qiujun
球蛋白	qiudanbai
理事	lishi
理子	lizi
理想主义者	lixiangzhuyizhe
理政	lizheng
理查兹	lichazi
琉球群岛	liuqiuqundao
琉璃瓦	liuliwa
琴谱	qinpu
琴音	qinyin
琼山	qiongshan
琼崖	qiongya
琼海	qionghai
瑙鲁	naolu
瑞丽市	ruilishi
瑞典文	ruidianwen
瑞士法郎	ruishifalang
瑞士银行	ruishiyinhang
瑞尔	ruier
瑞昌	ruichang
瑞银	ruiyin
瑞雪	ruixue
瑶族	yaozu
瓜亚基尔	guayajier
瓜子脸	guazilian
瓜德罗普	guadeluopu
瓜拉尼	gualani
瓜果	guaguo
瓦列里	walieli
瓦努阿图	wanuatu
瓦哈卡	wahaka
瓦哈比	wahabi
瓦城	wacheng
瓦屋	wawu
瓦房	wafang
瓦良格	waliangge
瓦茨拉夫	wacilafu
瓮城	wengcheng
瓯江	oujiang
瓶装水	pingzhuangshui
甘南	gannan
甘州	ganzhou
甘拜下风	ganbaixiafeng
甘泉	ganquan
甘薯	ganshu
甘迺迪	gannaidi
甘霖	ganlin
甚广	shenguang
甚微	shenwei
甚或	shenhuo
甚深	shenshen
甚者	shenzhe
甚而	shener
甚远	shenyuan
甜酒	tianjiu
生下	shengxia
生丝	shengsi
生二胎	shengertai
生产厂	shengchanchang
生产国	shengchanguo
生产型	shengchanxing
生产性	shengchanxing
生产总值	shengchanzongzhi
生产量	shengchanliang
生产队	shengchandui
生人	shengren
生力军	shenglijun
生动活泼	shengdonghuopo
生变	shengbian
生员	shengyuan
生命垂危	shengmingchuiwei
生命权	shengmingquan
生命财产	shengmingcaichan
生地	shengdi
生境	shengjing
生字	shengzi
生存之道	shengcunzhidao
生存权	shengcunquan
生完	shengwan
生小孩	shengxiaohai
生就	shengjiu
生崽	shengzai
生得	shengde
生态学家	shengtaixuejia
生意兴隆	shengyixinglong
生技	shengji
生日会	shengrihui
生日派对	shengripaidui
生日蛋糕	shengridangao
生是	shengshi
生机	shengji
生杀大权	shengshadaquan
生殖	shengzhi
生殖器官	shengzhiqiguan
生殖系统	shengzhixitong
生气勃勃	shengqibobo
生活史	shenghuoshi
生活圈	shenghuoquan
生活状况	shenghuozhuangkuang
生活空间	shenghuokongjian
生活资料	shenghuoziliao
生活馆	shenghuoguan
生父	shengfu
生父母	shengfumu
生物制品	shengwuzhipin
生物武器	shengwuwuqi
生物碱	shengwujian
生物防治	shengwufangzhi
生猪	shengzhu
生理学家	shenglixuejia
生疼	shengteng
生而为	shengerwei
生育	shengyu
生育能力	shengyunengli
生铁	shengtie
生长期	shengzhangqi
生食	shengshi
生龙活虎	shenglonghuohu
用刀	yongdao
用刑	yongxing
用品店	yongpindian
用房	yongfang
用水量	yongshuiliang
用爱	yongai
用电量	yongdianliang
甩手	shuaishou
田庄	tianzhuang
田径赛	tianjingsai
田径运动	tianjingyundong
田径队	tianjingdui
田汉	tianhan
田纪云	tianjiyun
田螺	tianluo
田间	tianjian
由上而下	youshangerxia
由下而上	youxiaershang
由谁来	yousheilai
甲乙	jiayi
甲午战争	jiawuzhanzheng
甲壳类	jiaqiaolei
甲状	jiazhuang
甲等	jiadeng
甲苯	jiaben
甲酯	jiazhi
申根	shengen
申请加入	shenqingjiaru
申述	shenshu
电业	dianye
电令	dianling
电信业	dianxinye
电信公司	dianxingongsi
电信局	dianxinju
电冰箱	dianbingxiang
电刑	dianxing
电力供应	dianligongying
电力网	dianliwang
电力部	dianlibu
电动势	diandongshi
电单车	diandanche
电台节目	diantaijiemu
电吹风	dianchuifeng
电告	diangao
电子器件	dianziqijian
电子学	dianzixue
电子式	dianzishi
电子战	dianzizhan
电子报	dianzibao
电子政务	dianzizhengwu
电子科技	dianzikeji
电子签名	dianziqianming
电子管	dianziguan
电容器	dianrongqi
电导率	diandaolv
电影剧本	dianyingjuben
电影厅	dianyingting
电影明星	dianyingmingxing
电影演员	dianyingyanyuan
电影片	dianyingpian
电影频道	dianyingpindao
电性	dianxing
电报局	dianbaoju
电教	dianjiao
电梯门	diantimen
电死	diansi
电池板	dianchiban
电池组	dianchizu
电泳	dianyong
电热	dianre
电焊	dianhan
电玩展	dianwanzhan
电石	dianshi
电磁铁	diancitie
电离层	dianliceng
电脑化	diannaohua
电脑系统	diannaoxitong
电表	dianbiao
电视剧集	dianshijuji
电视塔	dianshita
电视广播	dianshiguangbo
电视新闻	dianshixinwen
电视片	dianshipian
电视直播	dianshizhibo
电视网	dianshiwang
电视观众	dianshiguanzhong
电视转播	dianshizhuanbo
电视辩论	dianshibianlun
电视频道	dianshipindao
电话公司	dianhuagongsi
电话机	dianhuaji
电闪雷鸣	dianshanleiming
电阻器	dianzuqi
电阻率	dianzulv
男人味	nanrenwei
男厕所	nancesuo
男双	nanshuang
男同志	nantongzhi
男同性恋	nantongxinglian
男性化	nanxinghua
男排	nanpai
男模	nanmo
男队	nandui
画上	huashang
画室	huashi
画派	huapai
画片	huapian
画皮	huapi
画轴	huazhou
畅所欲言	changsuoyuyan
界内	jienei
界别	jiebie
界外球	jiewaiqiu
留学人员	liuxuerenyuan
留尼旺	liuniwang
留影	liuying
留用	liuyong
留置	liuzhi
留言板	liuyanban
留长	liuchang
畜产	xuchan
畜产品	xuchanpin
畜生	chusheng
略阳	lveyang
番号	fanhao
番禺	panyu
番禺区	panyuqu
畸形	jixing
畹町	wanding
疆土	jiangtu
疆域	jiangyu
疏失	shushi
疏离	shuli
疏解	shujie
疑似病例	yisibingli
疑惧	yiju
疟原虫	nveyuanchong
疫区	yiqu
疯传	fengchuan
疯牛病	fengniubing
疯疯癫癫	fengfengdiandian
疯病	fengbing
疯长	fengzhang
疲弱	piruo
疹子	zhenzi
疾患	jihuan
病亡	bingwang
病况	bingkuang
病原菌	bingyuanjun
病号	binghao
病害	binghai
病患者	binghuanzhe
病故	binggu
病毒学	bingduxue
病毒性	bingduxing
病源	bingyuan
病状	bingzhuang
病种	bingzhong
病虫害	bingchonghai
病逝	bingshi
症结	zhengjie
痛不痛	tongbutong
痛惜	tongxi
痛批	tongpi
痴汉	chihan
痼疾	guji
瘦削	shouxue
瘦肉精	shouroujing
瘦长	shouchang
癫痫病	dianxianbing
登临	denglin
登嘉楼	dengjialou
登封	dengfeng
登岸	dengan
登月舱	dengyuecang
登记处	dengjichu
登记证	dengjizheng
登载	dengzai
登陆舰	denglujian
登陆艇	dengluting
登革热	denggere
白书	baishu
白云区	baiyunqu
白云山	baiyunshan
白云机场	baiyunjichang
白井	baijing
白俄	baie
白军	baijun
白发苍苍	baifacangcang
白喉	baihou
白垩纪	baieji
白城	baicheng
白城市	baichengshi
白塔	baita
白天鹅	baitiane
白头山	baitoushan
白嫩	bainen
白子	baizi
白字	baizi
白山	baishan
白山市	baishanshi
白岩松	baiyansong
白崇禧	baichongxi
白族	baizu
白果	baiguo
白沙	baisha
白沙瓦	baishawa
白洋淀	baiyangdian
白炽灯	baichideng
白玉兰	baiyulan
白玫瑰	baimeigui
白瓷	baici
白磷	bailin
白肉	bairou
白色恐怖	baisekongbu
白莲	bailian
白莲教	bailianjiao
白蛇传	baishezhuan
白蛋白	baidanbai
白血球	baixueqiu
白袍	baipao
白袜	baiwa
白袜子	baiwazi
白读	baidu
白质	baizhi
白费力气	baifeiliqi
白马寺	baimasi
白骨精	baigujing
白鸟	bainiao
百万元	baiwanyuan
百万吨	baiwandun
百万英镑	baiwanyingbang
百世	baishi
百亿元	baiyiyuan
百余名	baiyuming
百余年	baiyunian
百依百顺	baiyibaishun
百八十	baibashi
百兽	baishou
百分之七十	baifenzhiqishi
百分之三十	baifenzhisanshi
百分之九十	baifenzhijiushi
百分之二十	baifenzhiershi
百分之五十	baifenzhiwushi
百分之八十	baifenzhibashi
百分之六十	baifenzhiliushi
百分之四	baifenzhisi
百分数	baifenshu
百变	baibian
百名	baiming
百周年	baizhounian
百姓生活	baixingshenghuo
百家姓	baijiaxing
百岁	baisui
百川	baichuan
百态	baitai
百思不得其解	baisibudeqijie
百折不挠	baizhebunao
百景	baijing
百次	baici
百灵	bailing
百胜	baisheng
百花奖	baihuajiang
百草	baicao
百货大楼	baihuodalou
百货店	baihuodian
的的确确	dediqueque
皆是	jieshi
皇天	huangtian
皇太极	huangtaiji
皇岗	huanggang
皇恩	huangen
皖南事变	wannanshibian
皮下组织	pixiazuzhi
皮亚杰	piyajie
皮山县	pishanxian
皮影	piying
皮影戏	piyingxi
皮肤癌	pifuai
皮蛋	pidan
皮衣	piyi
皮裤	piku
皮诺切特	pinuoqiete
皮靴	pixue
盆腔	penqiang
益发	yifa
益气	yiqi
盎格鲁	anggelu
盐井	yanjing
盐务	yanwu
盐场	yanchang
盐城市	yanchengshi
盐巴	yanba
盐田	yantian
盐碱	yanjian
盐碱地	yanjiandi
监事	jianshi
监利县	jianlixian
监制	jianzhi
监委	jianwei
监察员	jianchayuan
监察局	jianchaju
监察部	jianchabu
监护室	jianhushi
监测站	jiancezhan
监看	jiankan
监督局	jianduju
监督机制	jiandujizhi
监督权	jianduquan
监督管理	jianduguanli
监督者	jianduzhe
监管局	jianguanju
盖头	gaitou
盖尔语	gaieryu
盖洛普	gailuopu
盗匪	daofei
盗圣	daosheng
盗掘	daojue
盗窃罪	daoqiezui
盗走	daozou
盘剥	panbo
盘县	panxian
盘锦	panjin
盘问	panwen
盘龙	panlong
盛世	shengshi
盛传	shengchuan
盛华	shenghua
盛宣怀	shengxuanhuai
盛气凌人	shengqilingren
盛衰	shengshuai
盛誉	shengyu
盟员	mengyuan
盟约	mengyue
盟邦	mengbang
目不暇接	mubuxiajie
目标价	mubiaojia
目黑区	muheiqu
盲动	mangdong
盲文	mangwen
盲目性	mangmuxing
直传	zhichuan
直取	zhiqu
直叫	zhijiao
直喷	zhipen
直属单位	zhishudanwei
直属机关	zhishujiguan
直属机构	zhishujigou
直径约	zhijingyue
直指	zhizhi
直树	zhishu
直爽	zhishuang
直直	zhizhi
直管	zhiguan
直落	zhiluo
直角坐标	zhijiaozuobiao
直隶	zhili
相乐	xiangle
相互了解	xianghuliaojie
相关者	xiangguanzhe
相去	xiangqu
相合	xianghe
相向	xiangxiang
相吻	xiangwen
相容性	xiangrongxing
相对主义	xiangduizhuyi
相对性	xiangduixing
相异	xiangyi
相形	xiangxing
相形之下	xiangxingzhixia
相承	xiangcheng
相抵	xiangdi
相控阵	xiangkongzhen
相映	xiangying
相若	xiangruo
相视	xiangshi
相认	xiangren
相距甚远	xiangjushenyuan
相连接	xianglianjie
相问	xiangwen
相随	xiangsui
相靠	xiangkao
相马	xiangma
盾构	dungou
省下来	shengxialai
省事	shengshi
省人大	shengrenda
省内外	shengneiwai
省军区	shengjunqu
省力	shengli
省城	shengcheng
省委书记	shengweishuji
省委常委	shengweichangwei
省市	shengshi
省府	shengfu
省政协	shengzhengxie
省政府	shengzhengfu
省时	shengshi
省直	shengzhi
省立	shengli
省籍	shengji
省网	shengwang
省议员	shengyiyuan
省辖市	shengxiashi
省里	shengli
省际	shengji
眉山	meishan
眉山市	meishanshi
看会	kanhui
看够	kangou
看着办	kanzheban
看诊	kanzhen
看门人	kanmenren
真不容易	zhenburongyi
真不少	zhenbushao
真事	zhenshi
真令人	zhenlingren
真傻	zhensha
真像	zhenxiang
真叫人	zhenjiaoren
真可怜	zhenkelian
真命天子	zhenmingtianzi
真够	zhengou
真好玩	zhenhaowan
真帅	zhenshuai
真幸福	zhenxingfu
真性	zhenxing
真挚	zhenzhi
真枪实弹	zhenqiangshidan
真珠	zhenzhu
真理报	zhenlibao
真理教	zhenlijiao
真田	zhentian
真相	zhenxiang
真空管	zhenkongguan
真糟糕	zhenzaogao
真给	zhengei
真腊	zhenla
真该	zhengai
真金	zhenjin
真高	zhengao
眷属	juanshu
眼中钉	yanzhongding
眼尖	yanjian
眼巴巴	yanbaba
眼见为实	yanjianweishi
眼观	yanguan
眼镜蛇	yanjingshe
着眼点	zhuoyandian
睡个	shuige
睡姿	shuizi
睡梦中	shuimengzhong
睡醒	shuixing
督办	duban
督学	duxue
瞄准器	miaozhunqi
瞄准镜	miaozhunjing
瞒天过海	mantianguohai
瞒报	manbao
瞬息	shunxi
瞭望	liaowang
瞭望台	liaowangtai
瞻礼	zhanli
瞿秋白	quqiubai
矛盾论	maodunlun
矢口否认	shikoufouren
矢量	shiliang
知事	zhishi
知名演员	zhimingyanyuan
知府	zhifu
知性	zhixing
知情者	zhiqingzhe
知识界	zhishijie
知识经济	zhishijingji
知识青年	zhishiqingnian
知趣	zhiqu
知错	zhicuo
矫治	jiaozhi
短少	duanshao
短打	duanda
短枪	duanqiang
短租	duanzu
短程	duancheng
短评	duanping
短诗	duanshi
矮化	aihua
石井	shijing
石人	shiren
石台	shitai
石嘴山	shizuishan
石城	shicheng
石墙	shiqiang
石头城	shitoucheng
石头砸	shitouza
石家庄市	shijiazhuangshi
石屋	shiwu
石屏	shiping
石岛	shidao
石川	shichuan
石库门	shikumen
石景山	shijingshan
石景山区	shijingshanqu
石林	shilin
石桥	shiqiao
石榴石	shiliushi
石河	shihe
石油化工	shiyouhuagong
石油工业	shiyougongye
石油气	shiyouqi
石油输出国组织	shiyoushuchuguozuzhi
石泉	shiquan
石渠县	shiquxian
石湖	shihu
石灰石	shihuishi
石狮子	shishizi
石砌	shiqi
石窟	shiku
石笋	shisun
石缝	shifeng
石英	shiying
石英砂	shiyingsha
石达开	shidakai
石阶	shijie
石首	shishou
石首市	shishoushi
石鼓	shigu
石龙	shilong
矽谷	xigu
矿产品	kuangchanpin
矿产资源	kuangchanziyuan
矿冶	kuangye
矿务局	kuangwuju
矿床	kuangchuang
矿物学	kuangwuxue
矿藏	kuangcang
矿难	kuangnan
砂浆	shajiang
砂砾	shali
砌成	qicheng
砍断	kanduan
砍杀	kansha
砍柴	kanchai
研习	yanxi
研修	yanxiu
研修班	yanxiuban
研发部	yanfabu
研拟	yanni
研究部	yanjiubu
研讨班	yantaoban
研议	yanyi
砖厂	zhuanchang
砖瓦	zhuanwa
破冰船	pobingchuan
破口	pokou
破土	potu
破土动工	potudonggong
破坏神	pohuaishen
破涕为笑	potiweixiao
破片	popian
破空	pokong
破纪录	pojilu
破解器	pojieqi
破财	pocai
砸伤	zashang
砸坏	zahuai
砸烂	zalan
砾石	lishi
硅藻	guizao
硅酸盐	guisuanyan
硕士班	shuoshiban
硕鼠	shuoshu
硝化	xiaohua
硝基	xiaoji
硝酸盐	xiaosuanyan
硫化氢	liuhuaqing
硫酸盐	liusuanyan
硬体	yingti
硬化症	yinghuazheng
硬尾	yingwei
硬座	yingzuo
硬质合金	yingzhihejin
硬骨头	yinggutou
确凿证据	quezaozhengju
确山	queshan
确权	quequan
确证	quezheng
硼酸	pengsuan
碉楼	diaolou
碎尸万段	suishiwanduan
碎玻璃	suiboli
碑亭	beiting
碑铭	beiming
碗面	wanmian
碧昂丝	biangsi
碧海	bihai
碰碰运气	pengpengyunqi
碱金属	jianjinshu
碳化物	tanhuawu
碳酸盐	tansuanyan
碳酸钠	tansuanna
碾子	nianzi
磁卡	cika
磁层	ciceng
磁极	ciji
磁碟	cidie
磨床	mochuang
磨盘	mopan
磨碎	mosui
磷肥	linfei
磷脂	linzhi
磷酸盐	linsuanyan
磺胺	huangan
礁溪	jiaoxi
礁石	jiaoshi
示人	shiren
示例	shili
示威抗议	shiweikangyi
示威游行	shiweiyouxing
示范区	shifanqu
示范县	shifanxian
示范性	shifanxing
示范校	shifanxiao
示范点	shifandian
示警	shijing
礼佛	lifo
礼俗	lisu
礼制	lizhi
礼器	liqi
礼宾	libin
礼拜一	libaiyi
礼拜五	libaiwu
礼拜六	libailiu
礼拜四	libaisi
礼教	lijiao
礼让	lirang
礼部	libu
社会主义者	shehuizhuyizhe
社会党	shehuidang
社会名流	shehuimingliu
社会存在	shehuicunzai
社会学系	shehuixuexi
社会意识	shehuiyishi
社会教育	shehuijiaoyu
社会民主主义	shehuiminzhuzhuyi
社会治安	shehuizhian
社会活动家	shehuihuodongjia
社区卫生	shequweisheng
社区服务	shequfuwu
社民党	shemindang
社福	shefu
社评	sheping
祁县	qixian
祁山	qishan
祁连山	qilianshan
祁门	qimen
祈雨	qiyu
祖孙	zusun
祖庙	zumiao
祖玛	zuma
祝你幸福	zhunixingfu
祝寿	zhushou
祝祷	zhudao
祝福语	zhufuyu
祝英台	zhuyingtai
神不知鬼不觉	shenbuzhiguibujue
神乐	shenyue
神位	shenwei
神兽	shenshou
神农架	shennongjia
神农架林区	shennongjialinqu
神化	shenhua
神学家	shenxuejia
神崎	shenqi
神州大地	shenzhoudadi
神怪	shenguai
神木	shenmu
神机	shenji
神机妙算	shenjimiaosuan
神来	shenlai
神枪手	shenqiangshou
神武	shenwu
神灯	shendeng
神物	shenwu
神田	shentian
神界	shenjie
神祗	shenzhi
神算	shensuan
神经性	shenjingxing
神经科	shenjingke
神职	shenzhi
神起	shenqi
神采奕奕	shencaiyiyi
神风	shenfeng
神鬼	shengui
神魂	shenhun
神龛	shenkan
祥子	xiangzi
票务	piaowu
票证	piaozheng
票选	piaoxuan
祭仪	jiyi
祭司	jisi
祭扫	jisao
祭文	jiwen
祭礼	jili
祭祀	jisi
祸国殃民	huoguoyangmin
祸水	huoshui
禁令	jinling
禁制	jinzhi
禁地	jindi
禁断	jinduan
禁片	jinpian
禁绝	jinjue
禁运	jinyun
禁闭室	jinbishi
禄丰	lufeng
禅修	chanxiu
禅定	chanding
禅寺	chansi
禅师	chanshi
禅院	chanyuan
福井	fujing
福冈	fugang
福利部	fulibu
福州人	fuzhouren
福州大学	fuzhoudaxue
福州市	fuzhoushi
福康安	fukangan
福海	fuhai
福清市	fuqingshi
福田区	futianqu
福鼎	fuding
离世	lishi
离乡	lixiang
离乡背井	lixiangbeijing
离奇	liqi
离子	lizi
离退休	lituixiu
禽类	qinlei
秀出	xiuchu
秀英	xiuying
秀逗	xiudou
私人企业	sirenqiye
私人物品	sirenwupin
私人生活	sirenshenghuo
私家侦探	sijiazhentan
私房钱	sifangqian
私校	sixiao
私用	siyong
私设	sishe
秉公	binggong
秋叶原	qiuyeyuan
秋水	qiushui
秋色	qiuse
秋裤	qiuku
秋雨	qiuyu
种业	zhongye
种子选手	zhongzixuanshou
种族主义者	zhongzuzhuyizhe
种族问题	zhongzuwenti
种族隔离	zhongzugeli
种植业	zhongzhiye
种植园	zhongzhiyuan
种苗	zhongmiao
种质	zhongzhi
科举考试	kejukaoshi
科伦坡	kelunpo
科利	keli
科夫斯基	kefusiji
科学园区	kexueyuanqu
科学城	kexuecheng
科学奖	kexuejiang
科学部	kexuebu
科技人员	kejirenyuan
科技人才	kejirencai
科技园	kejiyuan
科技局	kejiju
科技界	kejijie
科技馆	kejiguan
科摩罗	kemoluo
科教	kejiao
科斯	kesi
科普特	kepute
科特迪瓦	ketediwa
科科	keke
科科长	kekezhang
科维奇	keweiqi
科罗拉多州	keluoladuozhou
科西嘉	kexijia
科里	keli
秘书室	mishushi
秘密组织	mimizuzhi
秘密警察	mimijingcha
租下	zuxia
租借地	zujiedi
租售	zushou
租地	zudi
租屋	zuwu
租期	zuqi
租税	zushui
秦城监狱	qinchengjianyu
秦淮	qinhuai
秦淮河	qinhuaihe
秦皇	qinhuang
秦皇岛市	qinhuangdaoshi
秦腔	qinqiang
秧歌	yangge
秧鸡	yangji
秩序井然	zhixujingran
秭归	zigui
秭归县	ziguixian
积分榜	jifenbang
积怨	jiyuan
积极分子	jijifenzi
积极响应	jijixiangying
积极探索	jijitansuo
积极支持	jijizhichi
积极行动	jijixingdong
积淀	jidian
积聚	jiju
积重难返	jizhongnanfan
称心	chenxin
称病	chengbing
称誉	chengyu
称谢	chengxie
称量	chengliang
称雄	chengxiong
移位	yiwei
移出	yichu
移动式	yidongshi
移动电话	yidongdianhua
移植	yizhi
移植手术	yizhishoushu
移民法	yiminfa
移风易俗	yifengyisu
稀土元素	xituyuansu
稀巴烂	xibalan
稀有金属	xiyoujinshu
稀松	xisong
程先生	chengxiansheng
程序开发	chengxukaifa
程式	chengshi
程控	chengkong
程昱	chengyu
稍为	shaowei
税则	shuize
税制	shuizhi
稔熟	renshou
稳中求进	wenzhongqiujin
稳产	wenchan
稳定剂	wendingji
稻壳	daoke
稻米	daomi
稻香村	daoxiangcun
穆加贝	mujiabei
穆尔西	muerxi
穆巴拉克	mubalake
穆桂英	muguiying
穆沙拉夫	mushalafu
穷山恶水	qiongshaneshui
空中客车	kongzhongkeche
空中巴士	kongzhongbashi
空军一号	kongjunyihao
空头支票	kongtouzhipiao
空服员	kongfuyuan
空气清新	kongqiqingxin
空港	konggang
空空荡荡	kkdd
空管	kongguan
空行	konghang
空车	kongche
空载	kongzai
空门	kongmen
空间科学	kongjiankexue
空降兵	kongjiangbing
穿得	chuande
穿甲弹	chuanjiadan
穿针引线	chuanzhenyinxian
突入	turu
突出贡献	tuchugongxian
突厥语	tujueyu
突发性	tufaxing
突然袭击	turanxiji
窃案	qiean
窄小	zhaixiao
窑址	yaozhi
窗框	chuangkuang
窝点	wodian
窝窝	wowo
窦建德	doujiande
立交	lijiao
立交桥	lijiaoqiao
立体化	litihua
立像	lixiang
立克	like
立即行动	lijixingdong
立地	lidi
立场坚定	lichangjianding
立宪	lixian
立式	lishi
立方公尺	lifanggongchi
立时	lishi
立案侦查	lianzhencha
立法会	lifahui
立法委员	lifaweiyuan
立法机关	lifajiguan
立法机构	lifajigou
立法权	lifaquan
立法者	lifazhe
立法院	lifayuan
立花	lihua
立誓	lishi
立起	liqi
立足点	lizudian
立院	liyuan
竖井	shujing
竖直	shuzhi
站住脚	zhanzhujiao
竞彩	jingcai
竞拍	jingpai
竞演	jingyan
竞相	jingxiang
竞走	jingzou
竞选活动	jingxuanhuodong
竟敢	jinggan
竟能	jingneng
章丘	zhangqiu
章丘市	zhangqiushi
章太炎	zhangtaiyan
童养媳	tongyangxi
童工	tonggong
童年时期	tnsq
童心	tongxin
童装	tongzhuang
童趣	tongqu
童颜	tongyan
端详	duanxiang
端门	duanmen
竹北	zhubei
竹山县	zhushanxian
竹岛	zhudao
竹溪县	zhuxixian
竹炭	zhutan
竹笋	zhusun
竹筏	zhufa
竹筒	zhutong
竹简	zhujian
竹马	zhuma
竺可桢	zhukezhen
笑到	xiaodao
笑容满面	xiaorongmanmian
笑掉大牙	xiaodiaodaya
笑死人	xiaosiren
笑道	xiaodao
笑颜	xiaoyan
笔杆子	biganzi
笔架山	bijiashan
笔记本电脑	bijibendiannao
笔调	bidiao
笔谈	bitan
符合规定	fuheguiding
符拉迪沃斯托克	fuladiwosituoke
笨笨	benben
第一书记	diyishuji
第一例	diyili
第一副	diyifu
第一回	diyihui
第一夫人	diyifuren
第一所	diyisuo
第一枚	diyimei
第一枪	diyiqiang
第一次世界大战	diyicishijiedazhan
第一百	diyibai
第一等	diyideng
第一艘	diyisou
第一辆	diyiliang
第一队	diyidui
第一面	diyimian
第七名	diqiming
第七场	diqichang
第七届	diqijie
第七次	diqici
第七节	diqijie
第七集	diqiji
第三十三	disanshisan
第三十条	disanshitiao
第三卷	disanjuan
第三只	disanzhi
第三号	disanhao
第三周	disanzhou
第三国	disanguo
第三家	disanjia
第三局	disanju
第三度	disandu
第三批	disanpi
第三日	disanri
第三篇	disanpian
第三项	disanxiang
第九个	dijiuge
第九卷	dijiujuan
第九届	dijiujie
第九条	dijiutiao
第九次	dijiuci
第二产业	dierchanye
第二件	dierjian
第二任	dierren
第二十三	diershisan
第二十二	diershier
第二十五	diershiwu
第二十六	diershiliu
第二十四	diershisi
第二十条	diershitiao
第二回	dierhui
第二国际	dierguoji
第二度	dierdu
第二座	dierzuo
第二性	dierxing
第二日	dierri
第二次世界大战	diercishijiedazhan
第二炮兵	dierpaobing
第二胎	diertai
第二艘	diersou
第二道	dierdao
第二颗	dierke
第五任	diwuren
第五位	diwuwei
第五卷	diwujuan
第五场	diwuchang
第五届	diwujie
第五期	diwuqi
第五纵队	diwuzongdui
第五节	diwujie
第五轮	diwulun
第八个	dibage
第八天	dibatian
第八届	dibajie
第八条	dibatiao
第八次	dibaci
第六代	diliudai
第六位	diliuwei
第六卷	diliujuan
第六名	diliuming
第六届	diliujie
第六感	diliugan
第六节	diliujie
第十一届	dishiyijie
第十一次	dishiyici
第十一章	dishiyizhang
第十七届	dishiqijie
第十七条	dishiqitiao
第十三届	dishisanjie
第十三条	dishisantiao
第十个	dishige
第十九届	dishijiujie
第十九条	dishijiutiao
第十九次	dishijiuci
第十二条	dishiertiao
第十二次	dishierci
第十五届	dishiwujie
第十八届	dishibajie
第十六届	dishiliujie
第十六条	dishiliutiao
第十四届	dishisijie
第十四条	dishisitiao
第十届	dishijie
第十条	dishitiao
第十次	dishici
第十章	dishizhang
第十集	dishiji
第四任	disiren
第四卷	disijuan
第四场	disichang
第四座	disizuo
第四批	disipi
第四日	disiri
等位	dengwei
等着瞧	dengzheqiao
等量齐观	dengliangqiguan
等闲	dengxian
筋肉	jinrou
筑城	zhucheng
筑堤	zhudi
筑巢	zhuchao
筑底	zhudi
筑成	zhucheng
筑起	zhuqi
筑路	zhulu
答的	dade
答道	dadao
答问	dawen
策划人	cehuaren
策划者	cehuazhe
策源地	ceyuandi
筛分	shaifen
筛检	shaijian
筹募	choumu
筹备会	choubeihui
筹备工作	choubeigongzuo
筹委会	chouweihui
筹措	choucuo
筹组	chouzu
筹设	choushe
签名会	qianminghui
签售会	qianshouhui
签唱会	qianchanghui
签注	qianzhu
签章	qianzhang
签订协议	qiandingxieyi
签过	qianguo
简史	jianshi
简捷	jianjie
算不了	suanbuliao
算了算	suanlesuan
算学	suanxue
箝制	qianzhi
管委会	guanweihui
管带	guandai
管弦	guanxian
管所	guansuo
管治	guanzhi
管状	guanzhuang
管理区	guanliqu
管理处	guanlichu
管理所	guanlisuo
管理机制	guanlijizhi
管理权	guanliquan
管理法	guanlifa
管理科	guanlike
管理科学	guanlikexue
管理站	guanlizhan
管理系	guanlixi
管理部	guanlibu
管辖权	guanxiaquan
箭楼	jianlou
箱包	xiangbao
篡权	cuanquan
簿记	buji
米兰达	milanda
米哈伊尔	mihayier
米塞斯	misaisi
米娜	mina
米开朗基罗	mikailangjiluo
米德尔	mideer
米纳	mina
米纳斯吉拉斯州	minasijilasizhou
米脂县	mizhixian
米诺斯	minuosi
米迦勒	mijiale
米高梅	migaomei
米黄色	mihuangse
类书	leishu
类节目	leijiemu
粉丝团	fensituan
粉墨登场	fenmodengchang
粉嫩	fennen
粉碎机	fensuiji
粒子	lizi
粒径	lijing
粒状	lizhuang
粒细胞	lixibao
粗人	curen
粗劣	culie
粗大	cuda
粗气	cuqi
粘结	nianjie
粤东	yuedong
粤北	yuebei
粤港	yuegang
粤港澳	yuegangao
粤西	yuexi
粤语版	yueyuban
粪坑	fenkeng
粮价	liangjia
粮库	liangku
粮油	liangyou
粮票	liangpiao
粮食安全	liangshianquan
粮食局	liangshiju
粮饷	liangxiang
精典	jingdian
精制	jingzhi
精品店	jingpindian
精干	jinggan
精彩纷呈	jcfc
精微	jingwei
精心制作	jingxinzhizuo
精心策划	jingxincehua
精研	jingyan
精确性	jingquexing
精神失常	jingshenshichang
精神饱满	jingshenbaoman
精英赛	jingyingsai
精诚	jingcheng
精辟	jingpi
糊糊	huhu
糍粑	ciba
糕饼	gaobing
糖厂	tangchang
糖精	tangjing
糖衣炮弹	tangyipaodan
糖醋	tangcu
糖霜	tangshuang
糟践	zaojian
糟透了	zaotoule
系列化	xiliehua
系列片	xiliepian
系指	xizhi
系统分析	xitongfenxi
系统安全	xitonganquan
系统对	xitongdui
系统故障	xitongguzhang
系统漏洞	xitongloudong
系统软件	xitongruanjian
系里	xili
素以	suyi
素朴	supu
素食主义者	sushizhuyizhe
索契	suoqi
索尼公司	suonigongsi
索索	suosuo
索贿	suohui
紧凑型	jincouxing
紧实	jinshi
紧张局势	jinzhangjushi
紧急事件	jinjishijian
紧急会议	jinjihuiyi
紧急行动	jinjixingdong
紧急通知	jinjitongzhi
紧抓	jinzhua
紧盯	jinding
紧箍咒	jinguzhou
紧身裤	jinshenku
紧迫性	jinpoxing
紧锣密鼓	jinluomigu
紫光	ziguang
紫外光	ziwaiguang
紫檀	zitan
紫砂壶	zishahu
紫竹	zizhu
紫红	zihong
紫红色	zihongse
紫苏	zisu
紫荆	zijing
累死	leisi
累犯	leifan
累积到	leijidao
絮语	xuyu
繁体中文	fantizhongwen
繁殖力	fanzhili
繁殖期	fanzhiqi
繁茂	fanmao
纂修	zuanxiu
纠察队	jiuchadui
纠风	jiufeng
红一方面军	hongyifangmianjun
红丝	hongsi
红十字	hongshizi
红唇	hongchun
红四军	hongsijun
红四方面军	hongsifangmianjun
红地毯	hongditan
红场	hongchang
红塔	hongta
红墙	hongqiang
红太阳	hongtaiyang
红头	hongtou
红头文件	hongtouwenjian
红学	hongxue
红安县	honganxian
红山	hongshan
红岩	hongyan
红底	hongdi
红新月会	hongxinyuehui
红日	hongri
红杉	hongshan
红杏出墙	hongxingchuqiang
红树林	hongshulin
红毛丹	hongmaodan
红河州	honghezhou
红潮	hongchao
红玫瑰	hongmeigui
红眼	hongyan
红磨坊	hongmofang
红粉	hongfen
红色警报	hongsejingbao
红色高棉	hongsegaomian
红衫	hongshan
红褐色	honghese
红豆杉	hongdoushan
红遍	hongbian
红霞	hongxia
红领巾	honglingjin
红颜	hongyan
红鹰	hongying
纤毛	xianmao
纤维板	xianweiban
约旦河	yuedanhe
约瑟芬	yuesefen
约略	yuelve
约翰内斯堡	yuehanneisibao
约翰尼斯	yuehannisi
约翰森	yuehansen
约请	yueqing
级数	jishu
级联	jilian
纪委	jiwei
纪委书记	jiweishuji
纪实	jishi
纪念册	jiniance
纪念地	jiniandi
纪念堂	jiniantang
纪念塔	jinianta
纪念性	jinianxing
纪念物	jinianwu
纪念章	jinianzhang
纪念邮票	jinianyoupiao
纪晓岚	jixiaolan
纪检	jijian
纪检监察	jijianjiancha
纪检组	jijianzu
纬线	weixian
纯一	chunyi
纯利	chunli
纯收入	chunshouru
纯水	chunshui
纯洁性	chunjiexing
纯碱	chunjian
纯阳	chunyang
纲常	gangchang
纲目	gangmu
纲领性	ganglingxing
纳什维尔	nashiweier
纳塔尔	nataer
纳妾	naqie
纳瓦霍	nawahuo
纳美人	nameiren
纳西族	naxizu
纳贡	nagong
纳赛尔	nasaier
纵横交错	zonghengjiaocuo
纵火	zonghuo
纵火案	zonghuoan
纵览	zonglan
纷扰	fenrao
纷纭	fenyun
纷至沓来	fenzhitalai
纸上	zhishang
纸业	zhiye
纸厂	zhichang
纸尿裤	zhiniaoku
纸笔	zhibi
纸老虎	zhilaohu
纸钞	zhichao
纸钱	zhiqian
纸飞机	zhifeiji
纹样	wenyang
纺织业	fangzhiye
纺织厂	fangzhichang
纺锤	fangchui
纽埃	niuai
纽奥良	niuaoliang
纽约州	niuyuezhou
纽芬兰	niufenlan
纽西兰	niuxilan
线型	xianxing
线形	xianxing
练熟	lianshou
组图	zutu
组屋	zuwu
组成员	zuchengyuan
组组长	zuzuzhang
组织化	zuzhihua
组织学	zuzhixue
组织性	zuzhixing
组织法	zuzhifa
组织生活	zuzhishenghuo
组织部长	zuzhibuzhang
组织部门	zuzhibumen
绅士	shenshi
细嫩	xinen
细沙	xisha
细的	xide
细胞器	xibaoqi
细胞壁	xibaobi
细胞系	xibaoxi
细胞质	xibaozhi
细菌学	xijunxue
细菌性	xijunxing
细菌战	xijunzhan
细软	xiruan
终了	zhongliao
终成	zhongcheng
终极	zhongji
终端机	zhongduanji
终至	zhongzhi
终身制	zhongshenzhi
绍兴市	shaoxingshi
经久不息	jingjiubuxi
经典歌曲	jingdiangequ
经办	jingban
经卷	jingjuan
经合组织	jinghezuzhi
经委	jingwei
经济体制	jingjitizhi
经济制裁	jingjizhicai
经济区	jingjiqu
经济圈	jingjiquan
经济带	jingjidai
经济指标	jingjizhibiao
经济援助	jingjiyuanzhu
经济日报	jingjiribao
经济林	jingjilin
经济特区	jingjitequ
经济界	jingjijie
经济繁荣	jingjifanrong
经济网	jingjiwang
经济运行	jingjiyunxing
经济部	jingjibu
经济部长	jingjibuzhang
经籍	jingji
经营性	jingyingxing
经营方式	jingyingfangshi
经贸	jingmao
经贸关系	jingmaoguanxi
经贸合作	jingmaohezuo
经贸委	jingmaowei
经验谈	jingyantan
绑架案	bangjiaan
绑架者	bangjiazhe
绑起来	bangqilai
绒布	rongbu
结义	jieyi
结伙	jiehuo
结党营私	jiedangyingsi
结合部	jiehebu
结块	jiekuai
结婚年龄	jiehunnianling
结婚的人	jiehunderen
结婚证书	jiehunzhengshu
结实	jieshi
结对	jiedui
结石	jieshi
结社	jieshe
结肠炎	jiechangyan
结膜炎	jiemoyan
结集	jieji
绕境	raojing
绕组	raozu
给与	jiyu
络合物	luohewu
绝代	juedai
绝句	jueju
绝后	juehou
绝命	jueming
绝好	juehao
绝密	juemi
绝对化	jueduihua
绝灭	juemie
绝热	juere
绝缘性	jueyuanxing
绝食抗议	jueshikangyi
统一体	tongyiti
统一党	tongyidang
统制	tongzhi
统帅部	tongshuaibu
统战	tongzhan
统战部	tongzhanbu
统治区	tongzhiqu
统治权	tongzhiquan
统筹兼顾	tongchoujiangu
统管	tongguan
统计学家	tongjixuejia
统计数字	tongjishuzi
统计表	tongjibiao
统计资料	tongjiziliao
统辖	tongxia
绣球	xiuqiu
绥化	suihua
绥化市	suihuashi
绥芬河	suifenhe
绥靖	suijing
绦虫	taochong
继之	jizhi
继往开来	jiwangkailai
继承法	jichengfa
继续加强	jixujiaqiang
绩优	jiyou
绩溪	jixi
绪论	xulun
续建	xujian
续篇	xupian
续编	xubian
续聘	xupin
续航力	xuhangli
续订	xuding
绮丽	qili
绯色	feise
绳之以法	shengzhiyifa
绳网	shengwang
绳艺	shengyi
维修工	weixiugong
维修费	weixiufei
维吾尔	weiwuer
维吾尔族	weiwuerzu
维和部队	weihebudui
维园	weiyuan
维基	weiji
维多利亚湖	weiduoliyahu
维安	weian
维尔纳	weierna
维尔纽斯	weierniusi
维护者	weihuzhe
维持原判	weichiyuanpan
维持现状	wcxz
维持秩序	wczx
维珍	weizhen
维维	weiwei
维萨	weisa
维语	weiyu
绵竹	mianzhu
绵阳市	mianyangshi
综合楼	zonghelou
综合治理	zonghezhili
综观	zongguan
绿岛	lvdao
绿意	lvyi
绿水	lvshui
绿衣	lvyi
绿谷	lvgu
缅甸人	miandianren
缅甸政府	miandianzhengfu
缅甸语	miandianyu
缆索	lansuo
缉私	jisi
缓兵之计	huanbingzhiji
缓步	huanbu
缓行	huanxing
缔约	diyue
缔约国	diyueguo
缔约方	diyuefang
编修	bianxiu
编列	bianlie
编印	bianyin
编外	bianwai
编委	bianwei
编委会	bianweihui
编成	biancheng
编目	bianmu
编组	bianzu
编组站	bianzuzhan
编者按	bianzhean
编订	bianding
编辑者	bianjizhe
编选	bianxuan
缘何	yuanhe
缘木求鱼	yuanmuqiuyu
缙云	jinyun
缝线	fengxian
缠上	chanshang
缠足	chanzu
缩回	suohui
缩编	suobian
缭乱	liaoluan
缭绕	liaorao
缴交	jiaojiao
缴税	jiaoshui
缺乏经验	quefajingyan
缺勤	queqin
缺漏	quelou
缺血性	quexuexing
缺额	quee
罂粟	yingsu
罂粟花	yingsuhua
网信	wangxin
网军	wangjun
网域	wangyu
网开一面	wangkaiyimian
网易娱乐	wangyiyule
网状结构	wangzhuangjiegou
网球赛	wangqiusai
网络地址	wangluodizhi
网络应用	wangluoyingyong
网络攻击	wangluogongji
网络服务	wangluofuwu
网络版	wangluoban
网络科技	wangluokeji
网络空间	wangluokongjian
网络管理	wangluoguanli
网络系统	wangluoxitong
网络红人	wangluohongren
网络通信	wangluotongxin
网袜	wangwa
网讯	wangxun
网费	wangfei
网赚	wangzhuan
网路	wanglu
网通	wangtong
网队	wangdui
网页内容	wangyeneirong
罔顾	wanggu
罗丝	luosi
罗伊特	luoyite
罗伯托	luobotuo
罗伯逊	luoboxun
罗城	luocheng
罗安达	luoanda
罗宾森	luobinsen
罗尔夫	luoerfu
罗尔斯	luoersi
罗尼	luoni
罗布泊	luobupo
罗干	luogan
罗平	luoping
罗摩衍那	luomoyanna
罗曼诺夫	luomannuofu
罗林斯	luolinsi
罗湖区	luohuqu
罗瑞卿	luoruiqing
罗田	luotian
罗田县	luotianxian
罗纳德	luonade
罗织	luozhi
罗维奇	luoweiqi
罗荣桓	luoronghuan
罗马式	luomashi
罢市	bashi
罩杯	zhaobei
罪刑	zuixing
罪有应得	zuiyouyingde
置疑	zhiyi
置若罔闻	zhiruowangwen
置顶	zhiding
署理	shuli
罹难者	linanzhe
羊城晚报	yangchengwanbao
羊年	yangnian
羊毛衫	yangmaoshan
羌族	qiangzu
美人儿	meirener
美人计	meirenji
美俄	meie
美元兑	meiyuandui
美利坚合众国	meilijianhezhongguo
美善	meishan
美国之音	meiguozhiyin
美国会	meiguohui
美国作家	meiguozuojia
美国使馆	meiguoshiguan
美国务院	meiguowuyuan
美国化	meiguohua
美国华人	meiguohuaren
美国商会	meiguoshanghui
美国在线	meiguozaixian
美国法院	meiguofayuan
美国白宫	meiguobaigong
美国移民	meiguoyimin
美国联邦	meiguolianbang
美国进口	meiguojinkou
美国防部	meiguofangbu
美国陆军	meiguolujun
美国黑人	meiguoheiren
美好事物	meihaoshiwu
美好未来	meihaoweilai
美媒	meimei
美学家	meixuejia
美少妇	meishaofu
美展	meizhan
美帝国主义	meidiguozhuyi
美式足球	meishizuqiu
美惠	meihui
美拍	meipai
美政府	meizhengfu
美日韩	meirihan
美智子	meizhizi
美朝	meichao
美术学院	meishuxueyuan
美术家	meishujia
美术系	meishuxi
美洲国家	meizhouguojia
美海军	meihaijun
美照	meizhao
美猴王	meihouwang
美籍华人	meijihuaren
美索不达米亚	meisuobudamiya
美绪	meixu
美联社	meilianshe
美育	meiyu
美腿	meitui
美言	meiyan
美语	meiyu
美韩	meihan
美高梅	meigaomei
群交	qunjiao
群众利益	qunzhongliyi
群众性	qunzhongxing
群众组织	qunzhongzuzhi
群众路线	qunzhongluxian
群众运动	qunzhongyundong
群体性	quntixing
群峰	qunfeng
群情	qunqing
群策群力	quncequnli
群舞	qunwu
群英	qunying
群英会	qunyinghui
群起	qunqi
群集	qunji
群龙	qunlong
羧酸	suosuan
羽衣	yuyi
翁山	wengshan
翔实	xiangshi
翘起来	qiaoqilai
翠竹	cuizhu
翠鸟	cuiniao
翡翠台	feicuitai
翰林院	hanlinyuan
翻个	fange
翻供	fangong
翻修	fanxiu
翻译员	fanyiyuan
翻译者	fanyizhe
翼城	yicheng
老人院	laorenyuan
老农	laonong
老城区	laochengqu
老太爷	laotaiye
老夫子	laofuzi
老夫老妻	laofulaoqi
老妈妈	laomama
老妖	laoyao
老宅	laozhai
老山	laoshan
老工人	laogongren
老庄	laozhuang
老弱	laoruo
老战友	laozhanyou
老战士	laozhanshi
老把戏	laobaxi
老早	laozao
老朽	laoxiu
老梁	laoliang
老河口市	laohekoushi
老祖	laozu
老翁	laoweng
老虎凳	laohudeng
老魏	laowei
老龄	laoling
考察团	kaochatuan
考察队	kaochadui
考试题	kaoshiti
耆老	qilao
而会	erhui
而入	erru
而出名	erchuming
而动	erdong
而发	erfa
而据	erju
而终	erzhong
而能	erneng
而设	ershe
耍弄	shuanong
耐久性	naijiuxing
耐压	naiya
耐寒	naihan
耐火	naihuo
耐火材料	naihuocailiao
耐烦	naifan
耐热	naire
耐热性	nairexing
耐腐蚀	naifushi
耐酸	naisuan
耐震	naizhen
耒阳	leiyang
耕地面积	gengdimianji
耕田	gengtian
耗损	haosun
耳坠	erzhui
耳屎	ershi
耳根	ergen
耳洞	erdong
耳目	ermu
耳饰	ershi
耶律大石	yelvdashi
耶稣基督	yesujidu
耶维奇	yeweiqi
耿耿	genggeng
聂荣臻	nierongzhen
聊城市	liaochengshi
聊天工具	liaotiangongju
聊斋	liaozhai
聊斋志异	liaozhaizhiyi
聋哑	longya
职业杀手	zhiyeshashou
职业高中	zhiyegaozhong
职前	zhiqian
职官	zhiguan
职掌	zhizhang
职教	zhijiao
职校	zhixiao
职棒	zhibang
职涯	zhiya
职称	zhicheng
职级	zhiji
职缺	zhique
职衔	zhixian
职责所在	zhizesuozai
联产	lianchan
联产承包	lianchanchengbao
联保	lianbao
联合体	lianheti
联合党	lianhedang
联合声明	lianheshengming
联合报	lianhebao
联合政府	lhzf
联合早报	lianhezaobao
联合王国	lianhewangguo
联合行动	lianhexingdong
联展	lianzhan
联想集团	lianxiangjituan
联播网	lianbowang
联欢会	lianhuanhui
联盟党	lianmengdang
联社	lianshe
联络人	lianluoren
联络处	lianluochu
联络线	lianluoxian
联署	lianshu
联袂	lianmei
联轴器	lianzhouqi
联邦制	lianbangzhi
联邦区	lianbangqu
联邦德国	lianbangdeguo
联队	liandui
联队长	lianduizhang
聘书	pinshu
聘任	pinren
聘礼	pinli
聚丙烯	jubingxi
聚乙烯	juyixi
聚会所	juhuisuo
聚光	juguang
聚宝盆	jubaopen
聚居区	jujuqu
聚居地	jujudi
聚散	jusan
聚精会神	jujinghuishen
聚苯乙烯	jubenyixi
聚集区	jujiqu
聪敏	congmin
肃反	sufan
肃清	suqing
肃贪	sutan
肇因	zhaoyin
肇始	zhaoshi
肇庆	zhaoqing
肇庆市	zhaoqingshi
肉体上	routishang
肉制品	rouzhipin
肉品	roupin
肉干	rougan
肉排	roupai
肉毒	roudu
肉牛	rouniu
肉猪	rouzhu
肉瘤	rouliu
肉色	rouse
肉豆蔻	roudoukou
肉鸡	rouji
肌无力	jiwuli
肌理	jili
肖像画	xiaoxianghua
肚兜	dudou
肚子痛	duzitong
肚子饿	duzie
肛塞	gangsai
肝肾	ganshen
股票代码	gupiaodaima
肢体冲突	zhitichongtu
肥力	feili
肥厚	feihou
肥城市	feichengshi
肥猫	feimao
肥美	feimei
肥胖症	feipangzheng
肩并肩	jianbingjian
肩挑	jiantiao
肩负起	jianfuqi
肯干	kengan
肯辛顿	kenxindun
育婴	yuying
育幼院	yuyouyuan
育成	yucheng
育才	yucai
育种	yuzhong
育苗	yumiao
育龄	yuling
肺动脉	feidongmai
肺气肿	feiqizhong
肺脏	feizang
肾上腺	shenshangxian
肾炎	shenyan
肾衰竭	shenshuaijie
肿痛	zhongtong
胃里	weili
胃镜	weijing
胆略	danlve
胆碱	danjian
胆管	danguan
背向	beixiang
背囊	beinang
背壳	beike
背弃	beiqi
背道	beidao
背风	beifeng
背鳍	beiqi
胎动	taidong
胎生	taisheng
胖哥	pangge
胚层	peiceng
胜于	shengyu
胜仗	shengzhang
胜局	shengju
胜景	shengjing
胜选	shengxuan
胡乔木	huqiaomu
胡启立	huqili
胡宗南	huzongnan
胡平	huping
胡志明	huzhiming
胡志明市	huzhimingshi
胡春华	huchunhua
胡格诺	hugenuo
胡汉民	huhanmin
胡润	hurun
胡琴	huqin
胡瓜	hugua
胡耀邦	huyaobang
胡锡进	huxijin
胡锦涛	hujintao
胡风	hufeng
胰岛	yidao
胰脏	yizang
胶合板	jiaoheban
胶块	jiaokuai
胶州	jiaozhou
胶州湾	jiaozhouwan
胶粘剂	jiaonianji
胶袋	jiaodai
胶质	jiaozhi
胸怀大志	xionghuaidazhi
胸膜	xiongmo
胸鳍	xiongqi
能令	nengling
能信	nengxin
能克服	nengkefu
能动性	nengdongxing
能工巧匠	nenggongqiaojiang
能查	nengcha
能源部	nengyuanbu
能源部长	nengyuanbuzhang
脂蛋白	zhidanbai
脆性	cuixing
脆片	cuipian
脊梁	jiliang
脏字	zangzi
脏钱	zangqian
脑波	naobo
脑溢血	naoyixue
脑病	naobing
脑膜	naomo
脑血管	naoxueguan
脚丫	jiaoya
脚力	jiaoli
脚手架	jiaoshoujia
脚架	jiaojia
脱下来	tuoxialai
脱不了	tuobuliao
脱俗	tuosu
脱光光	tuoguangguang
脱北者	tuobeizhe
脱口	tuokou
脱困	tuokun
脱垂	tuochui
脱氢	tuoqing
脱氧	tuoyang
脱硫	tuoliu
脱罪	tuozui
脱胎	tuotai
脱衣舞	tuoyiwu
脱裤	tuoku
脱裤子	tuokuzi
脱贫	tuopin
脱贫致富	tuopinzhifu
腊月	layue
腌菜	yancai
腐坏	fuhuai
腐殖质	fuzhizhi
腐蚀	fushi
腐蚀性	fushixing
腐败问题	fubaiwenti
腓尼基	feiniji
腮腺炎	saixianyan
腹股沟	fugugou
腹腔镜	fuqiangjing
腹鳍	fuqi
腺癌	xianai
腾冲	tengchong
腾讯网	tengxunwang
腾达	tengda
膨大	pengda
膨胀系数	pengzhangxishu
臀鳍	tunqi
自上	zishang
自主经营	zizhujingying
自传体	zizhuanti
自便	zibian
自修	zixiu
自决权	zijuequan
自利	zili
自办	ziban
自动机	zidongji
自动步枪	zidongbuqiang
自助式	zizhushi
自助游	zizhuyou
自助餐厅	zizhucanting
自卫军	ziweijun
自发性	zifaxing
自取灭亡	ziqumiewang
自始	zishi
自娱	ziyu
自宅	zizhai
自寻死路	zixunsilu
自导	zidao
自愿性	ziyuanxing
自愿者	ziyuanzhe
自我教育	ziwojiaoyu
自投罗网	zitouluowang
自拍照	zipaizhao
自持	zichi
自摸	zimo
自杀者	zishazhe
自来水管	zilaishuiguan
自民党	zimindang
自治县	zizhixian
自治州	zizhizhou
自治权	zizhiquan
自治领	zizhiling
自流	ziliu
自然力	ziranli
自然村	zirancun
自然生态	ziranshengtai
自然美	ziranmei
自然遗产	ziranyichan
自由思想	ziyousixiang
自由权	ziyouquan
自由民	ziyoumin
自由港	ziyougang
自由行动	ziyouxingdong
自由邦	ziyoubang
自画像	zihuaxiang
自留地	ziliudi
自筹	zichou
自筹资金	zichouzijin
自组	zizu
自编	zibian
自耕农	zigengnong
自行决定	zixingjueding
自行火炮	zixinghuopao
自行车赛	zixingchesai
自认是	zirenshi
自评	ziping
自诉	zisu
自贡市	zigongshi
自贸	zimao
自贸区	zimaoqu
自足	zizu
臭名	chouming
臭男人	chounanren
臭脚	choujiao
至今已有	zhijinyiyou
至圣	zhisheng
至正	zhizheng
至死不渝	zhisibuyu
至深	zhishen
至清	zhiqing
至熟	zhishou
至终	zhizhong
致人	zhiren
致伤	zhishang
致信	zhixin
致公党	zhigongdang
致函	zhihan
致命性	zhimingxing
致残	zhican
致病性	zhibingxing
致远	zhiyuan
舆论监督	yulunjiandu
舍命	sheming
舍甫琴科	shefuqinke
舒马赫	shumahe
舜天	shuntian
舞蹈演员	wudaoyanyuan
舞阳	wuyang
舟山市	zhoushanshi
舟曲	zhouqu
舢板	shanban
航标	hangbiao
航次	hangci
航点	hangdian
航电	hangdian
航空业	hangkongye
航空兵	hangkongbing
航空器	hangkongqi
航空工业	hangkonggongye
航空港	hangkonggang
航空站	hangkongzhan
航空运输	hangkongyunshu
航空队	hangkongdui
航站楼	hangzhanlou
航船	hangchuan
航路	hanglu
航运业	hangyunye
航运公司	hangyungongsi
舰上	jianshang
舰只	jianzhi
舰娘	jianniang
舰炮	jianpao
舰载	jianzai
舰载机	jianzaiji
舱口	cangkou
船山	chuanshan
船民	chuanmin
船用	chuanyong
船舰	chuanjian
船艇	chuanting
船闸	chuanzha
船难	chuannan
良友	liangyou
良品	liangpin
良好形象	lianghaoxingxiang
良师	liangshi
良缘	liangyuan
艰困	jiankun
艰苦卓绝	jiankuzhuojue
艰苦奋斗	jiankufendou
色光	seguang
色带	sedai
色度	sedu
色彩斑斓	secaibanlan
色彩缤纷	secaibinfen
色情图片	seqingtupian
色情片	seqingpian
色情电影	seqingdianying
色情网站	seqingwangzhan
色斑	seban
色谱	sepu
色魔	semo
艳阳天	yanyangtian
艺体	yiti
艺文	yiwen
艺术团	yishutuan
艺术展	yishuzhan
艺术总监	yishuzongjian
艺术照	yishuzhao
艺术界	yishujie
艺术系	yishuxi
艺术节	yishujie
艺术表演	yishubiaoyan
艺术馆	yishuguan
艾丽	aili
艾利	aili
艾利斯	ailisi
艾奇逊	aiqixun
艾德蒙	aidemeng
艾晓明	aixiaoming
艾滋病毒	aizibingdu
艾登	aideng
艾米丽	aimili
艾草	aicao
艾薇儿	aiweier
艾露	ailu
节余	jieyu
节制	jiezhi
节后	jiehou
节哀顺变	jieaishunbian
节录	jielu
节电	jiedian
节目单	jiemudan
节目表	jiemubiao
节约能源	jieyuenengyuan
芍药	shaoyao
芜湖市	wuhushi
芝士	zhishi
芝山	zhishan
芝麻街	zhimajie
芥菜	jiecai
芦花	luhua
芭比娃娃	babiwawa
芭蕾舞	baleiwu
芭蕾舞剧	baleiwuju
芭蕾舞者	baleiwuzhe
芯片组	xinpianzu
花冠	huaguan
花剑	huajian
花圃	huapu
花岗石	huagangshi
花市	huashi
花房	huafang
花旦	huadan
花木	huamu
花样游泳	huayangyouyong
花样翻新	huayangfanxin
花梨	huali
花灯	huadeng
花炮	huapao
花王	huawang
花白	huabai
花篮	hualan
花美男	huameinan
花花世界	huahuashijie
花药	huayao
花莲县	hualianxian
花莲市	hualianshi
花萼	huae
花鸟	huaniao
花鸟画	huaniaohua
花鼓	huagu
芷江	zhijiang
芸香	yunxiang
苍井空	cangjingkong
苍南县	cangnanxian
苍山	cangshan
苍梧	cangwu
苍茫	cangmang
苍龙	canglong
苎麻	zhuma
苏中	suzhong
苏丹政府	sudanzhengfu
苏伊士	suyishi
苏克雷	sukelei
苏共	sugong
苏哈托	suhatuo
苏州人	suzhouren
苏州市	suzhoushi
苏慧伦	suhuilun
苏拉	sula
苏拉威西	sulaweixi
苏珊娜	sushanna
苏瓦	suwa
苏联政府	sulianzhengfu
苏联红军	sulianhongjun
苏贞昌	suzhenchang
苏里南	sulinan
苏铁	sutie
苏门答腊	sumendala
苑里	yuanli
苔藓	taixian
苗族	miaozu
苗木	miaomu
苗条	miaotiao
苗栗县	miaolixian
苗栗市	miaolishi
苗苗	miaomiao
苛捐杂税	kejuanzashui
苟且偷生	gouqietousheng
若何	ruohe
若因	ruoyin
若尔盖	ruoergai
若干次	ruoganci
若用	ruoyong
若真	ruozhen
苦劝	kuquan
苦劳	kulao
苦尽甘来	kujinganlai
苦干	kugan
苦役	kuyi
苦心经营	kuxinjingying
苦日子	kurizi
苦短	kuduan
苦读	kudu
苯乙烯	benyixi
苯甲酸	benjiasuan
英华	yinghua
英国文学	yingguowenxue
英国议会	yingguoyihui
英国首相	yingguoshouxiang
英女王	yingnvwang
英威	yingwei
英宗	yingzong
英山县	yingshanxian
英德	yingde
英才	yingcai
英文名字	yingwenmingzi
英文字	yingwenzi
英杰	yingjie
英烈	yinglie
英特	yingte
英皇	yinghuang
英联邦	yinglianbang
英译本	yingyiben
英雄事迹	yingxiongshiji
英雄传	yingxiongzhuan
英雄式	yingxiongshi
英魂	yinghun
苹果日报	pingguoribao
茂名市	maomingshi
范玮琪	fanweiqi
茅厕	maoce
茅坑	maokeng
茅山	maoshan
茅草	maocao
茜草	qiancao
茨城	cicheng
茨城县	cichengxian
茶山	chashan
茶庄	chazhuang
茶文化	chawenhua
茶盘	chapan
茶碗	chawan
茶话会	chahuahui
茶陵	chaling
荆州市	jingzhoushi
荆门	jingmen
荆门市	jingmenshi
草创	caochuang
草坡	caopo
草堂	caotang
草料	caoliao
草木皆兵	caomujiebing
草本植物	caobenzhiwu
草榴	caoliu
草民	caomin
草签	caoqian
草菅人命	caojianrenming
草酸	caosuan
草鞋	caoxie
草食	caoshi
草食性	caoshixing
草鱼	caoyu
荒淫	huangyin
荒漠化	huangmohua
荒诞不经	huangdanbujing
荔枝	lizhi
荔湾	liwan
荟萃	huicui
荣县	rongxian
荣成	rongcheng
荣毅仁	rongyiren
荣登	rongdeng
荣立	rongli
荣膺	rongying
荣誉奖	rongyujiang
荣誉称号	rongyuchenghao
荥阳	xingyang
荥阳市	xingyangshi
荧光灯	yingguangdeng
药学院	yaoxueyuan
药王	yaowang
药用价值	yaoyongjiazhi
药监局	yaojianju
药膳	yaoshan
药草	yaocao
药酒	yaojiu
荷枪实弹	heqiangshidan
莆田市	putianshi
莉丝	lisi
莉亚	liya
莉娅	liya
莉娜	lina
莉雅	liya
莞尔	waner
莫之许	mozhixu
莫卧儿	mowoer
莫如	moru
莫斯科州	mosikezhou
莫桑比克	mosangbike
莫洛托夫	moluotuofu
莫测	moce
莫衷一是	mozhongyishi
莫里	moli
莫里森	molisen
莫雷诺	moleinuo
莱切	laiqie
莱山	laishan
莱州	laizhou
莱州市	laizhoushi
莱索托	laisuotuo
莱芜	laiwu
莱芜市	laiwushi
莱阳	laiyang
莲花山	lianhuashan
获刑	huoxing
获判	huopan
获此	huoci
获罪	huozui
获评	huoping
获赠	huozeng
获选	huoxuan
菁英	jingying
菊石	jushi
菊科	juke
菌丝	junsi
菌类	junlei
菌落	junluo
菏泽	heze
菏泽市	hezeshi
菜地	caidi
菜篮子	cailanzi
菩提树	putishu
菱形	lingxing
菲力普	feilipu
菲比	feibi
萌妹	mengmei
萍乡市	pingxiangshi
萝丝	luosi
萝莉控	luolikong
萤火	yinghuo
萤石	yingshi
营位	yingwei
营养品	yingyangpin
营口	yingkou
营口市	yingkoushi
营垒	yinglei
营火	yinghuo
营私	yingsi
营运商	yingyunshang
营里	yingli
营队	yingdui
萧伯纳	xiaobona
萧县	xiaoxian
萧瑟	xiaose
萧萧	xiaoxiao
萨凡纳	safanna
萨利赫	salihe
萨哈林	sahalin
萨尔茨堡	saercibao
萨帕塔	sapata
萨德	sade
萨拉丁	salading
萨拉热窝	salarewo
萨摩亚	samoya
萨格勒布	sagelebu
萨满教	samanjiao
萨瓦河	sawahe
萨科齐	sakeqi
萨默斯	samosi
萼片	epian
落到实处	luodaoshichu
落叶松	luoyesong
落地生根	luodishenggen
落山	luoshan
著名画家	zhuminghuajia
著录	zhulu
葛洲坝	gezhouba
葛莱美奖	gelaimeijiang
葡文	puwen
葡萄牙文	putaoyawen
葡萄球菌	putaoqiujun
董事局	dongshiju
董仲舒	dongzhongshu
董军	dongjun
董存瑞	dongcunrui
董小宛	dongxiaowan
董建华	dongjianhua
董必武	dongbiwu
葫芦岛	huludao
葫芦岛市	huludaoshi
蒂亚	diya
蒋中正	jiangzhongzheng
蒋先生	jiangxiansheng
蒙冤	mengyuan
蒙古包	menggubao
蒙古高原	menggugaoyuan
蒙城	mengcheng
蒙巴萨	mengbasa
蒙文	mengwen
蒙族	mengzu
蒙昧	mengmei
蒙罗维亚	mengluoweiya
蒙藏	mengzang
蒙语	mengyu
蒙面	mengmian
蒜头	suantou
蒲圻	puqi
蒲城	pucheng
蒸发量	zhengfaliang
蒸汽	zhengqi
蒸笼	zhenglong
蒸馏水	zhengliushui
蓄势待发	xsdf
蓄水量	xushuiliang
蓖麻	bima
蓝军	lanjun
蓝田县	lantianxian
蓝白	lanbai
蓝皮书	lanpishu
蓝眼睛	lanyanjing
蓝筹	lanchou
蓝精灵	lanjingling
蓝营	lanying
蓝藻	lanzao
蓝衣	lanyi
蓝鸟	lanniao
蓬佩奥	pengpeiao
蓬莱市	penglaishi
蔡健雅	caijianya
蔡元培	caiyuanpei
蔡和森	caihesen
蔡衍明	caiyanming
蔡锷	caie
蕨类	juelei
蕲春	qichun
蕲春县	qichunxian
蕴藏量	yuncangliang
薄层	baoceng
薄情	boqing
薄熙来	boxilai
薏仁	yiren
薪传	xinchuan
薪俸	xinfeng
薪火	xinhuo
藉由	jieyou
藏书楼	cangshulou
藏人	zangren
藏传	zangchuan
藏到	cangdao
藏宝图	cangbaotu
藏家	cangjia
藏文	zangwen
藏族人	zangzuren
藏民	zangmin
藏经阁	cangjingge
藏羚羊	zanglingyang
藏身处	cangshenchu
藤本	tengben
藤条	tengtiao
藤森	tengsen
藩篱	fanli
虎丘	huqiu
虎山	hushan
虎年	hunian
虎皮	hupi
虎虎	huhu
虎豹	hubao
虎贲	huben
虎门	humen
虐待狂	nvedaikuang
虚寒	xuhan
虚设	xushe
虫害	chonghai
虫草	chongcao
虹口	hongkou
虹口区	hongkouqu
虹桥	hongqiao
虽则	suize
虾子	xiazi
蚌埠	bengbu
蚌埠市	bengbushi
蚕桑	cansang
蚜虫	yachong
蛇口	shekou
蛇形	shexing
蛇类	shelei
蛋白酶	danbaimei
蛋类	danlei
蛔虫	huichong
蛙泳	wayong
蛟龙	jiaolong
蛮干	mangan
蜂拥而上	fengyongershang
蜂群	fengqun
蜂蜡	fengla
蜕皮	tuipi
蜜雪儿	mixueer
蜡像	laxiang
蜡像馆	laxiangguan
蝗灾	huangzai
蝴蝶结	hudiejie
蝴蝶谷	hudiegu
蝶恋花	dielianhua
蝶泳	dieyong
融水	rongshui
融资难	rongzinan
融通	rongtong
融雪	rongxue
螺杆	luogan
蟒蛇	mangshe
蟠龙	panlong
蠡县	lixian
血丝	xuesi
血友病	xueyoubing
血吸虫	xuexichong
血吸虫病	xuexichongbing
血库	xueku
血染	xueran
血流成河	xueliuchenghe
血海	xuehai
血液病	xueyebing
血症	xuezheng
血管瘤	xueguanliu
血红素	xuehongsu
血缘	xueyuan
血肉之躯	xrzq
血路	xuelu
血迹斑斑	xuejibanban
血雨腥风	xueyuxingfeng
行为能力	xingweinengli
行事	xingshi
行使	xingshi
行刑	xingxing
行前	xingqian
行动党	xingdongdang
行动者	xingdongzhe
行劫	xingjie
行号	hanghao
行善	xingshan
行宫	xinggong
行尸	xingshi
行政公署	xingzhenggongshu
行政区	xingzhengqu
行政区域	xingzhengquyu
行政命令	xingzhengmingling
行政官	xingzhengguan
行政官员	xingzhengguanyuan
行政权	xingzhengquan
行政村	xingzhengcun
行政许可	xingzhengxuke
行政诉讼	xingzhengsusong
行政长官	xingzhengzhangguan
行政院	xingzhengyuan
行政院长	xingzhengyuanzhang
行时	xingshi
行星	xingxing
行止	xingzhi
行程表	xingchengbiao
行至	xingzhi
行船	xingchuan
行营	xingying
行规	hanggui
行路	xinglu
行辕	xingyuan
行驶	xingshi
行驶路线	xingshiluxian
街头霸王	jietoubawang
街巷	jiexiang
街景	jiejing
街机	jieji
街灯	jiedeng
衡南	hengnan
衡器	hengqi
衡山	hengshan
衡水市	hengshuishi
衡阳	hengyang
衡阳市	hengyangshi
衣物	yiwu
衣装	yizhuang
衣裤	yiku
衣食	yishi
补办	buban
补助金	buzhujin
补救措施	bujiucuoshi
补时	bushi
补益	buyi
补票	bupiao
补给线	bujixian
补语	buyu
补遗	buyi
表土	biaotu
表演艺术	biaoyanyishu
表演赛	biaoyansai
表率	biaoshuai
表示同意	biaoshitongyi
表示歉意	biaoshiqianyi
表示祝贺	biaoshizhuhe
表示遗憾	biaoshiyihan
表观	biaoguan
衷心	zhongxin
衷心感谢	zhongxinganxie
袁姗姗	yuanshanshan
袁崇焕	yuanchonghuan
袁立	yuanli
袋中	daizhong
被劫	beijie
被劫持	beijiechi
被囚	beiqiu
被子植物	beizizhiwu
被淹	beiyan
被车撞	beichezhuang
被迫辞职	beipocizhi
被遗弃	beiyiqi
袭扰	xirao
袭港	xigang
裁军	caijun
裂片	liepian
裂解	liejie
装备部	zhuangbeibu
装扮成	zhuangbancheng
装甲兵	zhuangjiabing
装甲师	zhuangjiashi
装箱	zhuangxiang
装糊涂	zhuanghutu
装船	zhuangchuan
装药	zhuangyao
装设	zhuangshe
装载机	zhuangzaiji
装配线	zhuangpeixian
装饰物	zhuangshiwu
裕民	yumin
裙装	qunzhuang
裤管	kuguan
裤腰	kuyao
裤腿	kutui
裸女	luonv
裸子植物	luozizhiwu
裸条	luotiao
裸泳	luoyong
裸眼	luoyan
裸聊	luoliao
裸胸	luoxiong
褒扬	baoyang
褫夺	chiduo
襄垣	xiangyuan
襄垣县	xiangyuanxian
襄城	xiangcheng
襄州	xiangzhou
襄樊市	xiangfanshi
襟翼	jinyi
西亚斯	xiyasi
西京	xijing
西元前	xiyuanqian
西北角	xibeijiao
西北部	xibeibu
西北风	xibeifeng
西半球	xibanqiu
西华	xihua
西华县	xihuaxian
西单	xidan
西南角	xinanjiao
西南风	xinanfeng
西厢记	xixiangji
西双版纳	xishuangbanna
西口	xikou
西吉	xiji
西向东	xixiangdong
西哈努克	xihanuke
西四	xisi
西园	xiyuan
西坡	xipo
西城区	xichengqu
西墙	xiqiang
西大街	xidajie
西天	xitian
西太平洋	xitaipingyang
西奈半岛	xinaibandao
西奥多	xiaoduo
西孟加拉邦	ximengjialabang
西宁市	xiningshi
西安事变	xianshibian
西安交通大学	xianjiaotongdaxue
西州	xizhou
西平	xiping
西拉雅	xilaya
西撒哈拉	xisahala
西林	xilin
西柏坡	xibaipo
西柏林	xibolin
西段	xiduan
西沙	xisha
西沙群岛	xishaqundao
西洋棋	xiyangqi
西海	xihai
西湖区	xihuqu
西溪	xixi
西点军校	xidianjunxiao
西王母	xiwangmu
西田	xitian
西直门	xizhimen
西站	xizhan
西端	xiduan
西经	xijing
西翼	xiyi
西营	xiying
西蒙尼	ximengni
西藏自治区	xizangzizhiqu
西语系	xiyuxi
西路	xilu
西路军	xilujun
西辽	xiliao
西里西亚	xilixiya
西长安街	xichanganjie
西陵	xiling
要关	yaoguan
要冲	yaochong
要建	yaojian
要教	yaojiao
要查	yaocha
要活	yaohuo
要试	yaoshi
覆亡	fuwang
见人	jianren
见分晓	jianfenxiao
见报	jianbao
见方	jianfang
见见	jianjian
见识	jianshi
见识一下	jianshiyixia
见诸	jianzhu
见长	jianchang
观世音	guanshiyin
观众群	guanzhongqun
观光业	guanguangye
观光局	guanguangju
观堂	guantang
观察使	guanchashi
观察团	guanchatuan
观察室	guanchashi
观察家	guanchajia
观察所	guanchasuo
观察站	guanchazhan
观星	guanxing
观景	guanjing
观测站	guancezhan
观象台	guanxiangtai
观赛	guansai
观音山	guanyinshan
观音菩萨	guanyinpusa
规划局	guihuaju
规划署	guihuashu
规划设计	guihuasheji
规约	guiyue
视之为	shizhiwei
视同	shitong
视点	shidian
视界	shijie
视神经	shishenjing
视窗	shichuang
视觉艺术	shijueyishu
视障	shizhang
视频会议	shipinhuiyi
视频网	shipinwang
觉得很有	juedehenyou
角头	jiaotou
角子	jiaozi
解不开	jiebukai
解出	jiechu
解困	jiekun
解放军报	jiefangjunbao
解放区	jiefangqu
解放思想	jiefangsixiang
解放战争	jfzz
解放报	jiefangbao
解放日报	jiefangribao
解放者	jiefangzhe
解放路	jiefanglu
解放阵线	jiefangzhenxian
解析度	jiexidu
解渴	jieke
解聘	jiepin
解除武装	jiechuwuzhuang
触法	chufa
触点	chudian
言不由衷	yanbuyouzhong
言传	yanchuan
言及	yanji
言听计从	yantingjicong
言喻	yanyu
言官	yanguan
言承旭	yanchengxu
言明	yanming
言表	yanbiao
詹宁斯	zhanningsi
誊写	tengxie
誓言	shiyan
警力	jingli
警务人员	jingwurenyuan
警务处	jingwuchu
警备区	jingbeiqu
警备队	jingbeidui
警察局长	jingchajuzhang
警察部队	jingchabudui
警戒线	jingjiexian
警报声	jingbaosheng
警政署	jingzhengshu
警民	jingmin
警用	jingyong
警监	jingjian
警花	jinghua
警视厅	jingshiting
譬喻	piyu
计划单列市	jihuadanlieshi
计划性	jihuaxing
计划案	jihuaan
计委	jiwei
计数器	jishuqi
计生委	jishengwei
计程	jicheng
计算中心	jisuanzhongxin
订定	dingding
订户	dinghu
订餐	dingcan
认不出	renbuchu
认不出来	renbuchulai
认亲	renqin
认作	renzuo
认养	renyang
讨价	taojia
讨教	taojiao
讨生活	taoshenghuo
讨要	taoyao
讨论组	taolunzu
讪笑	shanxiao
训令	xunling
训练团	xunliantuan
训练班	xunlianban
议事	yishi
议事厅	yishiting
议事日程	yishiricheng
议价	yijia
议会制	yihuizhi
议会选举	yihuixuanju
议员	yiyuan
议定书	yidingshu
议院	yiyuan
记事	jishi
记叙	jixu
记帐	jizhang
记录仪	jiluyi
记录器	jiluqi
记录在案	jiluzaian
记忆体	jiyiti
记忆卡	jiyika
记者会	jizhehui
记者证	jizhezheng
记过	jiguo
记述	jishu
讲坛	jiangtan
讲堂	jiangtang
讲清	jiangqing
讲经	jiangjing
讲解员	jiangjieyuan
讲评	jiangping
讷河	nehe
许下	xuxia
许世友	xushiyou
许先生	xuxiansheng
许冠杰	xuguanjie
许多次	xuduoci
许多种	xuduozhong
许昌市	xuchangshi
许茹芸	xuruyun
讹诈	ezha
论丛	luncong
论坛报	luntanbao
论处	lunchu
论文集	lunwenji
论说	lunshuo
论辩	lunbian
讽刺性	fengcixing
设伏	shefu
设厂	shechang
设宴	sheyan
设拉子	shelazi
设计局	shejiju
访日	fangri
访港	fanggang
访美	fangmei
访视	fangshi
访谈录	fangtanlu
访问团	fangwentuan
访问学者	fangwenxuezhe
访问期间	fangwenqijian
访问者	fangwenzhe
诀别	juebie
证交所	zhengjiaosuo
证供	zhenggong
证券报	zhengquanbao
证券日报	zhengquanribao
证券时报	zhengquanshibao
证实	zhengshi
证明文件	zhengmingwenjian
评出	pingchu
评卷	pingjuan
评委会	pingweihui
评审团	pingshentuan
评弹	pingtan
评点	pingdian
评议会	pingyihui
评论界	pinglunjie
评论者	pinglunzhe
评说	pingshuo
评量	pingliang
评鉴	pingjian
识别区	shibiequ
识别码	shibiema
识别系统	shibiexitong
识图	shitu
识字	shizi
识字率	shizilv
识时务	shishiwu
识相	shixiang
诈骗案	zhapianan
诈骗犯	zhapianfan
诈骗罪	zhapianzui
诉愿	suyuan
诉讼案	susongan
诊室	zhenshi
译制	yizhi
译员	yiyuan
译成	yicheng
译法	yifa
译码	yima
译自	yizi
译著	yizhu
试乘	shicheng
试制	shizhi
试剂	shiji
试剂盒	shijihe
试办	shiban
试机号	shijihao
试看	shikan
试算表	shisuanbiao
试管	shiguan
试管婴儿	shiguanyinger
试纸	shizhi
试航	shihang
试著	shizhu
试运营	shiyunying
试运行	shiyunxing
试金石	shijinshi
试飞员	shifeiyuan
试验区	shiyanqu
试验场	shiyanchang
试验机	shiyanji
试验田	shiyantian
诗中	shizhong
诗书	shishu
诗作	shizuo
诗话	shihua
诗选	shixuan
诗集	shiji
话剧团	huajutuan
话机	huaji
诞生地	danshengdi
诞辰	danchen
诠释	quanshi
诡计多端	guijiduoduan
该刊	gaikan
该厂	gaichang
该台	gaitai
该团	gaituan
该场	gaichang
该店	gaidian
该所	gaisuo
该报	gaibao
该机	gaiji
该村	gaicun
该条	gaitiao
该来	gailai
该段	gaiduan
该法	gaifa
该省	gaisheng
该社	gaishe
该站	gaizhan
该车	gaiche
该部	gaibu
该镇	gaizhen
该队	gaidui
该院	gaiyuan
详列	xianglie
详实	xiangshi
详情请	xiangqingqing
详文	xiangwen
详细资料	xiangxiziliao
详见	xiangjian
详谈	xiangtan
语义学	yuyixue
语出	yuchu
语态	yutai
语意	yuyi
语文学	yuwenxue
语词	yuci
语音学	yuyinxue
语音版	yuyinban
误事	wushi
误传	wuchuan
误报	wubao
误译	wuyi
误食	wushi
诱奸	youjian
诱敌	youdi
说书	shuoshu
说事	shuoshi
说定了	shuodingle
说时	shuoshi
说明会	shuominghui
说法不一	shuofabuyi
说瞎话	shuoxiahua
说穿	shuochuan
说说看	shuoshuokan
说闲话	shuoxianhua
请举手	qingjushou
请原谅	qingyuanliang
请参阅	qingcanyue
请吃	qingchi
请回到	qinghuidao
请坐下	qingzuoxia
请多关照	qingduoguanzhao
请求书	qingqiushu
请点	qingdian
请留下	qingliuxia
请示	qingshi
请等一下	qingdengyixia
请说出	qingshuochu
诸佛	zhufo
诸城	zhucheng
诸城市	zhuchengshi
诸子	zhuzi
诸将	zhujiang
诸岛	zhudao
诸州	zhuzhou
诸暨	zhuji
诸法	zhufa
诸生	zhusheng
诺伊曼	nuoyiman
诺曼人	nuomanren
诺福克	nuofuke
诺维奇	nuoweiqi
诺罗敦	nuoluodun
诺贝尔和平奖	nuobeierhepingjiang
诺贝尔文学奖	nuobeierwenxuejiang
诺鲁	nuolu
读心术	duxinshu
读者群	duzhequn
诽谤罪	feibangzui
课以	keyi
课时	keshi
课桌	kezhuo
谁他妈	sheitama
谁会想到	shuihuixiangdao
谁给我	sheigeiwo
谁能给	sheinenggei
调位	diaowei
调压	tiaoya
调幅	tiaofu
调往	diaowang
调拨	diaobo
调查团	diaochatuan
调查小组	diaochaxiaozu
调查科	diaochake
调查组	diaochazu
调查者	diaochazhe
调涨	diaozhang
调研员	diaoyanyuan
调笑	tiaoxiao
调节器	tiaojieqi
调谐	tiaoxie
调运	diaoyun
调速	tiaosu
调阅	diaoyue
谈判代表	tanpandaibiao
谈判桌	tanpanzhuo
谈婚论嫁	tanhunlunjia
谈得来	tandelai
谋害	mouhai
谋职	mouzhi
谋财害命	moucaihaiming
谍影	dieying
谍报	diebao
谎报	huangbao
谐波	xiebo
谓之	weizhi
谕令	yuling
谕旨	yuzhi
谗言	chanyan
谜样	miyang
谢家	xiejia
谢富治	xiefuzhi
谢泼德	xiepode
谢菲尔德	xiefeierde
谢长廷	xiechangting
谦和	qianhe
谭咏麟	tanyonglin
谭嗣同	tansitong
谭家	tanjia
谭震林	tanzhenlin
谷口	gukou
谷城	gucheng
谷城县	guchengxian
谷氨酸	guansuan
豁然	huoran
豆腐渣	doufuzha
豆荚	doujia
豆蔻	doukou
象山县	xiangshanxian
象牙海岸	xiangyahaian
豢养	huanyang
豪侠	haoxia
豪奢	haoshe
豪客	haoke
豪尔赫	haoerhe
豪绅	haoshen
豪言壮语	haoyanzhuangyu
豫西	yuxi
贝克尔	beikeer
贝克特	beikete
贝内特	beineite
贝勒爷	beileye
贝塞尔	beisaier
贝尔斯	beiersi
贝尔格	beierge
贝尔格莱德	beiergelaide
贝尔法斯特	beierfasite
贝尔福	beierfu
贝尔纳	beierna
贝当	beidang
贝母	beimu
贞元	zhenyuan
负债表	fuzhaibiao
负有责任	fuyouzeren
负电	fudian
负笈	fuji
负责制	fuzezhi
负面效应	fumianxiaoying
贡士	gongshi
贡献奖	gongxianjiang
财主	caizhu
财政危机	caizhengweiji
财政厅	caizhengting
财政司	caizhengsi
财政局	caizhengju
财政部门	caizhengbumen
财政预算	caizhengyusuan
财新网	caixinwang
财神爷	caishenye
财经网	caijingwang
财贸	caimao
财运	caiyun
财金	caijin
财长	caizhang
财险	caixian
责任人员	zerenrenyuan
责任制	zerenzhi
责任编辑	zerenbianji
责成	zecheng
责无旁贷	zewupangdai
责编	zebian
责问	zewen
贤人	xianren
贤妻	xianqi
贤惠	xianhui
贤明	xianming
贤能	xianneng
败局	baiju
败战	baizhan
败犬	baiquan
败血症	baixuezheng
败选	baixuan
败阵	baizhen
账款	zhangkuan
货到付款	huodaofukuan
货机	huoji
货栈	huozhan
货物运输	huowuyunshu
货运量	huoyunliang
质检	zhijian
质点	zhidian
质素	zhisu
质证	zhizheng
质谱仪	zhipuyi
贪念	tannian
贪污案	tanwuan
贪污罪	tanwuzui
贫下中农	pinxiazhongnong
贫乳	pinru
贫农	pinnong
贫困人口	pinkunrenkou
贫困县	pinkunxian
贫困家庭	pinkunjiating
贫困户	pinkunhu
贫困线	pinkunxian
贫寒	pinhan
贫弱	pinruo
贫户	pinhu
贫穷线	pinqiongxian
贬抑	bianyi
购书	goushu
购物券	gouwuquan
购物袋	gouwudai
贮备	zhubei
贯彻落实	guancheluoshi
贯注	guanzhu
贱种	jianzhong
贴息	tiexi
贵州省	guizhousheng
贵池	guichi
贵港	guigang
贵港市	guigangshi
贵贱	guijian
贵阳市	guiyangshi
贷方	daifang
贸促会	maocuhui
贸易区	maoyiqu
贸易往来	maoyiwanglai
贸易谈判	maoyitanpan
贸易部	maoyibu
贸易部长	maoyibuzhang
贸易量	maoyiliang
贸易额	maoyie
费加罗	feijialuo
费县	feixian
费孝通	feixiaotong
费尔巴哈	feierbaha
费尔干纳	feierganna
费希尔	feixier
费拉	feila
费里	feili
贺兰山	helanshan
贺岁	hesui
贺礼	heli
贻误	yiwu
贼人	zeiren
贾乃亮	jianailiang
贾庆林	jiaqinglin
贾斯丁	jiasiding
贾谊	jiayi
贾静雯	jiajingwen
资产者	zichanzhe
资兴	zixing
资助者	zizhuzhe
资料夹	ziliaojia
资料室	ziliaoshi
资本额	zibene
资格赛	zigesai
资源网	ziyuanwang
资讯中心	zixunzhongxin
资讯网	zixunwang
资金短缺	zijinduanque
赈济	zhenji
赋值	fuzhi
赋役	fuyi
赋权	fuquan
赋诗	fushi
赌债	duzhai
赌王	duwang
赌球	duqiu
赌钱	duqian
赎买	shumai
赏心	shangxin
赏花	shanghua
赏识	shangshi
赐与	ciyu
赖昌星	laichangxing
赖比瑞亚	laibiruiya
赖氨酸	laiansuan
赖清德	laiqingde
赚来	zhuanlai
赛中	saizhong
赛义德	saiyide
赛会	saihui
赛况	saikuang
赛果	saiguo
赛点	saidian
赛程表	saichengbiao
赛过	saiguo
赛迪网	saidiwang
赛马会	saimahui
赞助人	zanzhuren
赞助者	zanzhuzhe
赠礼	zengli
赠给	zenggei
赠送给	zengsonggei
赢回	yinghui
赢回来	yinghuilai
赢钱	yingqian
赣南	gannan
赣州	ganzhou
赣州市	ganzhoushi
赣榆	ganyu
赣榆县	ganyuxian
赣江	ganjiang
赤化	chihua
赤卫队	chiweidui
赤城	chicheng
赤壁市	chibishi
赤子	chizi
赤峰	chifeng
赤峰市	chifengshi
赤手空拳	chishoukongquan
赤松	chisong
赤水	chishui
赤红	chihong
赤脚	chijiao
赤膊	chibo
赤诚	chicheng
赤贫	chipin
赤道几内亚	chidaojineiya
赫塞哥	hesaige
赫尔利	heerli
赫尔岑	heercen
赫胥黎	hexuli
走回头路	zouhuitoulu
走样	zouyang
走江湖	zoujianghu
走着瞧	zouzheqiao
走秀	zouxiu
走读	zoudu
走资派	zouzipai
走过场	zouguochang
走马	zouma
走马灯	zoumadeng
赴京	fujing
赴美国	fumeiguo
赵丽颖	zhaoliying
赵子龙	zhaozilong
赵家	zhaojia
赵雅芝	zhaoyazhi
赶下台	ganxiatai
赶出来	ganchulai
赶场	ganchang
赶时髦	ganshimao
赶考	gankao
赶赴	ganfu
起义者	qiyizhe
起止	qizhi
起疑	qiyi
起眼	qiyan
起脚	qijiao
起草人	qicaoren
起誓	qishi
起重	qizhong
趁乱	chenluan
趁势	chenshi
趁火打劫	chenhuodajie
超人气	chaorenqi
超微	chaowei
超文本	chaowenben
超时空	chaoshikong
超有	chaoyou
超现实	chaoxianshi
超现实主义	chaoxianshizhuyi
超短	chaoduan
超短裙	chaoduanqun
超美	chaomei
超高压	chaogaoya
超高速	chaogaosu
超龄	chaoling
越秀	yuexiu
越秀区	yuexiuqu
越西	yuexi
越野赛	yueyesai
趋近	qujin
足下	zuxia
足交	zujiao
足协杯	zuxiebei
足底	zudi
足彩	zucai
足总杯	zuzongbei
足浴	zuyu
足球圈	zuqiuquan
足球报	zuqiubao
足球明星	zuqiumingxing
足球界	zuqiujie
足球赛事	zuqiusaishi
足疗	zuliao
足联	zulian
趾甲	zhijia
跃上	yueshang
跋扈	bahu
跌势	dieshi
跌宕	diedang
跑不动	paobudong
跟党走	gendangzou
跟帖	gentie
跟我来	genwolai
跟我走	genwozou
跟踪器	genzongqi
跨世纪	kuashiji
跨地区	kuadiqu
跨媒体	kuameiti
跨文化	kuawenhua
跨栏	kualan
跨海	kuahai
跨越式	kuayueshi
跨足	kuazu
跨进	kuajin
跨部门	kuabumen
路南	lunan
路基	luji
路政	luzheng
路易十三	luyishisan
路易士	luyishi
路易斯安那	luyisianna
路易斯安那州	luyisiannazhou
路易莎	luyisha
路桥	luqiao
路牌	lupai
路网	luwang
路透	lutou
路透社	lutoushe
跳楼自杀	tiaolouzisha
跳海	tiaohai
跳跳舞	tiaotiaowu
跳远	tiaoyuan
跳马	tiaoma
踏青	taqing
踢开	tikai
蹊径	xijing
身先士卒	shenxianshizu
身受	shenshou
身居高位	shenjugaowei
身怀	shenhuai
身教	shenjiao
躲猫猫	duomaomao
躲藏在	duocangzai
躲躲闪闪	duoduoshanshan
车号	chehao
车后	chehou
车工	chegong
车市	cheshi
车库里	chekuli
车模	chemo
车款	chekuan
车流量	cheliuliang
车牌号码	chepaihaoma
车用	cheyong
车管所	cheguansuo
车系	chexi
车船	chechuan
车车	cheche
车辆通行	cheliangtongxing
车里雅宾斯克	cheliyabinsike
轧钢	zhagang
轩尼诗	xuannishi
轩昂	xuanang
转产	zhuanchan
转制	zhuanzhi
转包	zhuanbao
转口	zhuankou
转型期	zhuanxingqi
转帖	zhuantie
转念	zhuannian
转投	zhuantou
转捩点	zhuanliedian
转播权	zhuanboquan
转机	zhuanji
转瞬	zhuanshun
转瞬间	zhuanshunjian
转矩	zhuanju
转职	zhuanzhi
转脸	zhuanlian
转角处	zhuanjiaochu
转诊	zhuanzhen
转贴	zhuantie
转轴	zhuanzhou
转运站	zhuanyunzhan
轮值	lunzhi
轮圈	lunquan
轮奸案	lunjianan
轮式	lunshi
轮渡	lundu
轮空	lunkong
轮舞	lunwu
轮训	lunxun
软件包	ruanjianbao
软件园	ruanjianyuan
软体动物	ruantidongwu
软弱无力	ruanruowuli
软木	ruanmu
软盘	ruanpan
软硬兼施	ruanyingjianshi
软膏	ruangao
软蛋	ruandan
软饮料	ruanyinliao
软骨头	ruangutou
轰出	hongchu
轰动一时	hongdongyishi
轰掉	hongdiao
轰隆隆	honglonglong
轴心	zhouxin
轴心国	zhouxinguo
轴突	zhoutu
轶事	yishi
轶闻	yiwen
轻工	qinggong
轻工业	qinggongye
轻工业部	qinggongyebu
轻忽	qinghu
轻机枪	qingjiqiang
轻武器	qingwuqi
轻纺	qingfang
轻者	qingzhe
轻装	qingzhuang
轻言	qingyan
轻骑兵	qingqibing
载入史册	zairushice
载垣	zaiyuan
载弹量	zaidanliang
载明	zaiming
载歌载舞	zaigezaiwu
载运	zaiyun
载量	zailiang
较之	jiaozhi
较常	jiaochang
辅仁	furen
辅食	fushi
辈出	beichu
辉石	huishi
辍学率	chuoxuelv
辐射量	fusheliang
辑录	jilu
输出国	shuchuguo
输变电	shubiandian
输尿管	shuniaoguan
输油	shuyou
输油管道	shuyouguandao
输精管	shujingguan
输送机	shusongji
输钱	shuqian
辖下	xiaxia
辛亥	xinhai
辛勤工作	xinqingongzuo
辛巴威	xinbawei
辛苦工作	xinkugongzuo
辛辛那提	xinxinnati
辛集	xinji
辞书	cishu
辞令	ciling
辞呈	cicheng
辞海	cihai
辞职信	cizhixin
辣子	lazi
辣椒水	lajiaoshui
辨明	bianming
辩解	bianjie
辩论会	bianlunhui
辩证唯物主义	bianzhengweiwuzhuyi
边关	bianguan
边城	biancheng
边境地区	bianjingdiqu
边境线	bianjingxian
边检	bianjian
边民	bianmin
边沟	biangou
边沿	bianyan
边界线	bianjiexian
边疆区	bianjiangqu
边防军	bianfangjun
边陲	bianchui
辽代	liaodai
辽南	liaonan
辽宁省委	liaoningshengwei
辽宁队	liaoningdui
辽沈战役	liaoshenzhanyi
辽河	liaohe
辽源	liaoyuan
辽源市	liaoyuanshi
辽西	liaoxi
辽阳市	liaoyangshi
达人秀	darenxiu
达到高潮	dadaogaochao
达县	daxian
达叔	dashu
达喀尔	dakaer
达官	daguan
达尔文主义	daerwenzhuyi
达州市	dazhoushi
达悟族	dawuzu
达意	dayi
达斡尔	dawoer
达斡尔族	dawoerzu
达沃斯	dawosi
达米安	damian
达索	dasuo
达累斯萨拉姆	daleisisalamu
达维	dawei
达能	daneng
达致	dazhi
达里奥	daliao
迁回	qianhui
迁安	qianan
迁居	qianju
迁至	qianzhi
迄今已	qijinyi
迅即	xunji
过会儿	guohuier
过劳	guolao
过半数	guobanshu
过手	guoshou
过敏症	guominzheng
过早地	guozaode
过氧化物	guoyanghuawu
过渡性	guoduxing
过渡政府	guoduzhengfu
过渡时期	guodushiqi
过电	guodian
过眼云烟	guoyanyunyan
过著	guozhu
过路费	guolufei
迎头	yingtou
迎新	yingxin
迎春	yingchun
迎送	yingsong
运价	yunjia
运动型	yundongxing
运动学	yundongxue
运动性	yundongxing
运动版	yundongban
运动队	yundongdui
运城	yuncheng
运城市	yunchengshi
运抵	yundi
运来	yunlai
运煤	yunmei
运程	yuncheng
运行图	yunxingtu
运货	yunhuo
运走	yunzou
运输业	yunshuye
运输系统	yunshuxitong
运输舰	yunshujian
运输车	yunshuche
运输部	yunshubu
运输量	yunshuliang
运进	yunjin
运量	yunliang
运钞车	yunchaoche
近东	jindong
近代化	jindaihua
近几个月	jinjigeyue
近几天	jinjitian
近千名	jinqianming
近半	jinban
近周	jinzhou
近地	jindi
近日来	jinrilai
近期内	jinqinei
近百名	jinbaiming
近程	jincheng
近郊	jinjiao
返修	fanxiu
返抵	fandi
还俗	huansu
还原剂	huanyuanji
还太早	haitaizao
还称	haicheng
还装	haizhuang
这令	zheiling
这出	zhechu
这号	zheihao
这处	zheichu
这好	zhehao
这宗	zheizong
这年	zheinian
这点儿	zhedianer
这真	zheizhen
这碗	zheiwan
这路	zheilu
这顶	zheding
进修班	jinxiuban
进击	jinji
进占	jinzhan
进口关税	jinkouguanshui
进口国	jinkouguo
进口税	jinkoushui
进口车	jinkouche
进口量	jinkouliang
进口额	jinkoue
进士	jinshi
进宫	jingong
进步党	jinbudang
进步奖	jinbujiang
进气口	jinqikou
进洞	jindong
进深	jinshen
进港	jingang
进献	jinxian
进站	jinzhan
进藏	jinzang
进谏	jinjian
进贤	jinxian
进退维谷	jintuiweigu
进餐	jincan
进香	jinxiang
远东地区	yuandongdiqu
远安县	yuananxian
远征军	yuanzhengjun
远征队	yuanzhengdui
远扬	yuanyang
远视	yuanshi
远近闻名	yuanjinwenming
远道而来	yuandaoerlai
违例	weili
违反规定	weifanguiding
违宪	weixian
违法者	weifazhe
违纪	weiji
连不上	lianbushang
连串	lianchuan
连云港	lianyungang
连云港市	lianyungangshi
连州	lianzhou
连带责任	liandaizeren
连开	liankai
连成	liancheng
连战	lianzhan
连接器	lianjieqi
连接线	lianjiexian
连日	lianri
连日来	lianrilai
连根拔起	liangenbaqi
连江县	lianjiangxian
连番	lianfan
连结	lianjie
连续不断	lianxubuduan
连绵不断	lianmianbuduan
连署	lianshu
连身	lianshen
连连看	lianliankan
连队	liandui
迟延	chiyan
迪亚斯	diyasi
迪克森	dikesen
迪纳摩	dinamo
迪迪	didi
述及	shuji
迷你裙	miniqun
迷倒	midao
迷失方向	mishifangxiang
迷彩	micai
追思	zhuisi
追究责任	zhuijiuzeren
追认	zhuiren
追讨	zhuitao
追赃	zhuizang
追赠	zhuizeng
追逃	zhuitao
退休年龄	tuixiunianling
退党	tuidang
退居二线	tuijuerxian
退席	tuixi
退役军人	tuiyijunren
退耕还林	tuigenghuanlin
退避	tuibi
退隐	tuiyin
送上门	songshangmen
送医	songyi
送客	songke
适中	shizhong
适宜	shiyi
适用	shiyong
适配器	shipeiqi
逃入	taoru
逃婚	taohun
逃票	taopiao
逃离现场	taolixianchang
逃遁	taodun
逆反	nifan
逆变器	nibianqi
选举人	xuanjuren
选举法	xuanjufa
选入	xuanru
选单	xuandan
选委会	xuanweihui
选录	xuanlu
选拔赛	xuanbasai
选派	xuanpai
选矿	xuankuang
选编	xuanbian
选育	xuanyu
选边	xuanbian
选送	xuansong
逊尼派	xunnipai
透明人	toumingren
透明性	toumingxing
透漏	toulou
透视装	toushizhuang
逐字	zhuzi
逐项	zhuxiang
逐鹿	zhulu
递解	dijie
逗我	douwo
通令	tongling
通例	tongli
通信兵	tongxinbing
通信卫星	tongxinweixing
通信部	tongxinbu
通则	tongze
通判	tongpan
通化	tonghua
通县	tongxian
通古斯	tonggusi
通史	tongshi
通城	tongcheng
通城县	tongchengxian
通山	tongshan
通山县	tongshanxian
通州区	tongzhouqu
通志	tongzhi
通政	tongzheng
通敌	tongdi
通江	tongjiang
通海	tonghai
通用版	tongyongban
通用电气	tongyongdianqi
通用电气公司	tongyongdianqigongsi
通盘	tongpan
通知单	tongzhidan
通称	tongcheng
通联	tonglian
通讯卫星	tongxunweixing
通讯社	tongxunshe
通讯网	tongxunwang
通识	tongshi
通话记录	tonghuajilu
通货膨胀率	tonghuopengzhanglv
通车	tongche
通辽市	tongliaoshi
通霄	tongxiao
通风机	tongfengji
逝世	shishi
逞英雄	chengyingxiong
速决	sujue
速报	subao
速降	sujiang
速食店	sushidian
造反派	zaofanpai
造型艺术	zaoxingyishu
造孽	zaonie
造币	zaobi
造影	zaoying
造成危害	zaochengweihai
造林	zaolin
造桥	zaoqiao
造福人类	zaofurenlei
造纸厂	zaozhichang
逮捕令	daibuling
逸动	yidong
逼使	bishi
逼婚	bihun
逼视	bishi
逾半	yuban
遂宁	suining
遂宁市	suiningshi
遂平	suiping
遂行	suixing
遇事	yushi
遇难者	yunanzhe
道德行为	daodexingwei
道德规范	daodeguifan
道旁	daopang
道琼斯	daoqiongsi
道经	daojing
道菜	daocai
道貌岸然	daomaoanran
道路交通	daolujiaotong
遗传学家	yichuanxuejia
遗像	yixiang
遗址	yizhi
遗孤	yigu
遗属	yishu
遗志	yizhi
遗族	yizu
遗毒	yidu
遗稿	yigao
遗精	yijing
遗臭万年	yichouwannian
遗赠	yizeng
遣使	qianshi
遣散费	qiansanfei
遣返回国	qianfanhuiguo
遥想	yaoxiang
遥相呼应	yaoxianghuying
遭劫	zaojie
遭批	zaopi
遭窃	zaoqie
遭绑架	zaobangjia
遭袭	zaoxi
遭逢	zaofeng
遮拦	zhelan
遮阳伞	zheyangsan
遵义	zunyi
遵义会议	zunyihuiyi
遵义市	zunyishi
遵化	zunhua
避难者	binanzhe
邀功	yaogong
邀请赛	yaoqingsai
邀集	yaoji
邓力群	dengliqun
邓子恢	dengzihui
邓州	dengzhou
邓演达	dengyanda
邓颖超	dengyingchao
邢台市	xingtaishi
那么回事	namehuishi
那也好	nayehao
那就好	najiuhao
那就是说	najiushishuo
那方	nafang
那栋	nadong
那比	nabi
那算	nasuan
那面	namian
邪恶势力	xieeshili
邪教组织	xiejiaozuzhi
邪说	xieshuo
邮储	youchu
邮政储蓄	youzhengchuxu
邮政编码	youzhengbianma
邮电	youdian
邮电局	youdianju
邮电部	youdianbu
邮资	youzi
邯郸市	handanshi
邱少云	qiushaoyun
邱淑贞	qiushuzhen
邵武	shaowu
邵氏	shaoshi
邵阳	shaoyang
邵阳市	shaoyangshi
邹家华	zoujiahua
邹平	zouping
邹韬奋	zoutaofen
邻人	linren
邻座	linzuo
邻舍	linshe
邻邦	linbang
郁达夫	yudafu
郁郁	yuyu
郊野	jiaoye
郏县	jiaxian
郑家	zhengjia
郑州市	zhengzhoushi
郑振铎	zhengzhenduo
郑文灿	zhengwencan
郑秀文	zhengxiuwen
郓城	yuncheng
郓城县	yunchengxian
郡守	junshou
郢州	yingzhou
郧县	yunxian
郧西县	yunxixian
郧阳	yunyang
部党组	budangzu
部级	buji
部里	buli
部长会议	buzhanghuiyi
部长级	buzhangji
部际	buji
部首	bushou
郫县	pixian
郭台铭	guotaiming
郭子仪	guoziyi
郭美美	guomeimei
郭采洁	guocaijie
郴州	chenzhou
郴州市	chenzhoushi
都察院	duchayuan
都市人	dushiren
都市化	dushihua
都市报	dushibao
都市生活	dushishenghuo
都护府	duhufu
都江堰	dujiangyan
都江堰市	dujiangyanshi
都督府	dudufu
都统	dutong
郾城	yancheng
鄂东	edong
鄂伦春	elunchun
鄂尔多斯	eerduosi
鄂尔多斯市	eerduosishi
鄂州	ezhou
鄂州市	ezhoushi
鄂温克	ewenke
鄂豫皖	eyuwan
鄄城	juancheng
鄞县	yinxian
鄢陵	yanling
鄯善	shanshan
鄱阳	poyang
酉阳	youyang
酋长国	qiuzhangguo
配位	peiwei
配发	peifa
配属	peishu
配搭	peida
配殿	peidian
配电	peidian
配药	peiyao
酒井	jiujing
酒品	jiupin
酒器	jiuqi
酒宴	jiuyan
酒桶	jiutong
酒泉市	jiuquanshi
酒瘾	jiuyin
酒精中毒	jiujingzhongdu
酒肉	jiurou
酒色	jiuse
酥饼	subing
酰胺	xianan
酱味	jiangwei
酷暑	kushu
酷毙了	kubile
酷派	kupai
酸中毒	suanzhongdu
酸梅	suanmei
酸溜溜	suanliuliu
酸碱	suanjian
酸碱度	suanjiandu
酸雨	suanyu
醉汉	zuihan
醋酸	cusuan
醴陵	liling
采取任何	caiqurenhe
采取有效	caiquyouxiao
采收	caishou
采暖	cainuan
采煤	caimei
采矿业	caikuangye
采编	caibian
采茶	caicha
采行	caixing
采选	caixuan
采食	caishi
释义	shiyi
释法	shifa
里亚尔	liyaer
里克	like
里兹	lizi
里卡多	likaduo
里庄	lizhuang
里弄	lilong
里约热内卢	liyuereneilu
里维拉	liweila
里耶夫	liyefu
重于	zhongyu
重光	chongguang
重刑	zhongxing
重判	zhongpan
重力场	zhonglichang
重印	chongyin
重唱	chongchang
重地	zhongdi
重型机械	zhongxingjixie
重大意义	zhongdayiyi
重大损失	zhongdasunshi
重大新闻	zhongdaxinwen
重大案件	zhongdaanjian
重大胜利	zhongdashengli
重大贡献	zhongdagongxian
重大进展	zhongdajinzhan
重夺	chongduo
重奖	zhongjiang
重建家园	chongjianjiayuan
重托	zhongtuo
重挫	zhongcuo
重新做人	chongxinzuoren
重新命名	chongxinmingming
重机	zhongji
重机枪	zhongjiqiang
重武器	zhongwuqi
重水	zhongshui
重油	zhongyou
重点保护	zhongdianbaohu
重燃	chongran
重特大	zhongteda
重疾	zhongji
重税	zhongshui
重编	chongbian
重要讲话	zhongyaojianghua
重要途径	zhongyaotujing
重负	zhongfu
重赛	chongsai
重达	zhongda
重阳节	chongyangjie
野战军	yezhanjun
野战医院	yezhanyiyuan
野战炮	yezhanpao
野百合	yebaihe
野鸟	yeniao
量值	liangzhi
量具	liangju
量级	liangji
金三角	jinsanjiao
金丝猴	jinsihou
金丹	jindan
金乡	jinxiang
金井	jinjing
金元宝	jinyuanbao
金兰	jinlan
金凤凰	jinfenghuang
金刚经	jingangjing
金刚钻	jingangzuan
金华市	jinhuashi
金圆券	jinyuanquan
金坛	jintan
金城	jincheng
金堂	jintang
金大中	jindazhong
金家	jinjia
金属元素	jinshuyuansu
金属制品	jinshuzhipin
金山区	jinshanqu
金岸	jinan
金斯敦	jinsidun
金斯顿	jinsidun
金日成	jinricheng
金昌	jinchang
金枪	jinqiang
金桥	jinqiao
金榜	jinbang
金榜题名	jinbangtiming
金正恩	jinzhengen
金殿	jindian
金毛	jinmao
金氏	jinshi
金沙	jinsha
金沙江	jinshajiang
金沙萨	jinshasa
金泳三	jinyongsan
金浦	jinpu
金海岸	jinhaian
金源	jinyuan
金溪	jinxi
金牙	jinya
金砖	jinzhuan
金碧辉煌	jinbihuihuang
金秀贤	jinxiuxian
金管会	jinguanhui
金管局	jinguanju
金粉	jinfen
金蝶	jindie
金融家	jinrongjia
金融系	jinrongxi
金质	jinzhi
金轮	jinlun
金针	jinzhen
金钟国	jinzhongguo
金钥匙	jinyaoshi
金钱豹	jinqianbao
金钻	jinzuan
金银岛	jinyindao
金门县	jinmenxian
金顶	jinding
金领	jinling
金饰	jinshi
金鸡	jinji
金鹰	jinying
金龙	jinlong
鉴真	jianzhen
针叶	zhenye
针状	zhenzhuang
针砭	zhenbian
钉子户	dingzihu
钓竿	diaogan
钓鱼台	diaoyutai
钓鱼岛	diaoyudao
钝化	dunhua
钟乳石	zhongrushi
钟塔	zhongta
钟意	zhongyi
钟祥市	zhongxiangshi
钟鼓楼	zhonggulou
钢丝绳	gangsisheng
钢制	gangzhi
钢厂	gangchang
钢圈	gangquan
钢架	gangjia
钢梁	gangliang
钢珠	gangzhu
钢索	gangsuo
钢缆	ganglan
钢背	gangbei
钢质	gangzhi
钢轨	ganggui
钢铁厂	gangtiechang
钦州	qinzhou
钦差	qinchai
钦差大臣	qinchaidachen
钱伯斯	qianbosi
钱其琛	qianqichen
钱塘	qiantang
钱塘江	qiantangjiang
钱德拉	qiandela
钱柜	qiangui
钱江	qianjiang
钱谦益	qianqianyi
钳制	qianzhi
钻入	zuanru
钻头	zuantou
钻机	zuanji
铁人三项	tierensanxiang
铁厂	tiechang
铁合金	tiehejin
铁娘子	tieniangzi
铁山	tieshan
铁岭	tieling
铁岭市	tielingshi
铁打	tieda
铁柱	tiezhu
铁棍	tiegun
铁汉	tiehan
铁牛	tieniu
铁环	tiehuan
铁石心肠	tieshixinchang
铁票	tiepiao
铁窗	tiechuang
铁笼	tielong
铁管	tieguan
铁路局	tieluju
铁路桥	tieluqiao
铁路线	tieluxian
铁路网	tieluwang
铁通	tietong
铁道兵	tiedaobing
铁道部	tiedaobu
铁锈	tiexiu
铁闸	tiezha
铁面无私	tiemianwusi
铁饼	tiebing
铁马	tiema
铜仁	tongren
铜制	tongzhi
铜墙铁壁	tongqiangtiebi
铜奖	tongjiang
铜山	tongshan
铜川市	tongchuanshi
铜线	tongxian
铜质	tongzhi
铜陵	tongling
铜陵市	tonglingshi
铜鼓	tonggu
铣床	xichuang
铭记在心	mingjizaixin
银圆	yinyuan
银奖	yinjiang
银屑病	yinxiebing
银山	yinshan
银川市	yinchuanshi
银弹	yindan
银时	yinshi
银杏	yinxing
银杏树	yinxingshu
银泰	yintai
银白色	yinbaise
银矿	yinkuang
银行业务	yhyw
银行行长	yinhanghangzhang
银质	yinzhi
银针	yinzhen
银锭	yinding
银鱼	yinyu
铸件	zhujian
铸造厂	zhuzaochang
铺平	puping
铺张	puzhang
铺张浪费	puzhanglangfei
铺盖	pugai
铺轨	pugui
链式	lianshi
链球菌	lianqiujun
链结	lianjie
铿锵	kengqiang
铿锵有力	kengqiangyouli
销售商	xiaoshoushang
销售部	xiaoshoubu
锁上	suoshang
锁国	suoguo
锅炉房	guolufang
锆石	gaoshi
锈病	xiubing
锋锐	fengrui
锐意	ruiyi
锒铛入狱	langdangruyu
错案	cuoan
错爱	cuoai
错综	cuozong
错误信息	cuowuxinxi
锡伯族	xibozu
锡克教	xikejiao
锡尔河	xierhe
锡林郭勒	xilinguole
锡林郭勒盟	xilinguolemeng
锡矿	xikuang
锣鼓	luogu
锦城	jincheng
锦屏	jinping
锦州市	jinzhoushi
锦江	jinjiang
锦纶	jinlun
键鼠	jianshu
锻压	duanya
镇区	zhenqu
镇宁	zhenning
镇安	zhenan
镇平	zhenping
镇政府	zhenzhengfu
镇江市	zhenjiangshi
镇海	zhenhai
镇远	zhenyuan
镇魂	zhenhun
镌刻	juanke
镖局	biaoju
镶黄旗	xianghuangqi
长不大	zhangbuda
长丰	changfeng
长乐市	changleshi
长住	zhangzhu
长信	changxin
长兄	zhangxiong
长刀	changdao
长到	zhangdao
长卷	changjuan
长史	zhangshi
长吁	changxu
长垣	changyuan
长孙	zhangsun
长宁	changning
长宁区	changningqu
长安区	changanqu
长宽	changkuan
长山	changshan
长庆	changqing
长春亚泰	changchunyatai
长春市	changchunshi
长汀	changting
长江三峡	changjiangsanxia
长江大桥	changjiangdaqiao
长沙县	changshaxian
长沙市	changshashi
长治久安	changzhijiuan
长治市	changzhishi
长波	changbo
长湖	changhu
长白	changbai
长石	changshi
长编	changbian
长老会	zhanglaohui
长臂	changbi
长臂猿	changbiyuan
长荣	changrong
长诗	changshi
长足	changzu
长辛店	changxindian
长途汽车	changtuqiche
长途车	changtuche
长野县	changyexian
长队	changdui
长青	changqing
长顺	changshun
长风	changfeng
长驱直入	changquzhiru
门人	menren
门内	mennei
门头沟	mentougou
门头沟区	mentougouqu
门市	menshi
门市部	menshibu
门德斯	mendesi
门楣	menmei
门楼	menlou
门洞	mendong
门神	menshen
门第	mendi
门诊部	menzhenbu
门边	menbian
闪光弹	shanguangdan
闪动	shandong
闪婚	shanhun
闪灯	shandeng
闪电战	shandianzhan
闪躲	shanduo
闪闪发亮	shanshanfaliang
闭上嘴	bishangzui
闭关自守	biguanzishou
闭幕式	bimushi
闭门羹	bimengeng
问与答	wenyuda
问个问题	wengewenti
问政	wenzheng
问津	wenjin
问罪	wenzui
问责制	wenzezhi
闯王	chuangwang
闲事	xianshi
闲人	xianren
闲居	xianju
闲得	xiande
闲心	xianxin
闲散	xiansan
闲时	xianshi
闲暇	xianxia
闲适	xianshi
间作	jianzuo
间或	jianhuo
间接	jianjie
间断	jianduan
闵行区	minhangqu
闷死	mensi
闷闷不乐	menmenbule
闸北	zhabei
闸北区	zhabeiqu
闸口	zhakou
闹着玩	naozhewan
闹革命	naogeming
闻一多	wenyiduo
闻名遐迩	wenmingxiaer
闻喜县	wenxixian
闽东	mindong
闽侯	minhou
闽侯县	minhouxian
闽南话	minnanhua
闽江	minjiang
闽浙	minzhe
闽清	minqing
阅兵式	yuebingshi
阅览室	yuelanshi
阉党	yandang
阎罗王	yanluowang
阐发	chanfa
阔别	kuobie
阔叶	kuoye
阔叶林	kuoyelin
阔步	kuobu
阜新市	fuxinshi
阜阳市	fuyangshi
队名	duiming
阮成发	ruanchengfa
防制	fangzhi
防化	fanghua
防区	fangqu
防卫厅	fangweiting
防城港	fangchenggang
防寒	fanghan
防尘	fangchen
防弹衣	fangdanyi
防患于未然	fanghuanyuweiran
防护服	fanghufu
防护林	fanghulin
防护网	fanghuwang
防护罩	fanghuzhao
防撞	fangzhuang
防暴警察	fangbaojingcha
防毒面具	fangdumianju
防汛	fangxun
防治	fangzhi
防治法	fangzhifa
防波堤	fangbodi
防洪	fanghong
防病	fangbing
防范措施	fangfancuoshi
防辐射	fangfushe
防锁	fangsuo
防雷	fanglei
防震	fangzhen
阳伞	yangsan
阳信	yangxin
阳光普照	yangguangpuzhao
阳光灿烂	yangguangcanlan
阳城	yangcheng
阳子	yangzi
阳新	yangxin
阳新县	yangxinxian
阳江市	yangjiangshi
阳泉	yangquan
阳泉市	yangquanshi
阳谷	yanggu
阳谷县	yangguxian
阴宅	yinzhai
阴山	yinshan
阴柔	yinrou
阴湿	yinshi
阴离子	yinlizi
阴谋家	yinmoujia
阴风	yinfeng
阴魂不散	yinhunbusan
阵势	zhenshi
阶下囚	jiexiaqiu
阶梯式	jietishi
阶级性	jiejixing
阻扰	zurao
阻绝	zujue
阿伯丁	aboding
阿克拉	akela
阿克苏	akesu
阿列克谢	aliekexie
阿勒泰	aletai
阿勒颇	alepo
阿卡德	akade
阿坝县	abaxian
阿基米德	ajimide
阿基诺	ajinuo
阿塞拜疆	asaibaijiang
阿姆斯特丹	amusitedan
阿姆河	amuhe
阿富汗人	afuhanren
阿尔卑斯山	aerbeisishan
阿尔卑斯山脉	aerbeisishanmai
阿尔及利亚	aerjiliya
阿尔巴尼亚	aerbaniya
阿尔斯通	aersitong
阿尔泰	aertai
阿尔泰山	aertaishan
阿巴斯	abasi
阿布哈兹	abuhazi
阿强	aqiang
阿拉伯半岛	alabobandao
阿拉伯海	alabohai
阿拉伯联合酋长国	alabolianheqiuzhangguo
阿拉善	alashan
阿拉善盟	alashanmeng
阿拉巴马州	alabamazhou
阿拉斯加州	alasijiazhou
阿拉木图	alamutu
阿拔斯	abasi
阿提卡	atika
阿斯塔纳	asitana
阿斯顿	asidun
阿比让	abirang
阿灵顿	alingdun
阿炳	abing
阿留申	aliushen
阿罗约	aluoyue
阿育王	ayuwang
阿萨姆	asamu
阿萨德	asade
阿里地区	alidiqu
阿里山	alishan
阿里斯	alisi
阿里郎	alilang
阿难	anan
阿鲁巴	aluba
附中	fuzhong
附加税	fujiashui
附加费	fujiafei
附属物	fushuwu
际遇	jiyu
陆丰	lufeng
陆克文	lukewen
陆军大学	lujundaxue
陆基	luji
陆委会	luweihui
陆战	luzhan
陆桥	luqiao
陆海	luhai
陆海军	luhaijun
陆空	lukong
陆航	luhang
陆运	luyun
陇东	longdong
陇南	longnan
陇县	longxian
陇右	longyou
陇海铁路	longhaitielu
陈丹青	chendanqing
陈乔恩	chenqiaoen
陈仓	chencang
陈伟霆	chenweiting
陈伯达	chenboda
陈光诚	chenguangcheng
陈冲	chenchong
陈列室	chenlieshi
陈列馆	chenlieguan
陈嘉庚	chenjiageng
陈坤	chenkun
陈小春	chenxiaochun
陈慧琳	chenhuilin
陈水扁	chenshuibian
陈炯明	chenjiongming
陈良宇	chenliangyu
陈规	chengui
降脂	jiangzhi
降血脂	jiangxuezhi
降费	jiangfei
降魔	xiangmo
限令	xianling
限值	xianzhi
限制级	xianzhiji
限时	xianshi
限界	xianjie
限行	xianxing
陕南	shannan
陕县	shanxian
陕甘宁	shanganning
陕甘宁边区	shanganningbianqu
院中	yuanzhong
院墙	yuanqiang
院所	yuansuo
院落	yuanluo
除中	chuzhong
除夕夜	chuxiye
除尘	chuchen
除役	chuyi
除恶	chue
除有	chuyou
除湿	chushi
除虫	chuchong
除虫菊	chuchongju
陨石坑	yunshikeng
险情	xianqing
陪你去	peiniqu
陪你走	peinizou
陪审	peishen
陪审员	peishenyuan
陪葬品	peizangpin
陵县	lingxian
陵园	lingyuan
陵寝	lingqin
陵水	lingshui
陶冶	taoye
陶土	taotu
陶片	taopian
陶罐	taoguan
陶行知	taoxingzhi
陶铸	taozhu
陷入僵局	xianrujiangju
隆冬	longdong
隆安	longan
隆庆	longqing
隆恩	longen
隆昌	longchang
隆胸	longxiong
隆重举行	longzhongjuxing
隋代	suidai
隋开皇	suikaihuang
隋文帝	suiwendi
隋末	suimo
随同	suitong
随喜	suixi
随州	suizhou
随州市	suizhoushi
随想	suixiang
随意性	suiyixing
随扈	suihu
随车	suiche
随风飘	suifengpiao
隐性	yinxing
隐现	yinxian
隐藏式	yincangshi
隔墙	geqiang
隔年	genian
隔日	geri
隔离区	geliqu
隘口	aikou
障眼法	zhangyanfa
障碍者	zhangaizhe
难以相信	nanyixiangxin
难以预料	nanyiyuliao
难兄难弟	nanxiongnandi
难友	nanyou
难当	nandang
难得一见	nandeyijian
难民潮	nanminchao
难民署	nanminshu
难者	nanzhe
难耐	nannai
难觅	nanmi
雁门	yanmen
雄安	xiongan
雄浑	xionghun
雄蕊	xiongrui
雄踞	xiongju
雄辩	xiongbian
雄霸	xiongba
雅丽	yali
雅乐	yayue
雅士	yashi
雅安	yaan
雅安市	yaanshi
雅尔塔	yaerta
雅拉	yala
雅温得	yawende
雅美	yamei
雅量	yaliang
雅鲁藏布江	yaluzangbujiang
集中化	jizhonghua
集中区	jizhongqu
集中式	jizhongshi
集会游行	jihuiyouxing
集体化	jitihua
集体经济	jitijingji
集刊	jikan
集合论	jihelun
集团股份	jituangufen
集市	jishi
集散	jisan
集束	jishu
集水	jishui
集约	jiyue
集约化	jiyuehua
集齐	jiqi
雇佣军	guyongjun
雇请	guqing
雌花	cihua
雌蕊	cirui
雍和宫	yonghegong
雍州	yongzhou
雏鸟	chuniao
雕塑家	diaosujia
雕版	diaoban
雨势	yushi
雨后春笋	yuhouchunsun
雨声	yusheng
雨衣	yuyi
雨过天晴	yuguotianqing
雨雾	yuwu
雪原	xueyuan
雪城	xuecheng
雪菜	xuecai
零八	lingba
零售额	lingshoue
零时	lingshi
零组件	lingzujian
零落	lingluo
零距离	lingjuli
零配件	lingpeijian
零陵	lingling
雷亚尔	leiyaer
雷劈	leipi
雷山	leishan
雷州	leizhou
雷州市	leizhoushi
雷蒙	leimeng
雷诺兹	leinuozi
雷达站	leidazhan
雷锋精神	leifengjingshen
雷阵雨	leizhenyu
雷鸟	leiniao
需时	xushi
需用	xuyong
需要量	xuyaoliang
震中	zhenzhong
震区	zhenqu
震后	zhenhou
震天	zhentian
震惊全国	zhenjingquanguo
震感	zhengan
震撼力	zhenhanli
震波	zhenbo
震源	zhenyuan
霍姆斯	huomusi
霍尼韦尔	huoniweier
霍普金斯	huopujinsi
霍梅尼	huomeini
霍都	huodou
霎时	shashi
霜冻	shuangdong
霜花	shuanghua
霞光	xiaguang
霰弹	xiandan
露天矿	lutiankuang
露头	loutou
露珠	luzhu
霸州	bazhou
青丝	qingsi
青云	qingyun
青光	qingguang
青冈	qinggang
青县	qingxian
青城山	qingchengshan
青天白日	qingtianbairi
青岛市	qingdaoshi
青州	qingzhou
青年党	qingniandang
青年团	qingniantuan
青年报	qingnianbao
青年教师	qingnianjiaoshi
青年节	qingnianjie
青梅	qingmei
青浦	qingpu
青海省	qinghaisheng
青田	qingtian
青石	qingshi
青砖	qingzhuan
青苗	qingmiao
青苹果	qingpingguo
青藏	qingzang
青藏铁路	qingzangtielu
青蜂	qingfeng
青衣	qingyi
青金石	qingjinshi
青铜峡	qingtongxia
青阳	qingyang
青鱼	qingyu
靖国神社	jingguoshenshe
靖安	jingan
靖康	jingkang
靖边	jingbian
靖远	jingyuan
静冈县	jinggangxian
静力	jingli
静宁	jingning
静安	jingan
静安区	jinganqu
静止	jingzhi
静海	jinghai
静置	jingzhi
静脉曲张	jingmaiquzhang
静观	jingguan
非人类	feirenlei
非传统	feichuantong
非公	feigong
非公有制	feigongyouzhi
非军事区	feijunshiqu
非农	feinong
非农业	feinongye
非同	feitong
非同一般	feitongyiban
非国大	feiguoda
非战斗	feizhandou
非政治性	feizhengzhixing
非机动车	feijidongche
非核	feihe
非正规	feizhenggui
非比寻常	feibixunchang
非法拘禁	feifajujin
非法组织	feifazuzhi
非法行为	feifaxingwei
非洲地区	feizhoudiqu
非洲联盟	feizhoulianmeng
非礼	feili
非营利性	feiyinglixing
非西方	feixifang
非金属	feijinshu
非银行	feiyinhang
非难	feinan
非黑	feihei
靠窗	kaochuang
靠边站	kaobianzhan
面壁	mianbi
面市	mianshi
面带笑容	miandaixiaorong
面授	mianshou
面粉厂	mianfenchang
面纸	mianzhi
面见	mianjian
面露	mianlu
革命先烈	gemingxianlie
革命党	gemingdang
革命军	gemingjun
革命化	geminghua
革命战争	gemingzhanzheng
革命派	gemingpai
革命烈士	geminglieshi
革委会	geweihui
鞋帽	xiemao
鞋袜	xiewa
鞍山	anshan
鞍山市	anshanshi
鞍钢	angang
鞑靼人	dadaren
鞭刑	bianxing
鞭毛	bianmao
韦拉克鲁斯	weilakelusi
韦氏	weishi
韧性	renxing
韩元	hanyuan
韩国政府	hanguozhengfu
韩媒	hanmei
韩币	hanbi
韩方	hanfang
韩日	hanri
韩星	hanxing
韩江	hanjiang
韩流	hanliu
韩版	hanban
韩美	hanmei
韩联社	hanlianshe
韩裔	hanyi
韬光养晦	taoguangyanghui
音乐季	yinyueji
音乐学	yinyuexue
音乐学校	yinyuexuexiao
音乐榜	yinyuebang
音乐盒	yinyuehe
音乐系	yinyuexi
音乐节目	yinyuejiemu
音响	yinxiang
音箱	yinxiang
音韵学	yinyunxue
韶关市	shaoguanshi
页岩	yeyan
顶板	dingban
顶棚	dingpeng
顶盖	dinggai
项城	xiangcheng
项英	xiangying
顺义区	shunyiqu
顺产	shunchan
顺境	shunjing
顺天	shuntian
顺帝	shundi
顺平	shunping
顺德区	shundequ
顺手牵羊	shunshouqianyang
顺服	shunfu
顺民	shunmin
顺流	shunliu
顺流而下	shunliuerxia
顺耳	shuner
顺遂	shunsui
须弥座	xumizuo
顾忌	guji
顾念	gunian
顾炎武	guyanwu
顾维钧	guweijun
顾问团	guwentuan
顾颉刚	gujiegang
顿河	dunhe
顿涅茨克	dunniecike
顿饭	dunfan
颁奖仪式	banjiangyishi
颁行	banxing
颁证	banzheng
颁赠	banzeng
预产期	yuchanqi
预付卡	yufuka
预备役	yubeiyi
预应力	yuyingli
预科班	yukeban
预算内	yusuannei
预算案	yusuanan
预见性	yujianxing
预警机	yujingji
预警系统	yujingxitong
预防性	yufangxing
预防措施	yfcs
预防针	yufangzhen
领先者	lingxianzhe
领土完整	lingtuwanzheng
领导人员	lingdaorenyuan
领导小组	lingdaoxiaozu
领导权	lingdaoquan
领导核心	lingdaohexin
领导班子	ldbz
领导集体	lingdaojiti
领海	linghai
领航	linghang
领花	linghua
领衔主演	lingxianzhuyan
领走	lingzou
领路	linglu
领馆	lingguan
颇深	poshen
频仍	pinreng
频带	pindai
颗粒	keli
颗粒状	kelizhuang
题量	tiliang
额定	eding
额尔古纳	eerguna
额尔齐斯河	eerqisihe
额敏县	eminxian
额济纳旗	ejinaqi
颞叶	nieye
颠倒是非	diandaoshifei
风云榜	fengyunbang
风儿	fenger
风冷	fengleng
风凉话	fenglianghua
风声鹤唳	fengshengheli
风景如画	fengjingruhua
风景画	fengjinghua
风景线	fengjingxian
风暴潮	fengbaochao
风湿病	fengshibing
风灾	fengzai
风物	fengwu
风箱	fengxiang
风纪	fengji
风致	fengzhi
风色	fengse
风雨交加	fengyujiaojia
风霜	fengshuang
风马牛不相及	fengmaniubuxiangji
飘然	piaoran
飘落	piaoluo
飘雪	piaoxue
飘香	piaoxiang
飞云	feiyun
飞入	feiru
飞地	feidi
飞抵	feidi
飞涨	feizhang
飞瀑	feipu
飞狐	feihu
飞离	feili
飞禽	feiqin
飞航	feihang
飞虎	feihu
飞行队	feixingdui
飞马	feima
食人族	shirenzu
食人鱼	shirenyu
食品厂	shipinchang
食品工业	shipingongye
食品店	shipindian
食品药品	shipinyaopin
食性	shixing
食指	shizhi
食油	shiyou
食用	shiyong
食用菌	shiyongjun
食盐	shiyan
食管	shiguan
食者	shizhe
食药监	shiyaojian
飨宴	xiangyan
餐点	candian
饥馑	jijin
饭庄	fanzhuang
饭票	fanpiao
饮片	yinpian
饮食业	yinshiye
饰演	shiyan
饰物	shiwu
饰面	shimian
饲主	sizhu
饲养员	siyangyuan
饲育	siyu
饵料	erliao
饶平	raoping
饶平县	raopingxian
饶舌歌	raoshege
饼子	bingzi
馆舍	guanshe
首倡	shouchang
首办	shouban
首台	shoutai
首夺	shouduo
首季	shouji
首尾	shouwei
首席法官	shouxifaguan
首开	shoukai
首张	shouzhang
首映礼	shouyingli
首条	shoutiao
首枚	shoumei
首架	shoujia
首演	shouyan
首版	shouban
首球	shouqiu
首相府	shouxiangfu
首肯	shouken
首脑会议	shounaohuiyi
首航	shouhang
首艘	shousou
首见	shoujian
首诗	shoushi
首辅	shoufu
首都医科大学	shouduyikedaxue
首都师范大学	shoudushifandaxue
首钢	shougang
首集	shouji
香亭	xiangting
香格里拉	xianggelila
香气	xiangqi
香江	xiangjiang
香河	xianghe
香港回归	xiangganghuigui
香港地区	xianggangdiqu
香港特区	xianggangtequ
香港站	xianggangzhan
香炉	xianglu
香花	xianghua
香香	xiangxiang
马丁内斯	madingneisi
马丁路德	madinglude
马上会	mashanghui
马会	mahui
马克思主义	makesizhuyi
马六甲	maliujia
马兰	malan
马关	maguan
马其顿人	maqidunren
马凯	makai
马列	malie
马列主义	maliezhuyi
马叙伦	maxulun
马哈拉施特拉邦	mahalashitelabang
马哈迪	mahadi
马寅初	mayinchu
马尔萨斯	maersasi
马州	mazhou
马德拉	madela
马恩省	maensheng
马托格罗索州	matuogeluosuozhou
马拉加	malajia
马拉松赛	malasongsai
马拉维	malawei
马提尼克	matinike
马斯洛	masiluo
马来亚	malaiya
马来人	malairen
马来半岛	malaibandao
马来语	malaiyu
马格里布	magelibu
马王堆	mawangdui
马祖	mazu
马绍尔群岛	mashaoerqundao
马航	mahang
马英九	mayingjiu
马萨诸塞	masazhusai
马萨诸塞州	masazhusaizhou
马蒂斯	madisi
马贼	mazei
马赫迪	mahedi
马达加斯加	madajiasijia
马道	madao
马里	mali
马里亚纳	maliyana
马队	madui
马鞍	maan
马鞍山	maanshan
马鞍山市	maanshanshi
马驹	maju
驯兽师	xunshoushi
驰援	chiyuan
驱动程序	qudongchengxu
驱逐出境	quzhuchujing
驶入	shiru
驶进	shijin
驻京办	zhujingban
驻华	zhuhua
驻华大使	zhuhuadashi
驻外	zhuwai
驻屯	zhutun
驻港	zhugang
驻点	zhudian
驻美	zhumei
驻马店	zhumadian
驾机	jiaji
驾驶座	jiashizuo
驿道	yidao
骁骑	xiaoqi
骄横	jiaoheng
验票	yanpiao
骑乘	qicheng
骑兵团	qibingtuan
骑单车	qidanche
骑士	qishi
骑士队	qishidui
骑师	qishi
骑着马	qizhema
骗走	pianzou
骚女	saonv
骚扰电话	saoraodianhua
骚浪	saolang
骚逼	saobi
骠骑	piaoqi
骤减	zhoujian
骤增	zhouzeng
骨质疏松症	guzhishusongzheng
骨骸	guhai
骨髓移植	gusuiyizhi
高中学生	gaozhongxuesheng
高低杠	gaodigang
高冈	gaogang
高凌风	gaolingfeng
高卢人	gaoluren
高压电	gaoyadian
高压线	gaoyaxian
高原区	gaoyuanqu
高呼口号	gaohukouhao
高密	gaomi
高射	gaoshe
高小	gaoxiao
高层建筑	gaocengjianzhu
高山族	gaoshanzu
高峰会	gaofenghui
高峰论坛	gaofengluntan
高州	gaozhou
高差	gaocha
高市	gaoshi
高开	gaokai
高扬	gaoyang
高挂	gaogua
高挑	gaotiao
高效能	gaoxiaoneng
高教	gaojiao
高新区	gaoxinqu
高校学生	gaoxiaoxuesheng
高污染	gaowuran
高淳	gaochun
高潮时	gaochaoshi
高潮迭起	gaochaodieqi
高炮	gaopao
高科	gaoke
高级专员	gaojizhuanyuan
高级中学	gaojizhongxue
高级官员	gaojiguanyuan
高级干部	gaojiganbu
高纬	gaowei
高纬度	gaoweidu
高者	gaozhe
高能量	gaonengliang
高脚	gaojiao
高论	gaolun
高质	gaozhi
高速公路网	gaosugongluwang
高速度	gaosudu
高速铁路	gaosutielu
高限	gaoxian
高陵	gaoling
高难	gaonan
高雄县	gaoxiongxian
高雄市	gaoxiongshi
高雄港	gaoxionggang
高露洁	gaolujie
鬃毛	zongmao
鬼王	guiwang
鬼节	guijie
鬼鬼	guigui
鬼魅	guimei
魏县	weixian
魏征	weizheng
魏玛	weima
魔剑	mojian
魔导	modao
魔龙	molong
鱼卵	yuluan
鱼死网破	yusiwangpo
鱼眼	yuyan
鱼种	yuzhong
鱼线	yuxian
鱼肝油	yuganyou
鱼苗	yumiao
鱼贩	yufan
鱼雷艇	yuleiting
鱼鹰	yuying
鱼龙	yulong
鲁南	lunan
鲁昂	luang
鲁本斯	lubensi
鲁滨逊	lubinxun
鲁甸	ludian
鲁甸县	ludianxian
鲁能泰山	lunengtaishan
鲁豫有约	luyuyouyue
鲁邦	lubang
鲍尔默	baoermo
鲍德温	baodewen
鲍罗廷	baoluoting
鲜味	xianwei
鲜红色	xianhongse
鲜鱼	xianyu
鲤科	like
鲫鱼	jiyu
鸟兽	niaoshou
鸟瞰	niaokan
鸟瞰图	niaokantu
鸟蛋	niaodan
鸟语	niaoyu
鸟语花香	niaoyuhuaxiang
鸡皮	jipi
鸡西市	jixishi
鸢尾	yuanwei
鸣响	mingxiang
鸬鹚	luci
鸿雁	hongyan
鹤壁市	hebishi
鹤岗	hegang
鹤岗市	hegangshi
鹤峰	hefeng
鹤峰县	hefengxian
鹦鹉螺	yingwuluo
鹰击	yingji
鹰爪	yingzhao
鹰犬	yingquan
鹿儿岛	luerdao
鹿皮	lupi
鹿角	lujiao
麦卡锡	maikaxi
麦卡锡主义	maikaxizhuyi
麦地那	maidina
麦穗	maisui
麦苗	maimiao
麦角	maijiao
麦金塔	maijinta
麻利	mali
麻吉	maji
麻城市	machengshi
麻将馆	majiangguan
麻州	mazhou
麻木不仁	mamuburen
麻油	mayou
麻生	masheng
麻生太郎	mashengtailang
麻省理工学院	mashengligongxueyuan
麻豆	madou
麻醉药	mazuiyao
麻风	mafeng
麻黄	mahuang
黄先生	huangxiansheng
黄克诚	huangkecheng
黄兴	huangxing
黄冈	huanggang
黄冈市	huanggangshi
黄历	huangli
黄埔	huangpu
黄大仙	huangdaxian
黄安	huangan
黄宗羲	huangzongxi
黄山市	huangshanshi
黄岩岛	huangyandao
黄文	huangwen
黄杨	huangyang
黄果树	huangguoshu
黄梅	huangmei
黄梅县	huangmeixian
黄梅戏	huangmeixi
黄泥	huangni
黄浦	huangpu
黄浦区	huangpuqu
黄浦江	huangpujiang
黄淮	huanghuai
黄热病	huangrebing
黄玉	huangyu
黄石公园	huangshigongyuan
黄祸	huanghuo
黄继光	huangjiguang
黄脸婆	huanglianpo
黄芩	huangqin
黄菊	huangju
黄褐色	huanghese
黄金周	huangjinzhou
黄金城	huangjincheng
黄金海岸	huangjinhaian
黄鱼	huangyu
黄麻	huangma
黄龙	huanglong
黎元洪	liyuanhong
黎凡特	lifante
黎明前	limingqian
黎智英	lizhiying
黎民	limin
黏在	nianzai
黑与白	heiyubai
黑丝	heisi
黑塞哥维那	heisaigeweina
黑头发	heitoufa
黑客攻击	heikegongji
黑岩	heiyan
黑恶势力	heieshili
黑星	heixing
黑暗世界	heianshijie
黑木耳	heimuer
黑格	heige
黑河市	heiheshi
黑灯瞎火	heidengxiahuo
黑烟	heiyan
黑狗	heigou
黑玫瑰	heimeigui
黑珍珠	heizhenzhu
黑皮	heipi
黑眼	heiyan
黑纱	heisha
黑老大	heilaoda
黑脸	heilian
黑色星期	heisexingqi
黑衣服	heiyifu
黑袍	heipao
黑褐色	heihese
黑雾	heiwu
黑面	heimian
黑麦	heimai
黑龙江省	heilongjiangsheng
黔东南	qiandongnan
黔江	qianjiang
默想	moxiang
默然	moran
默里	moli
黛比	daibi
黟县	yixian
鼎立	dingli
鼓乐	guyue
鼓舞人心	guwurenxin
鼓风机	gufengji
鼓鼓的	gugude
鼠类	shulei
鼻息	bixi
鼻酸	bisuan
齐力	qili
齐唱	qichang
齐备	qibei
齐奥塞斯库	qiaosaisiku
齐家	qijia
齐心合力	qixinheli
齐集	qiji
齐鲁	qilu
齐齐哈尔	qiqihaer
齐齐哈尔市	qiqihaershi
齿轮箱	chilunxiang
龙之介	longzhijie
龙井	longjing
龙华	longhua
龙卷	longjuan
龙口	longkou
龙尾	longwei
龙山	longshan
龙山县	longshanxian
龙岗	longgang
龙岗区	longgangqu
龙岩市	longyanshi
龙川	longchuan
龙川县	longchuanxian
龙州	longzhou
龙应台	longyingtai
龙形	longxing
龙江	longjiang
龙泉	longquan
龙洞	longdong
龙海	longhai
龙港	longgang
龙游	longyou
龙湖	longhu
龙湾	longwan
龙潭	longtan
龙王庙	longwangmiao
龙胆	longdan
龙脉	longmai
龙腾	longteng
龙舟	longzhou
龙船	longchuan
龙芯	longxin
龙虎	longhu
龙飞	longfei
龟儿子	guierzi
龟甲	guijia
龟缩	guisuo
